Year,Month,Day,Weekend?,Hour,Collision Type,Injury Type,Primary Factor,Reported_Location,Latitude,Longitude
2015,1,4,Weekday,1700,2-Car,functional,FOLLOWING TOO CLOSELY,2ND & PATTERSON,39.16074984,-86.54850997
2015,1,4,Weekday,1500,2-Car,No injury,DISREGARD SIGNAL/REG SIGN,ROGERS & W 1ST,39.159504,-86.538592
2015,1,4,Weekday,1700,2-Car,,OTHER (DRIVER) - EXPLAIN IN NARRATIVE,SR 45,39.125312,-86.610496
2015,1,4,Weekday,1200,2-Car,No injury,FOLLOWING TOO CLOSELY,GRIMES & WALNUT,39.15344,-86.5336
2015,1,3,Weekday,1300,1-Car,No injury,OTHER (DRIVER) - EXPLAIN IN NARRATIVE,S ADAMS,39.164544,-86.552192
2015,1,5,Weekday,1200,3+ Cars,non-funcitonal,DRIVER DISTRACTED - EXPLAIN IN NARRATIVE,FAIRFAX & OLD STATE ROAD 37,39.10725988,-86.53149001
2015,1,5,Weekday,1500,2-Car,No injury,FAILURE TO YIELD RIGHT OF WAY,CURRY & THIRD,0,0
2015,1,5,Weekday,1500,2-Car,No injury,UNSAFE BACKING,N KINSER,39.20304,-86.547392
2015,1,5,Weekday,1600,3+ Cars,No injury,FOLLOWING TOO CLOSELY,2ND & ROGERS,39.17197385,-86.53867028
2015,1,2,Weekday,2300,1-Car,No injury,UNSAFE LANE MOVEMENT,EAST 17TH,39.17906597,-86.52582384
2015,1,5,Weekday,1500,2-Car,No injury,FOLLOWING TOO CLOSELY,E 3RD & S WOODCREST,39.164272,-86.502416
2015,1,5,Weekday,1000,2-Car,functional,ACCELERATOR FAILURE OR DEFECTIVE,N WALNUT & SR46W,39.186368,-86.5344
2015,1,4,Weekday,500,1-Car,functional,RAN OFF ROAD RIGHT,DUNN & OLD STATE ROAD 37,39.208048,-86.528704
2015,1,5,Weekday,1000,2-Car,functional,UNSAFE BACKING,N WALNUT & SR46W,39.18636592,-86.53404709
2015,1,6,Weekday,1100,2-Car,No injury,LEFT OF CENTER,E 10TH & N WOODBRIDGE,39.17154975,-86.49086996
2015,1,6,Weekday,1200,2-Car,No injury,FAILURE TO YIELD RIGHT OF WAY,GATES,39.16825801,-86.5763399
2015,1,6,Weekday,1200,2-Car,No injury,FAILURE TO YIELD RIGHT OF WAY,MILLER & WALNUT,39.14828415,-86.5329291
2015,1,6,Weekday,1100,2-Car,No injury,FAILURE TO YIELD RIGHT OF WAY,ROGERS & SARE,39.13584,-86.496288
2015,1,6,Weekday,1700,2-Car,No injury,UNSAFE LANE MOVEMENT,3RD & COLLEGE MALL,39.16424,-86.4984
2015,1,6,Weekday,1400,2-Car,non-funcitonal,FAILURE TO YIELD RIGHT OF WAY,S CURRY & W 3RD,39.16093865,-86.58292002
2015,1,6,Weekday,1700,2-Car,No injury,FOLLOWING TOO CLOSELY,3RD & CORY,39.164544,-86.560096
2015,1,6,Weekday,1600,2-Car,No injury,FAILURE TO YIELD RIGHT OF WAY,JACOB & SUSAN,39.17026028,-86.57266996
2015,1,6,Weekday,1600,3+ Cars,non-funcitonal,DISREGARD SIGNAL/REG SIGN,EAST 17TH & SR46,39.17979888,-86.50723113
2015,1,6,Weekday,1700,2-Car,non-funcitonal,DISREGARD SIGNAL/REG SIGN,E 3RD & N SMITH,39.16424,-86.480688
2015,1,6,Weekday,1500,3+ Cars,functional,FOLLOWING TOO CLOSELY,E EASTGATE & SR46S,39.17007363,-86.50130881
2015,1,6,Weekend,1900,2-Car,No injury,OTHER (DRIVER) - EXPLAIN IN NARRATIVE,E HILLSIDE & GRANT,39.15031738,-86.53008584
2015,1,7,Weekend,400,1-Car,No injury,OTHER (DRIVER) - EXPLAIN IN NARRATIVE,W GOURLEY,39.185232,-86.54060206
2015,1,3,Weekday,500,1-Car,No injury,SPEED TOO FAST FOR WEATHER CONDITIONS,E ROBINSON,39.25177383,-86.47724151
2015,1,7,Weekend,1300,3+ Cars,No injury,FOLLOWING TOO CLOSELY,EASTGATE & SR46E,39.17024,-86.501392
2015,1,7,Weekend,1300,2-Car,non-funcitonal,FAILURE TO YIELD RIGHT OF WAY,S PATTERSON & W 2ND,39.16074984,-86.54850997
2015,1,2,Weekday,1300,Bus,No injury,OTHER (DRIVER) - EXPLAIN IN NARRATIVE,CLARIZZ & COVENANTER,39.15246986,-86.49053723
2015,2,4,Weekday,1300,2-Car,No injury,FAILURE TO YIELD RIGHT OF WAY,3RD & CURRY,0,0
2015,2,4,Weekday,1400,2-Car,No injury,OTHER (DRIVER) - EXPLAIN IN NARRATIVE,EAST 7TH,39.168752,-86.5436
2015,2,4,Weekday,1800,1-Car,No injury,UNSAFE BACKING,E 10TH,39.17157747,-86.51808392
2015,2,4,Weekday,1400,3+ Cars,No injury,OTHER (DRIVER) - EXPLAIN IN NARRATIVE,EAST 14TH & NORTH WASHINGTON,39.175968,-86.532288
2015,2,4,Weekday,1700,2-Car,non-funcitonal,LEFT OF CENTER,N OLD STATE RD 37 & NORTH DUNN,39.208048,-86.528704
2015,2,4,Weekday,2000,2-Car,No injury,SPEED TOO FAST FOR WEATHER CONDITIONS,NORTH FEE,39.17800784,-86.51889301
2015,2,4,Weekday,2000,Bus,No injury,FAILURE TO YIELD RIGHT OF WAY,INDIANA & SIXTH,39.16751336,-86.5269452
2015,2,4,Weekday,1800,2-Car,No injury,SPEED TOO FAST FOR WEATHER CONDITIONS,17TH & COLLEGE,39.17923465,-86.53471898
2015,2,4,Weekday,2000,2-Car,No injury,OTHER (DRIVER) - EXPLAIN IN NARRATIVE,BLOOMFIELD & SR 37,0,0
2015,2,4,Weekday,1900,1-Car,No injury,SPEED TOO FAST FOR WEATHER CONDITIONS,S COLLEGE,39.16387853,-86.53482318
2015,2,4,Weekday,2100,1-Car,No injury,ROADWAY SURFACE CONDITION,ATWATER & JORDAN,39.16304983,-86.51638984
2015,2,4,Weekday,2300,1-Car,No injury,SPEED TOO FAST FOR WEATHER CONDITIONS,10TH & BARRINGTON,39.17166978,-86.48929014
2015,2,4,Weekday,1900,1-Car,No injury,RAN OFF ROAD RIGHT,STONE MILL & WHISNAND,39.22464,-86.539392
2015,2,5,Weekday,700,2-Car,No injury,ROADWAY SURFACE CONDITION,LANDMARK & W 3RD,39.16442983,-86.55630983
2015,2,5,Weekday,800,1-Car,No injury,SPEED TOO FAST FOR WEATHER CONDITIONS,SPARKS & SR37,39.31408333,-85.48831667
2015,2,5,Weekday,1100,2-Car,No injury,IMPROPER TURNING,3RD & SOUTH COLLEGE,39.16464,-86.534816
2015,2,5,Weekday,1200,2-Car,No injury,IMPROPER PASSING,3RD & S LINCOLN,39.16464,-86.531024
2015,2,4,Weekday,2100,1-Car,No injury,SPEED TOO FAST FOR WEATHER CONDITIONS,EAST ROGERS & SOUTH SMITH,39.13584,-86.480496
2015,2,4,Weekday,1900,2-Car,No injury,LEFT OF CENTER,N CROSSOVER & SR37N,39.29414449,-86.51947021
2015,2,4,Weekday,2000,1-Car,No injury,RAN OFF ROAD RIGHT,SR37N & W BURMA,39.31173574,-86.51283861
2015,2,4,Weekday,1000,2-Car,No injury,OTHER (DRIVER) - EXPLAIN IN NARRATIVE,SOUTH WALNUT,39.14213562,-86.52915191
2015,2,5,Weekday,2000,1-Car,No injury,RAN OFF ROAD RIGHT,COLLEGE & DODDS,39.157568,-86.534896
2015,2,5,Weekday,1600,2-Car,No injury,FOLLOWING TOO CLOSELY,E 3RD & S WALNUT,39.16464,-86.5336
2015,2,5,Weekday,2200,2-Car,No injury,FAILURE TO YIELD RIGHT OF WAY,3RD & WALNUT,39.16464,-86.5336
2015,2,5,Weekday,2300,2-Car,non-funcitonal,IMPROPER TURNING,E VARSITY,39.183605,-86.530387
2015,2,5,Weekday,2300,3+ Cars,non-funcitonal,LEFT OF CENTER,EAST 20TH & NORTH LINCOLN,39.181744,-86.530192
2015,2,5,Weekday,2300,2-Car,No injury,FOLLOWING TOO CLOSELY,E 3RD & S INDIANA,39.164448,-86.5268
2015,2,5,Weekday,600,1-Car,No injury,RAN OFF ROAD RIGHT,N WAYPORT & SR37N,39.26274948,-86.52262902
2015,2,5,Weekday,700,2-Car,No injury,FOLLOWING TOO CLOSELY,N WAYPORT & SR37N,39.26220126,-86.52261598
2015,2,5,Weekday,800,2-Car,No injury,SPEED TOO FAST FOR WEATHER CONDITIONS,CROSSOVER & SR37N,39.03417863,-86.51947021
2015,2,5,Weekday,900,1-Car,No injury,OVERCORRECTING/OVERSTEERING,FENCELINE & REAVES,0,0
2015,2,5,Weekday,700,2-Car,No injury,RAN OFF ROAD RIGHT,SIMPSON CHAPEL & SR37N,39.28310542,-86.52179929
2015,2,6,Weekday,900,1-Car,No injury,RAN OFF ROAD RIGHT,GILMORE & REEVES,39.23164485,-86.67094287
2015,2,6,Weekday,1200,2-Car,No injury,UNSAFE BACKING,COLLEGE & W 6TH,39.167648,-86.534784
2015,2,5,Weekday,2000,2-Car,No injury,UNSAFE LANE MOVEMENT,ATWATER & HENDERSON,39.163344,-86.5272
2015,2,6,Weekday,1600,3+ Cars,No injury,FOLLOWING TOO CLOSELY,ATWATER & PARK,39.1631179,-86.52403492
2015,2,6,Weekday,1600,2-Car,No injury,UNSAFE BACKING,EAST 17TH,39.17906329,-86.5209221
2015,2,6,Weekday,1700,1-Car,No injury,UNSAFE BACKING,S FAIRFAX,39.03407288,-86.4906311
2015,2,6,Weekday,1600,3+ Cars,non-funcitonal,FOLLOWING TOO CLOSELY,FULLERTON & SR37S,39.18558944,-86.57353973
2015,2,6,Weekday,1700,2-Car,No injury,LEFT OF CENTER,BOLTINGHOUSE & EARL YOUNG,39.23031025,-86.4732658
2015,2,5,Weekday,800,2-Car,No injury,FAILURE TO YIELD RIGHT OF WAY,N CURRY & W VERNAL,39.179248,-86.5832
2015,2,5,Weekday,1300,2-Car,No injury,UNSAFE BACKING,W SIERRA,39.15266671,-86.58359594
2015,2,7,Weekend,1000,2-Car,No injury,FOLLOWING TOO CLOSELY,MCARTNEY & SARE,39.15540218,-86.49749971
2015,2,7,Weekend,900,2-Car,No injury,IMPROPER TURNING,HIGHLAND & THIRD,39.16426229,-86.51775641
2015,2,5,Weekday,2100,2-Car,No injury,SPEED TOO FAST FOR WEATHER CONDITIONS,BOTTOM & SR37,39.3824478,-86.55792236
2015,2,7,Weekend,1500,2-Car,No injury,FAILURE TO YIELD RIGHT OF WAY,COLLEGE MALL & COVENANTER,0,0
2015,2,7,Weekend,1700,2-Car,No injury,FAILURE TO YIELD RIGHT OF WAY,8TH & GRANT,39.169552,-86.529696
2015,2,7,Weekend,1700,2-Car,functional,DISREGARD SIGNAL/REG SIGN,2ND & PATTERSON,39.16074984,-86.54850997
2015,2,7,Weekend,1300,2-Car,No injury,FOLLOWING TOO CLOSELY,WALNUT & WINSLOW,39.136144,-86.528688
2015,2,7,Weekend,200,2-Car,No injury,UNSAFE BACKING,N FAIRVIEW & W 12TH,39.174192,-86.541072
2015,2,7,Weekend,200,2-Car,No injury,RAN OFF ROAD RIGHT,E 14TH,39.17619886,-86.52693714
2015,2,7,Weekend,2100,3+ Cars,non-funcitonal,LEFT OF CENTER,SR46W & STINESVILLE,39.26696063,-86.66582979
2015,2,5,Weekday,900,1-Car,non-funcitonal,SPEED TOO FAST FOR WEATHER CONDITIONS,ELLIS & SR37,39.14066572,-86.53289794
2015,2,1,Weekend,1800,2-Car,functional,IMPROPER TURNING,COLLEGE MALL & MOORES,39.15058524,-86.4979936
2015,2,1,Weekday,2000,2-Car,functional,FOLLOWING TOO CLOSELY,N WALNUT & SR46E,39.186368,-86.5344
2015,2,6,Weekend,2000,2-Car,No injury,UNSAFE SPEED,ACUFF & SR37,39.20840935,-86.55361584
2015,2,7,Weekend,2300,2-Car,No injury,ANIMAL/OBJECT IN ROADWAY,EMPIRE MILL & SOUTH OLD STATE ROAD 37,39.08624,-86.542
2015,2,7,Weekend,500,1-Car,No injury,RAN OFF ROAD RIGHT,LEONARD SPRINGS & SR45W,39.14190066,-86.5828886
2015,2,1,Weekend,300,1-Car,No injury,RAN OFF ROAD RIGHT,S SNOODY,39.1216774,-86.48906707
2015,2,1,Weekday,2300,1-Car,No injury,RAN OFF ROAD RIGHT,CLUB HOUSE & SR37N,0,0
2015,2,2,Weekday,700,1-Car,No injury,DRIVER DISTRACTED - EXPLAIN IN NARRATIVE,310 E ATWATER (GARAGE) & ATWATER,39.164448,-86.528096
2015,2,2,Weekday,1200,1-Car,non-funcitonal,RAN OFF ROAD RIGHT,N DUNN & N OLD ST RD 37,39.20801975,-86.52873726
2015,2,2,Weekday,1600,3+ Cars,functional,FOLLOWING TOO CLOSELY,S WESTPLEX & W 3RD,39.16440971,-86.55390333
2015,2,2,Weekday,1800,2-Car,No injury,FAILURE TO YIELD RIGHT OF WAY,8TH & WALDRON,39.169616,-86.5436
2015,2,4,Weekday,2000,2-Car,No injury,ROADWAY SURFACE CONDITION,S FIELDSTONE & W COBBLE STONE,39.16040987,-86.60478003
2015,2,2,Weekday,2200,1-Car,No injury,RAN OFF ROAD RIGHT,E RHORER & S SARE,39.12144005,-86.51157997
2015,2,3,Weekday,1000,1-Car,No injury,INSECURE/LEAKY LOAD,FLUCK MILL & VICTOR,39.07377988,-86.57107003
2015,2,3,Weekday,1700,2-Car,No injury,FAILURE TO YIELD RIGHT OF WAY,WALNUT & WALNUT STREET,39.107344,-86.5264
2015,2,3,Weekday,1500,Bus,non-funcitonal,DRIVER ILLNESS,BURKS,39.15584,-86.506496
2015,2,3,Weekday,1500,Pedestrian,non-funcitonal,IMPROPER TURNING,DUNN & KIRKWOOD,39.16664,-86.528192
2015,2,3,Weekday,2000,Pedestrian,functional,PEDESTRIAN ACTION,HILLSIDE & WALNUT,39.150544,-86.5336
2015,2,4,Weekday,0,1-Car,functional,ANIMAL/OBJECT IN ROADWAY,N LITTLE WOLF MOUNTAIN & N WOLF MOUNTAIN,39.30224,-86.663808
2015,2,4,Weekday,600,2-Car,No injury,UNSAFE LANE MOVEMENT,SR37S & VERNAL,39.20835355,-86.56252288
2015,2,3,Weekday,1400,2-Car,No injury,UNSAFE BACKING,EAST KIRKWOOD,39.16677127,-86.54552653
2015,2,1,Weekday,1900,3+ Cars,non-funcitonal,LEFT OF CENTER,SEWELL & SR46,39.15171874,-86.38255516
2015,2,4,Weekday,1200,2-Car,No injury,UNSAFE BACKING,7TH & MORTON,0,0
2015,2,4,Weekday,1200,2-Car,No injury,FOLLOWING TOO CLOSELY,E GRIMES & S WALNUT,39.15344,-86.5336
2015,2,4,Weekday,1500,2-Car,No injury,UNSAFE LANE MOVEMENT,E 3RD & S BALLANTINE,39.16424,-86.518992
2015,2,4,Weekday,1700,2-Car,No injury,UNSAFE SPEED,SR37 & VERNAL,39.17543601,-86.56396724
2015,2,4,Weekday,1700,1-Car,No injury,RAN OFF ROAD RIGHT,N MT TABOR & W BARR,0,0
2015,2,2,Weekday,800,2-Car,No injury,OTHER (VEHICLE) - EXPLAIN IN NARRATIVE,3RD,39.164848,-86.57602133
2015,2,6,Weekday,1200,2-Car,No injury,UNSAFE BACKING,115 N GLENWOOD AVE W & LONGVIEW,39.167248,-86.484192
2015,2,5,Weekday,800,1-Car,No injury,UNSAFE BACKING,2602 S SOUTHERN PINES & SOUTHERN RIDGE,39.13934716,-86.54755656
2015,2,5,Weekday,900,1-Car,No injury,ROADWAY SURFACE CONDITION,S OLD SR 37 & SR37,39.04018419,-86.54416009
2015,2,5,Weekday,1100,2-Car,No injury,FAILURE TO YIELD RIGHT OF WAY,N MONROE & SR4546W,39.186944,-86.5468
2015,2,5,Weekday,1200,2-Car,No injury,UNSAFE BACKING,KIRKWOOD & WALNUT,39.16664,-86.5336
2015,2,5,Weekday,1400,2-Car,non-funcitonal,FOLLOWING TOO CLOSELY,10TH & UNION,39.171472,-86.509376
2015,2,5,Weekday,1700,2-Car,No injury,FOLLOWING TOO CLOSELY,SR37N & W VERNAL,39.17599001,-86.56318363
2015,2,5,Weekday,1800,2-Car,No injury,FOLLOWING TOO CLOSELY,S CURRY & W 3RD,39.16463971,-86.58292002
2015,2,5,Weekday,1800,2-Car,No injury,IMPROPER PASSING,14TH & LINDBERGH,39.176048,-86.552592
2015,2,4,Weekday,1400,2-Car,No injury,FAILURE TO YIELD RIGHT OF WAY,SMITH & SR46W,39.210144,-86.5832
2015,2,5,Weekday,2000,Pedestrian,functional,OTHER (DRIVER) - EXPLAIN IN NARRATIVE,E THIRD,39.0803299,-86.51473999
2015,2,5,Weekday,2200,2-Car,No injury,OTHER (DRIVER) - EXPLAIN IN NARRATIVE,WALNUT,39.165648,-86.5336
2015,2,5,Weekday,2200,Cyclist,No injury,FAILURE TO YIELD RIGHT OF WAY,WINSLOW,39.136144,-86.523744
2015,2,5,Weekday,2100,1-Car,functional,RAN OFF ROAD RIGHT,2 ND & FAIRFAX,39.082166,-86.5157979
2015,2,6,Weekday,400,2-Car,No injury,OTHER (DRIVER) - EXPLAIN IN NARRATIVE,NORTH MADISON & WEST 17TH,39.178992,-86.537792
2015,2,5,Weekday,700,2-Car,No injury,UNSAFE BACKING,RHORER & WALNUT STREET,39.12144,-86.526496
2015,2,5,Weekday,700,1-Car,non-funcitonal,RAN OFF ROAD RIGHT,CHAMBERS & SR37S,39.30432,-86.5168
2015,2,6,Weekday,800,1-Car,No injury,VIEW OBSTRUCTED,6TH & ELM,39.167712,-86.5452
2015,2,6,Weekday,700,2-Car,No injury,FOLLOWING TOO CLOSELY,SR4546 & TENTH,39.176848,-86.478192
2015,2,5,Weekday,800,2-Car,No injury,FAILURE TO YIELD RIGHT OF WAY,SR46W & UNION VALLEY,39.21328558,-86.59020994
2015,2,5,Weekday,1300,2-Car,No injury,UNSAFE BACKING,N MADISON & W 6TH,39.167664,-86.537296
2015,2,6,Weekday,1100,2-Car,functional,DISREGARD SIGNAL/REG SIGN,N OLD ST RD 37 & N WALNUT,39.18336019,-86.53415009
2015,2,6,Weekday,1100,2-Car,No injury,FAILURE TO YIELD RIGHT OF WAY,N MADISON & W 17TH,39.178992,-86.537792
2015,2,6,Weekday,1200,2-Car,No injury,FAILURE TO YIELD RIGHT OF WAY,SOUTH WALNUT,39.154352,-86.5336
2015,2,5,Weekday,1200,2-Car,No injury,IMPROPER TURNING,13TH (PARKING LOT & FEE,0,0
2015,2,6,Weekday,1400,2-Car,No injury,FOLLOWING TOO CLOSELY,EAST 3RD & SOUTH JEFFERSON,39.164304,-86.506992
2015,2,6,Weekday,1800,3+ Cars,functional,FOLLOWING TOO CLOSELY,THIRD & WALNUT,39.08217966,-85.81297853
2015,2,6,Weekday,1700,2-Car,No injury,FOLLOWING TOO CLOSELY,N CURRY & SR46W,39.19377136,-86.57120616
2015,2,6,Weekday,1800,3+ Cars,No injury,FOLLOWING TOO CLOSELY,N SMITH & SR46W,39.210144,-86.5832
2015,2,4,Weekday,1800,1-Car,functional,UNSAFE SPEED,EAST DILLMAN & SOUTH FAIRFAX,39.09264,-86.51672
2015,2,6,Weekday,300,2-Car,No injury,OVERCORRECTING/OVERSTEERING,E 2ND & S WASHINGTON,39.16144,-86.5324
2015,2,5,Weekday,1500,2-Car,No injury,DRIVER DISTRACTED - EXPLAIN IN NARRATIVE,SR37N & VERNAL,39.17617467,-86.56292242
2015,2,6,Weekend,2100,2-Car,No injury,FAILURE TO YIELD RIGHT OF WAY,SR45 & WALNUT,39.186368,-86.5344
2015,2,6,Weekend,2200,1-Car,functional,OTHER (DRIVER) - EXPLAIN IN NARRATIVE,S COLLEGE,39.16115717,-86.53485253
2015,2,7,Weekend,400,2-Car,No injury,OTHER (DRIVER) - EXPLAIN IN NARRATIVE,S LIBERTY,39.189248,-86.531472
2015,2,7,Weekend,800,2-Car,No injury,IMPROPER TURNING,4TH & COLLEGE,39.165664,-86.5348
2015,2,4,Weekday,2200,1-Car,functional,ROADWAY SURFACE CONDITION,LOUDEN & RATLIFF,39.21657228,-86.63986124
2015,2,7,Weekend,1400,2-Car,No injury,ANIMAL/OBJECT IN ROADWAY,17 & SR4546N,0,0
2015,2,7,Weekend,1700,2-Car,No injury,UNSAFE BACKING,S COLLEGE,39.17088686,-86.534768
2015,2,7,Weekend,1600,2-Car,No injury,DISREGARD SIGNAL/REG SIGN,W STATE ROAD 45,39.125312,-86.610496
2015,2,5,Weekday,1600,2-Car,No injury,FOLLOWING TOO CLOSELY,SR37S & TAPP,39.13704,-86.572896
2015,2,7,Weekend,2000,1-Car,No injury,ANIMAL/OBJECT IN ROADWAY,CURRY & SR46W,39.15835953,-86.58256264
2015,2,1,Weekend,1200,2-Car,No injury,FAILURE TO YIELD RIGHT OF WAY,SO WESTPLEX & W 3RD,39.16440971,-86.55389986
2015,2,1,Weekend,700,2-Car,functional,DISREGARD SIGNAL/REG SIGN,COLLEGE & KIRKWOOD,39.16664,-86.5348
2015,2,1,Weekend,1600,2-Car,No injury,UNSAFE BACKING,E KIRKWOOD,39.16664,-86.53096555
2015,2,1,Weekend,1800,2-Car,No injury,IMPROPER PASSING,3RD & FESS,39.16444271,-86.52561573
2015,2,1,Weekday,2100,2-Car,No injury,FOLLOWING TOO CLOSELY,OLD SR 37 & WALNUT,39.20429773,-86.53489235
2015,2,1,Weekend,200,2-Car,No injury,RAN OFF ROAD RIGHT,E 3RD,39.164544,-86.55236237
2015,2,2,Weekday,800,2-Car,No injury,FAILURE TO YIELD RIGHT OF WAY,E MILLER & S COVEY,39.146976,-86.516192
2015,2,2,Weekday,900,2-Car,No injury,FAILURE TO YIELD RIGHT OF WAY,2ND & WASHINGTON,39.16144,-86.5324
2015,2,2,Weekday,1000,2-Car,No injury,ROADWAY SURFACE CONDITION,E 3RD & PETE ELLIS,39.16424,-86.495088
2015,2,2,Weekday,1000,1-Car,No injury,RAN OFF ROAD RIGHT,RHORER & SARE,39.12989028,-86.51157997
2015,2,2,Weekday,800,2-Car,No injury,FOLLOWING TOO CLOSELY,BUICK CADILLAC & COLLEGE MALL,0,0
2015,2,2,Weekday,1000,2-Car,No injury,SPEED TOO FAST FOR WEATHER CONDITIONS,45 46 & WALNUT,38.475955,-86.541435
2015,2,2,Weekday,1100,2-Car,No injury,SPEED TOO FAST FOR WEATHER CONDITIONS,3RD & LIBERTY,39.16461021,-86.57912141
2015,2,2,Weekday,1000,1-Car,No injury,SPEED TOO FAST FOR WEATHER CONDITIONS,MATLOCK & SR46W,39.18504585,-86.51656815
2015,2,2,Weekday,1200,1-Car,No injury,RAN OFF ROAD RIGHT,CLARIIZZ & GOODNIGHT,0,0
2015,2,2,Weekday,1200,2-Car,No injury,FAILURE TO YIELD RIGHT OF WAY,1600 W BLOOMFIELD & W BLOOMFIELD,0,0
2015,2,2,Weekday,1200,Bus,No injury,ROADWAY SURFACE CONDITION,455 N COLLEGE & 9TH,39.170544,-86.534768
2015,2,2,Weekday,1200,1-Car,No injury,SPEED TOO FAST FOR WEATHER CONDITIONS,SR37N & WAYPORT,39.26167132,-86.52280192
2015,2,2,Weekday,1500,2-Car,No injury,FOLLOWING TOO CLOSELY,MARTHA & SR46E,39.18635409,-86.53204891
2015,2,2,Weekday,1400,2-Car,functional,SPEED TOO FAST FOR WEATHER CONDITIONS,3RD & GATES,39.16459009,-86.57619975
2015,2,2,Weekday,1600,2-Car,No injury,SPEED TOO FAST FOR WEATHER CONDITIONS,6TH & DUNN,39.167728,-86.528208
2015,2,2,Weekday,1700,3+ Cars,No injury,FOLLOWING TOO CLOSELY,S COLLEGE & W 4TH,39.165664,-86.5348
2015,2,1,Weekday,2000,2-Car,No injury,DISREGARD SIGNAL/REG SIGN,SR45S & WALMART,0,0
2015,2,2,Weekday,1600,2-Car,No injury,FOLLOWING TOO CLOSELY,E KIRKWOOD & S DUNN,39.16664,-86.528192
2015,2,2,Weekday,1600,2-Car,No injury,UNSAFE SPEED,INDUSTRIAL & SR45W,39.143552,-86.580528
2015,2,2,Weekday,2000,2-Car,No injury,RAN OFF ROAD RIGHT,N BOTTOM & SR37N,39.3824478,-86.55792236
2015,2,2,Weekday,1400,1-Car,No injury,RAN OFF ROAD RIGHT,VILLAGE & W MIDDLE,39.159168,-86.583888
2015,2,2,Weekday,1600,2-Car,non-funcitonal,SPEED TOO FAST FOR WEATHER CONDITIONS,MCNEELY & UNION VALLEY,39.1135481,-86.59277114
2015,2,2,Weekday,1800,1-Car,No injury,SPEED TOO FAST FOR WEATHER CONDITIONS,AIRPORT & SR45W,39.13724902,-86.59312023
2015,1,3,Weekday,2200,2-Car,No injury,FOLLOWING TOO CLOSELY,8TH & ROOSEVELT,39.16952,-86.505968
2015,2,1,Weekday,2300,1-Car,No injury,OTHER (DRIVER) - EXPLAIN IN NARRATIVE,DUVALL,39.07711411,-86.62055969
2015,2,2,Weekday,1300,2-Car,No injury,SPEED TOO FAST FOR WEATHER CONDITIONS,3RD & SMITH,39.16424,-86.480688
2015,2,2,Weekday,1200,1-Car,No injury,RAN OFF ROAD RIGHT,W ALLEN & W BLOOMFIELD,39.156144,-86.561296
2015,2,2,Weekday,900,Bus,No injury,UNSAFE BACKING,1001 EAST 17TH (BLUE LOT) & 17TH,39.20021998,-86.5209221
2015,2,2,Weekday,1100,2-Car,No injury,FAILURE TO YIELD RIGHT OF WAY,ENT TO SAMS & SR45W,0,0
2015,2,3,Weekday,1000,2-Car,No injury,FAILURE TO YIELD RIGHT OF WAY,W 3RD,39.16424,-86.48434743
2015,2,2,Weekday,900,2-Car,functional,SPEED TOO FAST FOR WEATHER CONDITIONS,10TH & FEE,39.1715904,-86.51957008
2015,2,2,Weekday,1300,2-Car,non-funcitonal,FAILURE TO YIELD RIGHT OF WAY,ALLEN & BLOOMFIELD,39.15612973,-86.56139999
2015,2,3,Weekday,1200,2-Car,No injury,UNSAFE BACKING,3RD & HAWTHORNE,39.21712186,-86.52008995
2015,2,3,Weekday,1700,2-Car,No injury,FAILURE TO YIELD RIGHT OF WAY,E 3RD & S GRANT,39.16464,-86.529728
2015,2,3,Weekday,1000,2-Car,No injury,OTHER (DRIVER) - EXPLAIN IN NARRATIVE,NORTH MORTON,39.164672,-86.536192
2015,2,3,Weekday,1600,2-Car,functional,UNSAFE BACKING,E LAW & N UNION,39.17215009,-86.50939602
2015,2,3,Weekday,1900,2-Car,functional,FAILURE TO YIELD RIGHT OF WAY,3RD & INDIANA,39.164448,-86.5268
2015,2,4,Weekday,200,1-Car,No injury,SPEED TOO FAST FOR WEATHER CONDITIONS,18TH & DUNN,39.18021467,-86.5284
2015,2,4,Weekday,500,1-Car,No injury,OVERCORRECTING/OVERSTEERING,HEDRICK & SR46W,39.27775955,-86.67736536
2015,2,4,Weekday,900,2-Car,No injury,UNSAFE BACKING,ODELL,39.1264008,-86.52882926
2015,2,4,Weekday,900,1-Car,No injury,OTHER (DRIVER) - EXPLAIN IN NARRATIVE,E 11TH & WALNUT,39.17344,-86.520944
2015,2,4,Weekday,1000,1-Car,No injury,SPEED TOO FAST FOR WEATHER CONDITIONS,E 9TH & N LINCOLN,39.170544,-86.530992
2015,2,4,Weekday,900,1-Car,No injury,RAN OFF ROAD RIGHT,E ATWATER & S ARBUTUS,39.16838714,-86.51218011
2015,2,4,Weekday,700,2-Car,No injury,UNSAFE BACKING,N GRANT,39.17344,-86.529696
2015,2,4,Weekday,1200,1-Car,No injury,RAN OFF ROAD RIGHT,SR37N & W 2ND,39.20370561,-86.53729248
2015,2,3,Weekday,1300,2-Car,No injury,IMPROPER TURNING,13TH & 709 N FEE (PARKING GARAGE),39.175152,-86.518992
2015,2,4,Weekday,1600,2-Car,No injury,UNSAFE LANE MOVEMENT,SR446S & SR46E,39.135648,-86.462
2015,2,4,Weekday,1600,3+ Cars,No injury,FAILURE TO YIELD RIGHT OF WAY,CONSITUTION & CURRY,39.15127024,-86.58262029