Year,Month,Day,Weekend?,Hour,Collision Type,Injury Type,Primary Factor,Reported_Location,Latitude,Longitude
2015,2,4,Weekday,1500,2-Car,No injury,FOLLOWING TOO CLOSELY,S MULLER,39.16180998,-86.56743228
2015,2,4,Weekday,1600,2-Car,No injury,LEFT OF CENTER,LOST MANS & TREUSDALE,0,0
2015,2,4,Weekday,1900,2-Car,No injury,UNSAFE BACKING,COLLEGE & KIRKWOOD,39.16664,-86.5348
2015,2,4,Weekday,2000,3+ Cars,No injury,FOLLOWING TOO CLOSELY,BUICK CADILLAC & COLLEGE MALL,39.15816,-86.497792
2015,2,4,Weekday,1700,2-Car,No injury,FAILURE TO YIELD RIGHT OF WAY,RHORER & S WALNUT,39.12144,-86.526496
2015,2,5,Weekday,900,2-Car,No injury,FAILURE TO YIELD RIGHT OF WAY,N WALNUT & W 11TH,39.173248,-86.533488
2015,2,5,Weekday,1100,2-Car,No injury,UNSAFE LANE MOVEMENT,N WALNUT & SR4546W,39.186368,-86.5344
2015,2,5,Weekday,1100,2-Car,No injury,FAILURE TO YIELD RIGHT OF WAY,THIRTEENTH & WALNUT GROVE,39.17512767,-86.52103911
2015,2,5,Weekday,1100,2-Car,No injury,FOLLOWING TOO CLOSELY,S LIBERTY & W 3RD,39.16461021,-86.57910409
2015,2,5,Weekday,1600,2-Car,No injury,DISREGARD SIGNAL/REG SIGN,7TH & JORDAN,39.168944,-86.516016
2015,2,5,Weekday,1400,2-Car,No injury,FOLLOWING TOO CLOSELY,LIBERTY & PRIVATE DRIVE,0,0
2015,2,5,Weekday,1600,3+ Cars,No injury,UNSAFE LANE MOVEMENT,3RD & GRANT,39.16464,-86.529728
2015,2,4,Weekday,1800,2-Car,No injury,SPEED TOO FAST FOR WEATHER CONDITIONS,EAST THIRD,0,0
2015,2,5,Weekday,1700,2-Car,No injury,FAILURE TO YIELD RIGHT OF WAY,DIXIE & FAIRVIEW,39.156752,-86.540976
2015,2,5,Weekday,1800,2-Car,No injury,FOLLOWING TOO CLOSELY,46 & DUNN,0,0
2015,2,5,Weekday,1800,1-Car,No injury,RAN OFF ROAD RIGHT,LOST MANS & SHADOWOOD,0,0
2015,2,5,Weekday,400,1-Car,No injury,SPEED TOO FAST FOR WEATHER CONDITIONS,CHAPEL HILL & SR446S,39.02893231,-86.408064
2015,2,4,Weekday,400,1-Car,No injury,RAN OFF ROAD RIGHT,SR46E & TRAILWAY,39.16355934,-86.42589328
2015,2,6,Weekday,200,2-Car,functional,FAILURE TO YIELD RIGHT OF WAY,ST RD 46,39.1831654,-86.5114387
2015,2,6,Weekday,800,2-Car,No injury,UNSAFE BACKING,SOUTH COPPER BEACH,39.15565833,-86.57005816
2015,2,5,Weekday,400,2-Car,No injury,SPEED TOO FAST FOR WEATHER CONDITIONS,2ND & DUNN,39.15500584,-86.52841016
2015,2,6,Weekday,800,3+ Cars,No injury,FAILURE TO YIELD RIGHT OF WAY,N ROGERS & W 7TH,39.168704,-86.538576
2015,2,6,Weekday,1000,2-Car,No injury,OTHER (VEHICLE) - EXPLAIN IN NARRATIVE,S COLLEGE,39.16115717,-86.53485253
2015,2,5,Weekday,2000,2-Car,No injury,FAILURE TO YIELD RIGHT OF WAY,COLLEGE & KIRKWOOD,39.16664,-86.5348
2015,2,6,Weekday,1300,2-Car,No injury,FAILURE TO YIELD RIGHT OF WAY,E COTTAGE & WOODLAWN,0,0
2015,2,6,Weekday,1100,2-Car,No injury,FAILURE TO YIELD RIGHT OF WAY,OAK & SALE,39.232512,-86.626224
2015,2,6,Weekday,1400,2-Car,No injury,UNSAFE BACKING,S INDIANA,39.165648,-86.526848
2015,2,6,Weekday,1500,2-Car,No injury,FOLLOWING TOO CLOSELY,FULLERTON & SR37,39.122352,-86.5712
2015,2,6,Weekday,1600,2-Car,No injury,FAILURE TO YIELD RIGHT OF WAY,BARGE & S LEONARD SPRINGS,39.13579732,-86.582496
2015,2,6,Weekday,1800,2-Car,No injury,FOLLOWING TOO CLOSELY,N CURRY & W WOODYARD,39.190672,-86.582992
2015,2,5,Weekday,1400,2-Car,No injury,FAILURE TO YIELD RIGHT OF WAY,BROOKWOOD & HILLCREST,39.21400715,-86.60118534
2015,2,5,Weekday,2000,1-Car,functional,SPEED TOO FAST FOR WEATHER CONDITIONS,WEST ISON & WEST LEONARD SPRINGS,39.122352,-86.6056
2015,2,6,Weekday,1400,1-Car,non-funcitonal,RAN OFF ROAD RIGHT,EAST RAMP CREEK & SOUTH SHIELDS RIDGE,39.083024,-86.472912
2015,2,5,Weekday,1000,1-Car,No injury,RAN OFF ROAD RIGHT,SKIRVIN & SR45,39.22555741,-86.43851898
2015,2,7,Weekend,300,1-Car,No injury,RAN OFF ROAD RIGHT,DUNN & SR37W,39.18363953,-86.5283432
2015,2,5,Weekday,400,1-Car,No injury,ROADWAY SURFACE CONDITION,S ROCKPORT & SR37S,39.11732296,-86.56671395
2015,2,7,Weekend,300,2-Car,functional,SPEED TOO FAST FOR WEATHER CONDITIONS,10TH,39.17164802,-86.50386024
2015,2,7,Weekend,1000,2-Car,No injury,SPEED TOO FAST FOR WEATHER CONDITIONS,BLOOMFIELD & SR37N,39.2109486,-86.57295227
2015,2,7,Weekend,900,2-Car,No injury,FAILURE TO YIELD RIGHT OF WAY,N KINSER,39.18182568,-86.53778021
2015,2,7,Weekend,1200,2-Car,No injury,FAILURE TO YIELD RIGHT OF WAY,FORRESTER & OLCOTT,39.14021015,-86.49255976
2015,2,7,Weekend,1100,2-Car,No injury,OTHER (DRIVER) - EXPLAIN IN NARRATIVE,N ROGERS,39.165696,-86.538592
2015,2,7,Weekend,1400,2-Car,No injury,IMPROPER TURNING,E BURKS,39.15584,-86.506496
2015,2,1,Weekday,2100,2-Car,No injury,FOLLOWING TOO CLOSELY,ENDWRIGHT & SR46W,39.22402954,-86.61120295
2015,2,7,Weekend,1500,2-Car,No injury,UNSAFE BACKING,EAST 7TH,39.168752,-86.5436
2015,2,7,Weekend,2000,2-Car,No injury,CELL PHONE USAGE,ROCKPORT & W COUNTRY CLUB,39.136448,-86.548704
2015,2,7,Weekend,2100,1-Car,No injury,SPEED TOO FAST FOR WEATHER CONDITIONS,N JORDAN,39.16733692,-86.51619253
2015,2,7,Weekend,2100,2-Car,No injury,FOLLOWING TOO CLOSELY,10TH & SUNRISE,39.17157993,-86.51249715
2015,2,1,Weekend,400,1-Car,No injury,SPEED TOO FAST FOR WEATHER CONDITIONS,NORTH WALNUT,39.16893387,-86.53321838
2015,2,7,Weekend,100,2-Car,No injury,SPEED TOO FAST FOR WEATHER CONDITIONS,INDIANA & THIRD,39.16430652,-86.52691309
2015,2,7,Weekend,1200,1-Car,No injury,OTHER (DRIVER) - EXPLAIN IN NARRATIVE,N FAIRVIEW & W 11TH,39.173152,-86.5408
2015,2,6,Weekday,900,Bus,No injury,UNSAFE BACKING,GATES,39.16889705,-86.57647803
2015,2,1,Weekend,900,2-Car,No injury,SPEED TOO FAST FOR WEATHER CONDITIONS,SR45W,39.125312,-86.610496
2015,2,1,Weekend,1100,2-Car,No injury,FAILURE TO YIELD RIGHT OF WAY,2ND & LINCOLN,39.16144,-86.531056
2015,2,1,Weekend,1300,2-Car,functional,FAILURE TO YIELD RIGHT OF WAY,AUTO MALL & COVENANTER,39.1550532,-86.4960877
2015,2,7,Weekend,1600,1-Car,functional,ANIMAL/OBJECT IN ROADWAY,E BRYANTS CREEK & SR37N,39.334368,-86.5124
2015,2,7,Weekend,1300,1-Car,No injury,IMPROPER LANE USAGE,W VERNAL LOT 59,39.179248,-86.58292
2015,2,1,Weekend,1500,2-Car,No injury,DRIVER DISTRACTED - EXPLAIN IN NARRATIVE,RAMP 14,0,0
2015,2,1,Weekend,1500,1-Car,No injury,RAN OFF ROAD RIGHT,S HINDS & SR45W,39.099152,-86.652
2015,2,1,Weekend,1700,2-Car,No injury,FAILURE TO YIELD RIGHT OF WAY,KINSER & SR46W,39.186544,-86.537888
2015,2,1,Weekday,2000,2-Car,No injury,FAILURE TO YIELD RIGHT OF WAY,37 & 3RD,39.164752,-86.573104
2015,2,1,Weekend,100,1-Car,No injury,RAN OFF ROAD RIGHT,E BETHEL & N OLD SR 37,39.215344,-86.521392
2015,2,2,Weekday,700,1-Car,non-funcitonal,RAN OFF ROAD RIGHT,ARLINGTON & MAPLE GROVE,39.20235537,-86.55888157
2015,2,2,Weekday,800,Bus,No injury,IMPROPER PASSING,INDIANA & THIRD,39.16430652,-86.52691309
2015,2,2,Weekday,1100,2-Car,functional,FOLLOWING TOO CLOSELY,PATTERSON & ROGERS,39.15379018,-86.53875008
2015,2,2,Weekday,1100,2-Car,No injury,UNSAFE BACKING,N JACOB,39.16852154,-86.57362014
2015,2,2,Weekday,1000,2-Car,functional,FOLLOWING TOO CLOSELY,7TH & ROGERS,39.168704,-86.538576
2015,2,2,Weekday,1100,Bus,No injury,OTHER (DRIVER) - EXPLAIN IN NARRATIVE,3RD & INDIANA,39.164448,-86.5268
2015,3,2,Weekday,1800,1-Car,functional,RAN OFF ROAD RIGHT,ADAMS & ALLEN,39.15586017,-86.5505671
2015,3,3,Weekday,800,2-Car,No injury,DISREGARD SIGNAL/REG SIGN,SO ROGERS & W 2ND,39.16152,-86.538592
2015,3,3,Weekday,800,1-Car,functional,RAN OFF ROAD RIGHT,JORDAN & READ N,39.16719055,-86.51600953
2015,3,3,Weekday,1100,2-Car,No injury,FAILURE TO YIELD RIGHT OF WAY,LONGVIEW & PETE ELLIS,39.166944,-86.495056
2015,3,2,Weekday,2200,1-Car,No injury,FAILURE TO YIELD RIGHT OF WAY,GREEN & ROGERS,39.13126204,-86.53875987
2015,3,3,Weekday,1500,2-Car,No injury,UNSAFE BACKING,S ROCKPORT,39.14144,-86.543632
2015,3,3,Weekday,1700,1-Car,No injury,UNSAFE BACKING,JEFFERSON & TENTH,39.17163462,-86.50672396
2015,3,3,Weekday,1800,2-Car,No injury,FAILURE TO YIELD RIGHT OF WAY,E GRIMES & S WALNUT,39.15344,-86.5336
2015,3,2,Weekday,1400,2-Car,No injury,OTHER (DRIVER) - EXPLAIN IN NARRATIVE,NORTH KINSER,39.18714881,-86.53782472
2015,3,3,Weekday,1800,2-Car,non-funcitonal,FAILURE TO YIELD RIGHT OF WAY,2ND & ADAMS,39.160544,-86.5508
2015,3,3,Weekday,1500,2-Car,No injury,FAILURE TO YIELD RIGHT OF WAY,KIRKWOOD & MADISON,39.166656,-86.537296
2015,3,3,Weekday,2100,2-Car,No injury,FOLLOWING TOO CLOSELY,10TH & CAMPBELL,39.17158999,-86.51394031
2015,3,3,Weekday,1000,2-Car,functional,OTHER (DRIVER) - EXPLAIN IN NARRATIVE,WINSLOW & XAVIER,39.13601987,-86.51343002
2015,2,7,Weekend,1000,3+ Cars,No injury,DRIVER DISTRACTED - EXPLAIN IN NARRATIVE,CHAMBERS & SR37N,39.32528608,-86.51651
2015,3,2,Weekday,1200,2-Car,No injury,UNSAFE LANE MOVEMENT,N BRYANTS CREEK & SR37N,39.33204816,-86.51427777
2015,3,2,Weekday,1400,2-Car,No injury,FAILURE TO YIELD RIGHT OF WAY,S BURCH & W EVANS,39.079552,-86.666592
2015,3,4,Weekday,1200,2-Car,No injury,FAILURE TO YIELD RIGHT OF WAY,45 46 & WALNUT,38.48634351,-86.541435
2015,3,4,Weekday,1700,2-Car,No injury,SPEED TOO FAST FOR WEATHER CONDITIONS,N CURRY & W WOODYARD,39.190672,-86.582992
2015,3,4,Weekday,1700,3+ Cars,functional,SPEED TOO FAST FOR WEATHER CONDITIONS,11TH & INDIANA,39.17344,-86.527056
2015,3,4,Weekday,1700,2-Car,No injury,FAILURE TO YIELD RIGHT OF WAY,MATLOCK & SR46,39.18599938,-86.51983282
2015,3,4,Weekday,1800,2-Car,No injury,ROADWAY SURFACE CONDITION,W RICHLAND PLAZA,39.21656191,-86.59487865
2015,3,4,Weekday,1400,1-Car,non-funcitonal,RAN OFF ROAD RIGHT,BANTA & W COUNTRY CLUB,39.136304,-86.544592
2015,3,4,Weekday,1700,3+ Cars,non-funcitonal,ROADWAY SURFACE CONDITION,FRITZ & NORTH WALNUT,39.191248,-86.532896
2015,3,4,Weekday,600,1-Car,No injury,ROADWAY SURFACE CONDITION,NORTH KINSER & WEST 17TH,39.178992,-86.537792
2015,3,4,Weekday,1800,Bus,No injury,SPEED TOO FAST FOR WEATHER CONDITIONS,10TH & TULIP TREE,0,0
2015,3,4,Weekday,1800,2-Car,No injury,ROADWAY SURFACE CONDITION,3RD,39.16471159,-86.5719019
2015,3,4,Weekday,1600,Bus,No injury,SPEED TOO FAST FOR WEATHER CONDITIONS,JORDAN & TENTH,39.17209438,-86.51564949
2015,2,5,Weekday,1700,2-Car,No injury,DRIVER DISTRACTED - EXPLAIN IN NARRATIVE,CHANDLER & MAIN,39.23376,-86.621888
2015,3,1,Weekday,1900,2-Car,No injury,FAILURE TO YIELD RIGHT OF WAY,SALE & TEMPERANCE,39.23384,-86.624704
2015,3,4,Weekday,1600,2-Car,No injury,SPEED TOO FAST FOR WEATHER CONDITIONS,17TH & JORDAN,39.178848,-86.51214665
2015,3,4,Weekday,1700,2-Car,No injury,FOLLOWING TOO CLOSELY,ELWREN & SR45W,39.107648,-86.643696
2015,3,4,Weekday,1800,1-Car,No injury,SPEED TOO FAST FOR WEATHER CONDITIONS,ROCKPORT & STANSIFER,39.10749433,-86.57594304
2015,3,4,Weekday,1700,2-Car,No injury,SPEED TOO FAST FOR WEATHER CONDITIONS,ALLEN & BLOOMFIELD,39.156144,-86.561296
2015,3,4,Weekday,1800,2-Car,No injury,SPEED TOO FAST FOR WEATHER CONDITIONS,LANDMARK & W 3RD,39.16442983,-86.55630983
2015,3,4,Weekday,1800,2-Car,No injury,SPEED TOO FAST FOR WEATHER CONDITIONS,ATWATER & HIGHLAND,39.16305989,-86.51773028
2015,3,4,Weekday,1000,2-Car,No injury,OTHER (VEHICLE) - EXPLAIN IN NARRATIVE,EAST 17TH,39.17906329,-86.5209221
2015,3,4,Weekday,1700,2-Car,No injury,SPEED TOO FAST FOR WEATHER CONDITIONS,COUNTRYSIDE & ROCKPORT,39.136448,-86.548704
2015,3,4,Weekday,1800,2-Car,No injury,FAILURE TO YIELD RIGHT OF WAY,E 3RD & S GRANT,39.16464,-86.529728
2015,3,4,Weekday,1600,2-Car,No injury,SPEED TOO FAST FOR WEATHER CONDITIONS,E 10TH & RANGE,39.171504,-86.495312
2015,3,4,Weekday,1800,2-Car,No injury,SPEED TOO FAST FOR WEATHER CONDITIONS,3RD & ROSE,39.164352,-86.510944
2015,3,4,Weekday,1700,1-Car,No injury,RAN OFF ROAD RIGHT,SMITHVILLE & SR37,39.16424,-86.480688
2015,3,4,Weekday,2100,2-Car,No injury,SPEED TOO FAST FOR WEATHER CONDITIONS,LOIS & ROGERS,39.12984,-86.538496
2015,3,4,Weekday,1800,2-Car,No injury,ROADWAY SURFACE CONDITION,3RD & GRANT,39.16464,-86.529728
2015,3,4,Weekday,1600,Bus,No injury,FOLLOWING TOO CLOSELY,N COLLEGE & W 6TH,39.167648,-86.534784
2015,3,4,Weekday,1800,2-Car,No injury,RAN OFF ROAD RIGHT,E 17TH & N WALNUT,39.178944,-86.533392
2015,3,4,Weekday,1600,2-Car,No injury,ROADWAY SURFACE CONDITION,17TH & N KINSER,39.178992,-86.537792
2015,3,4,Weekday,1400,2-Car,non-funcitonal,FAILURE TO YIELD RIGHT OF WAY,E 3RD & S PARK RIDGE,39.16424,-86.476096
2015,3,4,Weekday,1700,2-Car,No injury,OTHER (DRIVER) - EXPLAIN IN NARRATIVE,E 7TH & N WASHINGTON,39.16864,-86.5324
2015,3,4,Weekday,1600,3+ Cars,No injury,OTHER (DRIVER) - EXPLAIN IN NARRATIVE,E 7TH & N WASHINGTON,39.16864,-86.5324
2015,3,4,Weekday,1700,3+ Cars,No injury,FOLLOWING TOO CLOSELY,E 17TH & S WALNUT,39.178944,-86.533392
2015,3,4,Weekday,1800,1-Car,No injury,IMPROPER TURNING,COTTAGE & FORREST,0,0
2015,3,4,Weekday,1700,2-Car,No injury,SPEED TOO FAST FOR WEATHER CONDITIONS,11TH & INDIANA,39.17344,-86.527056
2015,3,3,Weekday,900,2-Car,No injury,OTHER (DRIVER) - EXPLAIN IN NARRATIVE,LIBERTY,39.145264,-86.577616
2015,3,5,Weekday,1100,2-Car,No injury,OTHER (DRIVER) - EXPLAIN IN NARRATIVE,SR37S,0,0
2015,3,5,Weekday,1100,2-Car,No injury,IMPROPER LANE USAGE,HENDERSON & SMITH,39.16280977,-86.52725011
2015,3,4,Weekday,1600,2-Car,No injury,UNSAFE SPEED,S OLD SR37 & W GORDON,0,0
2015,3,4,Weekday,1800,2-Car,No injury,UNSAFE SPEED,E BETHEL LANE & SR45,39.209952,-86.463392
2015,3,4,Weekday,1700,Bus,No injury,FOLLOWING TOO CLOSELY,CURRY & GIFFORD,39.156896,-86.582704
2015,3,4,Weekday,600,2-Car,No injury,DISREGARD SIGNAL/REG SIGN,ADAMS & ALLEN,39.155952,-86.550592
2015,3,5,Weekday,1400,Bus,No injury,IMPROPER LANE USAGE,7TH & DUNN,39.16851014,-86.52825423
2015,3,5,Weekday,1400,2-Car,No injury,UNSAFE BACKING,519 W HOOSIER COURT,39.186048,-86.550976
2015,3,5,Weekday,1600,2-Car,No injury,UNSAFE LANE MOVEMENT,7TH & WASHINGTON,39.16864,-86.5324
2015,3,5,Weekday,1700,2-Car,No injury,FOLLOWING TOO CLOSELY,FEE & LAW,39.174048,-86.518896
2015,3,5,Weekday,1900,2-Car,No injury,IMPROPER TURNING,3RD & JORDAN,39.16426018,-86.5163999
2015,3,4,Weekday,1700,2-Car,No injury,SPEED TOO FAST FOR WEATHER CONDITIONS,BARRINGTON,39.17191923,-86.48921169
2015,3,4,Weekday,1600,3+ Cars,No injury,SPEED TOO FAST FOR WEATHER CONDITIONS,1OTH & PETE ELLIS,0,0
2015,3,4,Weekday,1700,1-Car,No injury,ROADWAY SURFACE CONDITION,S CURRY & SR45,39.14328396,-86.582592
2015,3,5,Weekday,1700,2-Car,No injury,UNSAFE LANE MOVEMENT,THIRTEENTH & WOODLAWN,39.17521693,-86.52386099
2015,3,5,Weekday,1500,Bus,No injury,UNSAFE BACKING,N DANIELS,39.16671172,-86.59908838
2015,3,5,Weekday,1500,1-Car,No injury,RAN OFF ROAD RIGHT,MT CARMEL & N LITTLE WOLF MOUNTAIN,39.32272484,-86.66278813
2015,3,5,Weekday,2000,2-Car,No injury,FOLLOWING TOO CLOSELY,10TH & JORDAN,39.171552,-86.515728
2015,3,5,Weekday,1500,2-Car,No injury,UNSAFE BACKING,E 3RD,39.16464,-86.52897556
2015,3,5,Weekday,1700,2-Car,non-funcitonal,DRIVER ASLEEP OR FATIGUED,SR45W & W LEONARD SPRINGS,39.12224,-86.6144
2015,3,5,Weekday,1400,2-Car,No injury,UNSAFE BACKING,EAST AMY,39.16934632,-86.49902455
2015,3,6,Weekday,900,2-Car,No injury,FOLLOWING TOO CLOSELY,11TH & COLLEGE,39.173232,-86.534752
2015,3,5,Weekday,900,1-Car,No injury,ROADWAY SURFACE CONDITION,E 3RD,39.16423861,-86.49522852
2015,3,6,Weekday,300,2-Car,No injury,UNSAFE BACKING,N JORDAN,39.178848,-86.511088
2015,3,5,Weekday,1600,2-Car,No injury,DRIVER DISTRACTED - EXPLAIN IN NARRATIVE,3RD & STATE 37,39.164752,-86.573104
2015,3,6,Weekday,1300,2-Car,functional,FAILURE TO YIELD RIGHT OF WAY,17TH & JORDAN,39.1788524,-86.51285237
2015,3,3,Weekday,1300,2-Car,No injury,SPEED TOO FAST FOR WEATHER CONDITIONS,S OLD 37,39.12021637,-86.52938079
2015,3,6,Weekday,1700,2-Car,functional,FAILURE TO YIELD RIGHT OF WAY,S LIBERTY & SR45W,39.14499486,-86.57788929
2015,3,4,Weekday,2000,1-Car,No injury,RAN OFF ROAD RIGHT,INGRAM & SR37,38.99888231,-86.53733007
2015,3,6,Weekday,1500,3+ Cars,non-funcitonal,FOLLOWING TOO CLOSELY,ELWREN & SR45W,39.10327889,-86.64796949
2015,3,5,Weekday,2300,2-Car,No injury,IMPROPER TURNING,E UNIVERSITY,39.16034874,-86.53080751
2015,3,6,Weekend,2000,2-Car,No injury,FOLLOWING TOO CLOSELY,10TH & SR4546S,39.176848,-86.478192
2015,3,6,Weekday,1800,2-Car,No injury,FOLLOWING TOO CLOSELY,E SAMPLE & SR37N,39.26341455,-86.52265395
2015,3,6,Weekday,1800,2-Car,No injury,FAILURE TO YIELD RIGHT OF WAY,N HARTSTRAIT & W VERNAL,39.18676995,-86.6112703
2015,3,6,Weekend,1900,2-Car,No injury,FOLLOWING TOO CLOSELY,SR45W & W AIRPORT,39.13851891,-86.59099291
2015,3,6,Weekend,2200,1-Car,No injury,RAN OFF ROAD RIGHT,10TH & GRANT,39.171696,-86.529696
2015,3,6,Weekend,2100,2-Car,No injury,UNSAFE BACKING,E EASTGATE,39.170159,-86.501186
2015,3,7,Weekend,100,2-Car,No injury,FAILURE TO YIELD RIGHT OF WAY,10TH & N COLLEGE,39.171744,-86.534768
2015,3,7,Weekend,1100,2-Car,functional,OTHER (DRIVER) - EXPLAIN IN NARRATIVE,NORTH WALNUT,39.18708801,-86.53371429
2015,3,3,Weekday,1200,2-Car,No injury,UNSAFE BACKING,E KIRKWOOD,39.166248,-86.528511
2015,3,4,Weekday,800,2-Car,non-funcitonal,FOLLOWING TOO CLOSELY,SMITH & WALNUT,39.16284794,-86.53363526
2015,3,3,Weekday,600,1-Car,No injury,DRIVER ASLEEP OR FATIGUED,NORTH COUNTY LINE & SR46W,39.28165586,-86.68446529
2015,3,4,Weekday,1100,2-Car,No injury,UNSAFE SPEED,2ND,39.1609738,-86.49974204
2015,3,3,Weekday,1100,2-Car,No injury,UNSAFE BACKING,FULLERTON,39.12207413,-86.57376861
2015,3,3,Weekday,1300,2-Car,No injury,UNSAFE BACKING,LUXBURY,39.1566124,-86.46263885
2015,3,4,Weekday,700,2-Car,No injury,FAILURE TO YIELD RIGHT OF WAY,DILLMAN & OLD ST RD 37,39.09295969,-86.54416009
2015,3,5,Weekday,1100,2-Car,No injury,FAILURE TO YIELD RIGHT OF WAY,E 3RD & S PETE ELLIS,39.16424,-86.495088
2015,3,4,Weekday,2000,1-Car,functional,RAN OFF ROAD RIGHT,LOWER BIRDIEGALYAN & SR46E,39.165325,-86.5263857
2015,3,5,Weekday,1800,2-Car,No injury,UNSAFE BACKING,E SOUTHERN & S WALNUT,39.14977022,-86.53350032
2015,3,5,Weekday,1300,2-Car,No injury,FOLLOWING TOO CLOSELY,SR45W,0,0
2015,3,2,Weekday,1200,2-Car,No injury,FOLLOWING TOO CLOSELY,LOVE & SR46W,39.219152,-86.602304
2015,3,5,Weekday,200,1-Car,non-funcitonal,RAN OFF ROAD RIGHT,S LIBERTY,39.145264,-86.577616
2015,5,7,Weekend,1200,2-Car,No injury,UNSAFE SPEED,SR37 & VERNAL,39.176544,-86.5624
2015,3,6,Weekday,0,2-Car,No injury,IMPROPER LANE USAGE,N MONROE & SUMMIT,0,0
2015,3,6,Weekend,2300,2-Car,No injury,UNSAFE BACKING,BRITTANY & BURBURY,39.13649999,-86.52313456
2015,3,6,Weekend,2300,1-Car,No injury,ANIMAL/OBJECT IN ROADWAY,SR37S & WAYPORT,39.26220126,-86.52261598
2015,3,7,Weekend,200,2-Car,No injury,OTHER (DRIVER) - EXPLAIN IN NARRATIVE,DUNN & THIRD,0,0
2015,3,7,Weekend,1400,2-Car,No injury,UNSAFE BACKING,E 2ND,39.16144,-86.53352653
2015,3,7,Weekend,900,Bus,No injury,UNSAFE LANE MOVEMENT,E 8TH & N FORREST,39.16947214,-86.52233049
2015,3,7,Weekend,1300,2-Car,No injury,FAILURE TO YIELD RIGHT OF WAY,BLOOMFIELD & SHADELAND,39.15570997,-86.56207993
2015,3,7,Weekend,1800,1-Car,No injury,RAN OFF ROAD RIGHT,W BEECH LANE,39.20817184,-86.59114837
2015,3,4,Weekday,1600,1-Car,No injury,OTHER (ENVIRONMENTAL) - EXPLAIN IN NARR,BOTTOM & SR37N,39.35593623,-86.55792236
2015,3,1,Weekend,200,1-Car,No injury,RAN OFF ROAD RIGHT,SR46W,39.19782378,-86.57398881
2015,3,1,Weekend,900,1-Car,No injury,OVERCORRECTING/OVERSTEERING,W 17TH,39.17896,-86.53472
2015,3,1,Weekend,900,2-Car,No injury,UNSAFE BACKING,EAST HUNTER,39.162349,-86.518623
2015,3,1,Weekend,1000,2-Car,No injury,FAILURE TO YIELD RIGHT OF WAY,W 3RD,39.164848,-86.57588174
2015,3,7,Weekend,700,1-Car,No injury,ANIMAL/OBJECT IN ROADWAY,E DILLMAN & S FOXWOOD,39.0928001,-86.52696708
2015,3,7,Weekend,900,2-Car,No injury,FAILURE TO YIELD RIGHT OF WAY,SR37 & W TAPP,39.13704,-86.572896
2015,3,1,Weekend,800,1-Car,No injury,ANIMAL/OBJECT IN ROADWAY,CURRY & SR46W,39.15835953,-86.58256264
2015,3,1,Weekend,1400,2-Car,No injury,FOLLOWING TOO CLOSELY,2ND & PATTERSON,39.16074984,-86.54850997
2015,3,1,Weekend,1200,2-Car,No injury,UNSAFE LANE MOVEMENT,E 10TH & N LINCOLN,39.171712,-86.530992
2015,3,1,Weekend,1800,2-Car,No injury,FAILURE TO YIELD RIGHT OF WAY,TENTH & UNION,0,0
2015,3,1,Weekend,1800,2-Car,No injury,FOLLOWING TOO CLOSELY,EAST 3RD & SOUTH BALLANTINE,39.16427024,-86.51912972
2015,3,1,Weekend,1800,2-Car,No injury,FOLLOWING TOO CLOSELY,BURMA & SR37N,39.32229413,-86.51171127
2015,3,7,Weekend,2200,1-Car,No injury,RAN OFF ROAD RIGHT,E STATE 45 & N BRUMMETTS CREEK,39.230544,-86.42
2015,3,1,Weekend,300,1-Car,No injury,ANIMAL/OBJECT IN ROADWAY,NORWAY & SMITH,0,0
2015,3,6,Weekday,600,2-Car,No injury,LEFT OF CENTER,GRIFFITH & WOODYARD,0,0
2015,3,2,Weekday,700,2-Car,functional,FAILURE TO YIELD RIGHT OF WAY,S LEONARD SPRINGS & W LEONARD SPRINGS,39.126976,-86.582464
2015,3,2,Weekday,800,2-Car,No injury,FAILURE TO YIELD RIGHT OF WAY,DUNCAN & SR45W,39.13504,-86.596192
2015,3,2,Weekday,1100,2-Car,No injury,FOLLOWING TOO CLOSELY,ROCKPORT & TAPP,39.136448,-86.548704
2015,3,2,Weekday,2300,2-Car,No injury,UNSAFE LANE MOVEMENT,E 3RD & SO KINGSTON,39.16424,-86.492944
2015,3,2,Weekday,1300,1-Car,No injury,SPEED TOO FAST FOR WEATHER CONDITIONS,W MAIN STREET,39.238336,-86.629328
2015,3,2,Weekday,1600,2-Car,No injury,FOLLOWING TOO CLOSELY,SR37S & TAPP,39.13704,-86.572896
2015,3,2,Weekday,1800,2-Car,No injury,UNSAFE BACKING,W 17TH,39.17896,-86.53472
2015,3,2,Weekday,2200,2-Car,No injury,FAILURE TO YIELD RIGHT OF WAY,7TH & WALNUT,39.16864,-86.533568
2015,3,3,Weekday,1100,2-Car,No injury,FOLLOWING TOO CLOSELY,W 3RD & WESTPLEX,39.16440971,-86.55389986
2015,3,3,Weekday,1100,2-Car,No injury,IMPROPER LANE USAGE,3RD & WALNUT,39.16464,-86.5336
2015,3,3,Weekday,1700,2-Car,No injury,UNSAFE BACKING,N FEE,39.17281455,-86.51879273
2015,3,3,Weekday,1800,1-Car,No injury,RAN OFF ROAD RIGHT,DUNN & SECOND,39.16144,-86.528288
2015,3,3,Weekday,1900,2-Car,No injury,UNSAFE BACKING,SR45W,39.125312,-86.610496