Year,Month,Day,Weekend?,Hour,Collision Type,Injury Type,Primary Factor,Reported_Location,Latitude,Longitude
2015,3,3,Weekday,1600,2-Car,No injury,FAILURE TO YIELD RIGHT OF WAY,3RD & LIBERTY,39.1646097,-86.57912351
2015,3,3,Weekday,1500,1-Car,No injury,RAN OFF ROAD RIGHT,CHAFFIN CHAPEL & SR46W,39.25960159,-86.64377545
2015,3,4,Weekday,800,1-Car,No injury,ANIMAL/OBJECT IN ROADWAY,ACUFF & SR37N,39.41962367,-86.55677032
2015,3,3,Weekday,700,2-Car,functional,FOLLOWING TOO CLOSELY,N BRYANTS CREEK & SR37N,39.32945497,-86.51541754
2015,3,6,Weekday,1300,1-Car,No injury,TIRE FAILURE OR DEFECTIVE,CURRY & VERNAL,39.17915985,-86.58308029
2015,3,4,Weekday,2000,2-Car,No injury,FAILURE TO YIELD RIGHT OF WAY,BLOOMFIELD & LAKE CREST,39.15543973,-86.5624997
2015,3,3,Weekday,1200,2-Car,No injury,UNSAFE BACKING,E 7TH,39.16858267,-86.52091725
2015,3,4,Weekday,1400,Bus,No injury,FAILURE TO YIELD RIGHT OF WAY,E 10TH & FEE,39.171584,-86.518688
2015,3,4,Weekday,1600,2-Car,No injury,IMPROPER TURNING,3RD & INDIANA,39.164448,-86.5268
2015,3,4,Weekday,1600,3+ Cars,No injury,FAILURE TO YIELD RIGHT OF WAY,14TH & COLLEGE,39.175984,-86.534736
2015,3,6,Weekend,2200,1-Car,No injury,OTHER (VEHICLE) - EXPLAIN IN NARRATIVE,WEST GORDON,39.12557983,-86.57916259
2015,3,5,Weekday,1700,2-Car,No injury,FOLLOWING TOO CLOSELY,PETE ELLIS & THIRD,0,0
2015,3,5,Weekday,1300,2-Car,No injury,OTHER (DRIVER) - EXPLAIN IN NARRATIVE,GRANT & SECOND,39.16144,-86.52976
2015,3,5,Weekday,1800,3+ Cars,No injury,FOLLOWING TOO CLOSELY,17TH & FEE,39.178928,-86.518992
2015,3,1,Weekend,1600,2-Car,No injury,IMPROPER LANE USAGE,E 3RD,39.16423861,-86.49522852
2015,3,5,Weekday,1800,2-Car,No injury,IMPROPER LANE USAGE,E 3RD & HIGHLAND,39.16427367,-86.51771488
2015,3,4,Weekday,2200,1-Car,No injury,ANIMAL/OBJECT IN ROADWAY,FULLERTON & SR37S,39.12431712,-86.57199314
2015,3,5,Weekday,2300,2-Car,No injury,OTHER (DRIVER) - EXPLAIN IN NARRATIVE,E EASTGATE,39.170086,-86.50234
2015,3,3,Weekday,700,2-Car,No injury,LEFT OF CENTER,LOST MANS & TRUESDEL,39.22317021,-86.59190592
2015,3,6,Weekday,800,2-Car,No injury,IMPROPER LANE USAGE,UNION,39.166848,-86.509296
2015,3,4,Weekday,1700,1-Car,No injury,UNSAFE BACKING,NORTH JORDAN,39.166912,-86.516224
2015,3,6,Weekday,1500,2-Car,No injury,FOLLOWING TOO CLOSELY,RANGE & SR46S,39.17522812,-86.49550628
2015,3,6,Weekday,1400,2-Car,No injury,FOLLOWING TOO CLOSELY,10TH & SR4546N,39.176848,-86.478192
2015,3,6,Weekday,1700,2-Car,No injury,FAILURE TO YIELD RIGHT OF WAY,KIRKWOOD & MADISON,39.166656,-86.537296
2015,3,7,Weekend,1000,2-Car,No injury,FAILURE TO YIELD RIGHT OF WAY,WEST 11TH,39.17344,-86.52354547
2015,3,7,Weekend,800,1-Car,No injury,RAN OFF ROAD RIGHT,N HEADLEY & TREADWELL,39.19008,-86.514288
2015,3,7,Weekend,1100,1-Car,No injury,IMPROPER TURNING,EAST 3RD,39.16422196,-86.50215134
2015,3,7,Weekend,1600,2-Car,No injury,IMPROPER TURNING,DELTA ZETA PARKING LOT EXIT & NORTH JORDAN,39.182448,-86.512496
2015,3,7,Weekend,1300,2-Car,No injury,UNSAFE BACKING,E 10TH,39.17638171,-86.47901486
2015,3,7,Weekend,1900,1-Car,No injury,OVERCORRECTING/OVERSTEERING,E 7TH & WOODLAWN,39.16864,-86.523392
2015,3,5,Weekday,1300,2-Car,No injury,IMPROPER TURNING,WEST VERNAL,39.17750168,-86.58057403
2015,3,6,Weekend,2000,2-Car,No injury,FOLLOWING TOO CLOSELY,SR37S & TAPP,39.13566671,-86.572896
2015,3,1,Weekend,1600,3+ Cars,No injury,FAILURE TO YIELD RIGHT OF WAY,LINCOLN & WYLIE,39.15834993,-86.53129018
2015,3,2,Weekday,800,Bus,No injury,UNSAFE BACKING,GRAHAM & S ROCKPORT,39.140144,-86.54496
2015,3,7,Weekend,1200,2-Car,No injury,FAILURE TO YIELD RIGHT OF WAY,SR45W,39.125312,-86.610496
2015,3,2,Weekday,800,2-Car,functional,DISREGARD SIGNAL/REG SIGN,3RD & CORY,39.16447761,-86.56014195
2015,3,2,Weekday,800,2-Car,No injury,UNSAFE BACKING,17TH & IU MEMORIAL STADIUM GATE 6,0,0
2015,3,2,Weekday,300,2-Car,No injury,UNSAFE BACKING,W NORTHLANE,39.1826541,-86.53809428
2015,3,2,Weekday,1400,2-Car,No injury,FAILURE TO YIELD RIGHT OF WAY,WALNUT & WALNUT PARK ACCESS,39.107344,-86.5264
2015,3,2,Weekday,1500,2-Car,functional,FOLLOWING TOO CLOSELY,E 10TH & SR4546S,39.176848,-86.478192
2015,3,2,Weekday,1400,2-Car,No injury,FAILURE TO YIELD RIGHT OF WAY,2ND & SR46W,39.232064,-86.622176
2015,3,2,Weekday,1700,Bus,No injury,UNSAFE BACKING,LIVE OAK & STERLING,39.11382996,-86.48140981
2015,3,2,Weekday,300,2-Car,No injury,FOLLOWING TOO CLOSELY,N FOX HOLLOW & SR37N,39.28909855,-86.51842001
2015,3,2,Weekday,2200,2-Car,non-funcitonal,IMPROPER TURNING,LAMPKINS RIDGE & SR446E,39.41460647,-86.47139351
2015,3,3,Weekday,600,1-Car,No injury,ANIMAL/OBJECT IN ROADWAY,SR37 & ZIKES,39.04670943,-86.53586743
2015,3,2,Weekday,1600,1-Car,No injury,UNSAFE BACKING,2931 E 10TH (DOCK) & RANGE,39.17148598,-86.49535006
2015,3,3,Weekday,1000,2-Car,No injury,OTHER (DRIVER) - EXPLAIN IN NARRATIVE,SR45W,39.125312,-86.610496
2015,3,2,Weekday,1400,2-Car,No injury,FOLLOWING TOO CLOSELY,SR45W & STANFORD,39.08949755,-86.66685515
2015,3,2,Weekday,900,2-Car,non-funcitonal,FAILURE TO YIELD RIGHT OF WAY,ACUFF & SR37N,39.20824,-86.554704
2015,3,3,Weekday,900,2-Car,No injury,DISREGARD SIGNAL/REG SIGN,W 3RD,39.164752,-86.573104
2015,3,2,Weekday,1600,2-Car,No injury,IMPROPER TURNING,AIRPORT & ENDWRIGHT,0,0
2015,3,3,Weekday,1400,2-Car,No injury,DISREGARD SIGNAL/REG SIGN,RHORER & WALNUT,39.12144,-86.526496
2015,3,3,Weekday,1300,Cyclist,No injury,UNSAFE LANE MOVEMENT,GATES & JACOB,39.16562006,-86.57599993
2015,3,3,Weekday,1700,3+ Cars,No injury,FOLLOWING TOO CLOSELY,RANGE & SR46S,39.171504,-86.495312
2015,3,3,Weekday,1700,2-Car,No injury,FAILURE TO YIELD RIGHT OF WAY,3RD & KINGSTON,39.16424,-86.492944
2015,3,3,Weekday,1800,2-Car,No injury,FOLLOWING TOO CLOSELY,KINSER,39.186544,-86.537888
2015,3,3,Weekday,1700,1-Car,No injury,RAN OFF ROAD RIGHT,N LOWER BIRDIE GALYAN & SR46E,39.17547989,-86.41352081
2015,3,3,Weekday,2000,2-Car,No injury,FAILURE TO YIELD RIGHT OF WAY,EAST THIRD & GRANT,39.16464,-86.529728
2015,3,3,Weekday,1500,Pedestrian,non-funcitonal,UNSAFE BACKING,W SR 46,39.2512,-86.652504
2015,3,3,Weekday,2000,2-Car,No injury,FOLLOWING TOO CLOSELY,S OLD STATE ROAD 37 & SR37S,39.085632,-86.542304
2015,3,3,Weekday,1700,Moped/Motorcycle,non-funcitonal,FAILURE TO YIELD RIGHT OF WAY,TECUMSEH & THOMAS,39.222848,-86.63048
2015,4,4,Weekday,0,1-Car,No injury,RAN OFF ROAD RIGHT,E STRATUM,39.15718451,-86.49233847
2015,3,3,Weekday,1000,2-Car,non-funcitonal,IMPROPER PASSING,ROGERS & WATSON,39.13704243,-86.5381751
2015,4,4,Weekday,600,1-Car,No injury,DRIVER ASLEEP OR FATIGUED,BRYANTS CREEK & SR37,39.33556319,-86.51152924
2015,4,4,Weekday,900,2-Car,No injury,FAILURE TO YIELD RIGHT OF WAY,7TH & ROGERS,39.168704,-86.538576
2015,4,4,Weekday,700,2-Car,No injury,FAILURE TO YIELD RIGHT OF WAY,2700 BLK S WALNUT & WINSLOW,39.13566829,-86.52833531
2015,4,4,Weekday,1000,2-Car,functional,FOLLOWING TOO CLOSELY,BURKS & S WALNUT,39.11610549,-86.53136998
2015,4,4,Weekday,1100,1-Car,No injury,RAN OFF ROAD RIGHT,MEADOWCREEK & SARE,39.21934722,-86.49999015
2015,4,4,Weekday,1000,2-Car,No injury,FAILURE TO YIELD RIGHT OF WAY,GRIMES & HENDERSON,39.1533,-86.52696982
2015,3,3,Weekday,2100,2-Car,non-funcitonal,LEFT OF CENTER,SR37 & VICTOR,39.10328611,-86.54911173
2015,4,4,Weekday,1700,2-Car,No injury,FOLLOWING TOO CLOSELY,COUNTRY CLUB & MILTON,39.13615095,-86.53988873
2015,4,4,Weekday,1700,2-Car,No injury,FOLLOWING TOO CLOSELY,KIRKWOOD & MAPLE,39.16672,-86.542096
2015,4,4,Weekday,1500,1-Car,No injury,UNSAFE BACKING,NORTH MONROE,39.17212343,-86.547104
2015,4,4,Weekday,1500,2-Car,No injury,FOLLOWING TOO CLOSELY,N CRESTWOOD & N UNION VALLEY,39.217648,-86.5928
2015,4,4,Weekday,1900,2-Car,No injury,UNSAFE BACKING,NORTH FEE,39.17524114,-86.51896409
2015,4,4,Weekday,1700,2-Car,No injury,UNSAFE BACKING,N WALNUT,39.232544,-86.540704
2015,4,4,Weekday,1700,2-Car,No injury,FOLLOWING TOO CLOSELY,KINSER & STATE RD 45 46 BYPASS,39.186544,-86.537888
2015,4,4,Weekday,1800,2-Car,No injury,FOLLOWING TOO CLOSELY,E 12TH & N LINCOLN,39.174416,-86.530992
2015,4,4,Weekday,1700,2-Car,No injury,IMPROPER PASSING,CEDAR CHASE & W RED ROCK,39.131712,-86.58536
2015,3,3,Weekday,1600,2-Car,No injury,OTHER (DRIVER) - EXPLAIN IN NARRATIVE,EAST 10TH,39.17164591,-86.50199444
2015,4,5,Weekday,1300,2-Car,No injury,IMPROPER LANE USAGE,3RD & FACULTY,39.164352,-86.521088
2015,4,5,Weekday,2000,2-Car,No injury,UNSAFE BACKING,SR45 & SR46,39.20824814,-86.58039093
2015,4,5,Weekday,1800,2-Car,No injury,FOLLOWING TOO CLOSELY,N HARTSTRAIT & W VERNAL,39.186752,-86.611504
2015,4,5,Weekday,2000,2-Car,No injury,FOLLOWING TOO CLOSELY,SR37N & W 3RD,39.164752,-86.573104
2015,4,6,Weekday,100,1-Car,non-funcitonal,RAN OFF ROAD RIGHT,DUVALL & KOONTZ,39.08611455,-86.619792
2015,4,6,Weekday,1000,2-Car,No injury,UNSAFE BACKING,W 3RD,39.164848,-86.581504
2015,4,6,Weekday,1200,2-Car,No injury,SPEED TOO FAST FOR WEATHER CONDITIONS,ATWATER & HAWTHORNE,39.16309007,-86.52020998
2015,4,5,Weekday,900,Bus,No injury,FAILURE TO YIELD RIGHT OF WAY,3RD & COLLEGE,39.16464,-86.534816
2015,4,5,Weekday,1600,2-Car,No injury,IMPROPER LANE USAGE,SR45W,39.125312,-86.610496
2015,4,6,Weekday,800,3+ Cars,No injury,OTHER (DRIVER) - EXPLAIN IN NARRATIVE,SR37,39.071056,-86.5356
2015,4,6,Weekday,1600,2-Car,No injury,FAILURE TO YIELD RIGHT OF WAY,COLLEGE MALL & EASTLAND,0,0
2015,4,5,Weekday,2000,2-Car,functional,FAILURE TO YIELD RIGHT OF WAY,N WALNUT & W 7TH,39.16864,-86.533568
2015,3,7,Weekend,1500,3+ Cars,functional,FOLLOWING TOO CLOSELY,FRITZ & N WALNUT,39.191248,-86.532896
2015,4,6,Weekday,1600,1-Car,No injury,OVERCORRECTING/OVERSTEERING,N DUNN & SR37N,39.18363953,-86.52835617
2015,4,6,Weekday,1500,2-Car,No injury,FOLLOWING TOO CLOSELY,N WILLIS & W 17TH,39.179104,-86.544016
2015,4,6,Weekend,2100,2-Car,No injury,DISREGARD SIGNAL/REG SIGN,N ROGERS & W 11TH,39.173184,-86.538528
2015,4,6,Weekday,900,Pedestrian,No injury,OTHER (DRIVER) - EXPLAIN IN NARRATIVE,WEST ALLEN,39.156128,-86.560912
2015,4,7,Weekend,1000,2-Car,No injury,FAILURE TO YIELD RIGHT OF WAY,HICKORY LEAF & SR45W,39.14499486,-86.57788929
2015,4,7,Weekend,1100,2-Car,No injury,FAILURE TO YIELD RIGHT OF WAY,N ROGERS & W 6TH,39.16768,-86.538592
2015,4,7,Weekend,1300,2-Car,No injury,FAILURE TO YIELD RIGHT OF WAY,LIBERTY & W 3RD,39.13288687,-86.57913006
2015,4,7,Weekend,1800,1-Car,No injury,UNSAFE SPEED,1ST & WALKER,39.15946975,-86.5460202
2015,4,7,Weekend,1900,3+ Cars,non-funcitonal,FOLLOWING TOO CLOSELY,DUNN & SR46E,39.186352,-86.528496
2015,4,5,Weekday,2000,2-Car,No injury,ROADWAY SURFACE CONDITION,EAST THIRD STREET & HAWTHORNE,39.17482447,-86.52008995
2015,4,7,Weekend,1400,2-Car,No injury,UNSAFE BACKING,CANTERBURRY,39.19635013,-86.55580222
2015,4,1,Weekend,1000,3+ Cars,No injury,OTHER (DRIVER) - EXPLAIN IN NARRATIVE,10 & SR46S,38.826425,-86.789182
2015,4,1,Weekend,1600,2-Car,No injury,UNSAFE BACKING,E 10TH,39.171648,-86.5027701
2015,4,7,Weekend,1800,2-Car,No injury,IMPROPER TURNING,2ND & WALKER,39.161648,-86.546128
2015,4,1,Weekday,1900,2-Car,No injury,FAILURE TO YIELD RIGHT OF WAY,E 9TH & N INDIANA,39.170544,-86.526992
2015,4,2,Weekday,1400,2-Car,No injury,FOLLOWING TOO CLOSELY,ATWATER & HIGH,39.16308001,-86.50846995
2015,4,2,Weekday,1600,2-Car,non-funcitonal,FAILURE TO YIELD RIGHT OF WAY,SOUTH CLARIZZ,39.15263367,-86.49272918
2015,4,2,Weekday,1700,3+ Cars,functional,FOLLOWING TOO CLOSELY,10TH & SR46E,39.21399732,-86.53102874
2015,4,7,Weekend,1500,2-Car,functional,OTHER (VEHICLE) - EXPLAIN IN NARRATIVE,N RICHARDSON & SR45E,39.23984,-86.387696
2015,4,1,Weekend,1600,2-Car,No injury,LEFT OF CENTER,MAPLE GROVE & STANTON,39.30312795,-86.56154014
2015,4,1,Weekday,2100,1-Car,No injury,ANIMAL/OBJECT IN ROADWAY,SOUTH SHORE & TUNNEL,39.25155829,-86.41900164
2015,4,7,Weekend,2000,1-Car,No injury,OTHER (DRIVER) - EXPLAIN IN NARRATIVE,SR37S,39.12660505,-86.5726527
2015,4,3,Weekday,700,2-Car,No injury,UNSAFE BACKING,E 3RD,39.16424,-86.5173551
2015,4,3,Weekday,800,2-Car,No injury,UNSAFE BACKING,E HOLLYWOOD & E POST,39.169648,-86.4828
2015,4,3,Weekday,800,2-Car,No injury,UNSAFE BACKING,EAST 10TH,39.17157943,-86.51826514
2015,4,2,Weekday,1400,2-Car,functional,UNSAFE SPEED,SR45 & W ELWREN,39.107648,-86.643696
2015,4,3,Weekday,1000,2-Car,No injury,DRIVER DISTRACTED - EXPLAIN IN NARRATIVE,SR37 & VICTOR,39.09431839,-86.55906677
2015,4,3,Weekday,1400,2-Car,No injury,FOLLOWING TOO CLOSELY,S PATTERSON & W 2ND,39.16075,-86.54851238
2015,4,3,Weekday,2200,2-Car,No injury,LEFT OF CENTER,SR37S & TAPP,39.13704,-86.572896
2015,4,4,Weekday,200,1-Car,No injury,RAN OFF ROAD RIGHT,NORTH ROGERS & WEST KIRKWOOD,39.166672,-86.538608
2015,4,7,Weekend,1700,1-Car,No injury,RAN OFF ROAD RIGHT,FLATWOODS ROAD & SR46E,39.25037815,-86.65158204
2015,4,3,Weekday,1300,1-Car,No injury,SPEED TOO FAST FOR WEATHER CONDITIONS,PINE GROVE & SR446,39.11605361,-86.42871846
2015,4,4,Weekday,1000,2-Car,No injury,FOLLOWING TOO CLOSELY,GRIMES & HENDERSON,39.1533,-86.52696982
2015,4,4,Weekday,1200,2-Car,No injury,FOLLOWING TOO CLOSELY,S LIBERTY & W 3RD,39.16461021,-86.57914738
2015,4,4,Weekday,1200,2-Car,No injury,UNSAFE LANE MOVEMENT,N DUNN,39.180352,-86.5284
2015,4,4,Weekday,1100,Pedestrian,non-funcitonal,OTHER (DRIVER) - EXPLAIN IN NARRATIVE,3RD & SOUTH HAWTHORNE,39.22770039,-86.52008404
2015,4,3,Weekday,1800,2-Car,No injury,FOLLOWING TOO CLOSELY,KEGG & TAPP,0,0
2015,4,4,Weekday,1600,2-Car,No injury,FAILURE TO YIELD RIGHT OF WAY,LONGVIEW & PETE ELLIS,39.166944,-86.495056
2015,4,4,Weekday,1600,2-Car,No injury,FAILURE TO YIELD RIGHT OF WAY,2ND & SOUTH WALNUT,39.16144,-86.5336
2015,4,3,Weekday,1700,1-Car,No injury,ANIMAL/OBJECT IN ROADWAY,S ROCKPORT & W MAY,39.093344,-86.5868
2015,4,4,Weekday,1500,2-Car,No injury,UNSAFE BACKING,SOUTH COLLEGE MALL,39.16464,-86.534816
2015,4,3,Weekday,1800,2-Car,No injury,LEFT OF CENTER,PARK & TURTLEBACK,39.22714993,-86.61991976
2015,4,4,Weekday,800,2-Car,No injury,LEFT OF CENTER,S PHYLLIS & S ROGERS,39.10476225,-86.54038172
2015,4,5,Weekday,1200,1-Car,No injury,OTHER (VEHICLE) - EXPLAIN IN NARRATIVE,N JORDAN,39.1676,-86.516168
2015,4,5,Weekday,1300,1-Car,No injury,UNSAFE BACKING,N JORDAN,39.173552,-86.515488
2015,4,5,Weekday,1600,2-Car,No injury,FOLLOWING TOO CLOSELY,10TH & SUNRISE,39.17157993,-86.51247985
2015,4,5,Weekday,1400,2-Car,No injury,FAILURE TO YIELD RIGHT OF WAY,E 14TH & N INDIANA,39.176192,-86.52712
2015,4,5,Weekday,1800,2-Car,functional,FAILURE TO YIELD RIGHT OF WAY,E COVENANTER & S COLLEGE MALL,39.155152,-86.497888
2015,4,5,Weekday,1800,2-Car,No injury,FAILURE TO YIELD RIGHT OF WAY,COLLEGE MALL & COVENANTER,39.155152,-86.497888
2015,4,5,Weekday,1800,2-Car,functional,FOLLOWING TOO CLOSELY,E GRIMES & S HENDERSON,39.1533,-86.52696982
2015,4,5,Weekday,2100,2-Car,No injury,FAILURE TO YIELD RIGHT OF WAY,HARTSTRAIT & SR46W,39.20619965,-86.61134338
2015,4,5,Weekday,1400,1-Car,No injury,DRIVER DISTRACTED - EXPLAIN IN NARRATIVE,SOUTH COLLEGE MALL,39.16464,-86.534816
2015,4,5,Weekday,1500,2-Car,No injury,FAILURE TO YIELD RIGHT OF WAY,EAST DODDS & SOUTH LINCOLN,39.157504,-86.531104
2015,4,5,Weekday,200,1-Car,No injury,IMPROPER TURNING,E 3RD & N PETE ELLIS,39.16424,-86.495088
2015,4,6,Weekday,300,2-Car,No injury,FAILURE TO YIELD RIGHT OF WAY,N COLLEGE & SR46E,39.186352,-86.534704
2015,4,6,Weekday,100,1-Car,No injury,OTHER (DRIVER) - EXPLAIN IN NARRATIVE,OLD STATE ROAD 37,39.138688,-86.465968
2015,4,6,Weekday,0,1-Car,No injury,UNSAFE LANE MOVEMENT,7TH & N WALNUT,39.16864,-86.533568
2015,4,6,Weekday,700,2-Car,functional,DRIVER ILLNESS,4400 BLK HEATHERWOOD & IRIS,39.128848,-86.588272
2015,4,6,Weekday,1000,2-Car,functional,FOLLOWING TOO CLOSELY,JOY & ROGERS,39.14264,-86.53864
2015,4,5,Weekday,1700,2-Car,No injury,FAILURE TO YIELD RIGHT OF WAY,S WALNUT & S WALNUT STREET,39.107344,-86.5264
2015,4,1,Weekend,1800,2-Car,No injury,OTHER (DRIVER) - EXPLAIN IN NARRATIVE,3995 S BUSHMILL & W EDINBURGH,0,0
2015,4,5,Weekday,2200,2-Car,No injury,OTHER (VEHICLE) - EXPLAIN IN NARRATIVE,E 10TH,39.171472,-86.509376
2015,4,6,Weekday,1600,Moped/Motorcycle,non-funcitonal,DRIVER DISTRACTED - EXPLAIN IN NARRATIVE,16TH & N WALNUT,39.17784,-86.533408
2015,4,6,Weekday,1600,2-Car,No injury,FOLLOWING TOO CLOSELY,PATTERSON & ROGERS,39.15379295,-86.53875218
2015,4,6,Weekday,1400,2-Car,No injury,UNSAFE BACKING,N MORTON,39.16786971,-86.536
2015,4,6,Weekday,1700,2-Car,No injury,FOLLOWING TOO CLOSELY,W THIRD,39.164752,-86.573104
2015,4,6,Weekday,1700,2-Car,No injury,DRIVER DISTRACTED - EXPLAIN IN NARRATIVE,6TH & ROGERS,39.16768,-86.538592
2015,4,5,Weekday,1400,2-Car,No injury,OTHER (DRIVER) - EXPLAIN IN NARRATIVE,N MATTHEWS,39.235504,-86.625712
2015,4,5,Weekday,0,1-Car,No injury,RAN OFF ROAD RIGHT,MERRITT & SR446S,39.32134466,-86.42514778
2015,4,6,Weekday,500,1-Car,No injury,RAN OFF ROAD RIGHT,BETHEL & N OLD STATE ROAD 37,39.215344,-86.521392
2015,4,6,Weekend,2200,2-Car,No injury,FAILURE TO YIELD RIGHT OF WAY,8TH & COLLEGE,39.169552,-86.534784
2015,4,6,Weekday,1100,2-Car,No injury,FAILURE TO YIELD RIGHT OF WAY,W THIRD,39.16465513,-86.57859764
2015,4,7,Weekend,900,2-Car,No injury,UNSAFE BACKING,HILLSIDE & PARK,39.1505444,-86.52372782
2015,4,7,Weekend,700,2-Car,No injury,FOLLOWING TOO CLOSELY,CURRY & SR48W,39.16463589,-86.58291865
2015,4,7,Weekend,1200,2-Car,functional,FAILURE TO YIELD RIGHT OF WAY,COLLEGE MALL & COVENANTER,39.155152,-86.497888
2015,4,6,Weekday,1700,2-Car,No injury,UNSAFE BACKING,E 10TH,39.17149326,-86.51131082
2015,4,7,Weekend,2300,2-Car,No injury,UNSAFE BACKING,S WALNUT,39.142555,-86.531238
2015,4,7,Weekend,100,1-Car,No injury,RAN OFF ROAD RIGHT,MOUNT GILEAD & SR45E,39.1837032,-86.47042612
2015,4,1,Weekend,0,1-Car,No injury,ANIMAL/OBJECT IN ROADWAY,SR37S & W SIMPSON CHAPEL,39.28130294,-86.52264966
2015,4,5,Weekday,1700,1-Car,No injury,RAN OFF ROAD RIGHT,OLD SR 37 & SAMPLE RD,39.25864,-86.5012
2015,4,6,Weekday,1700,2-Car,No injury,UNSAFE BACKING,TAPP,39.13736343,-86.57886505
2015,4,1,Weekend,1000,2-Car,No injury,IMPROPER PASSING,17TH & WALNUT,39.17896,-86.521088
2015,4,2,Weekday,700,2-Car,No injury,OTHER (DRIVER) - EXPLAIN IN NARRATIVE,LANDMARK & W 3RD,39.16442983,-86.55630983
2015,4,2,Weekday,1200,Cyclist,non-funcitonal,FAILURE TO YIELD RIGHT OF WAY,7 & UNION,0,0
2015,4,2,Weekday,1700,2-Car,No injury,FOLLOWING TOO CLOSELY,EASTGATE & SR45N,39.17024,-86.501392
2015,4,1,Weekend,1700,2-Car,functional,FAILURE TO YIELD RIGHT OF WAY,10TH & WASHINGTON,39.171728,-86.5324
2015,4,2,Weekday,2000,1-Car,non-funcitonal,RAN OFF ROAD RIGHT,S COLLEGE & W 2ND,39.16144,-86.534848
2015,4,1,Weekend,0,1-Car,functional,RAN OFF ROAD RIGHT,SOUTH OLD STATE ROAD 37 & SR37,39.085632,-86.542304
2015,4,1,Weekend,300,1-Car,No injury,OTHER (DRIVER) - EXPLAIN IN NARRATIVE,BETHEL & NORTH OLD STATE ROAD 37,39.21522596,-86.51433289
2015,4,1,Weekend,1300,1-Car,No injury,ANIMAL/OBJECT IN ROADWAY,SR37S & ZIKES,39.04670943,-86.53586743
2015,4,3,Weekday,900,2-Car,No injury,FAILURE TO YIELD RIGHT OF WAY,7TH & ROSE,39.16745736,-86.510992
2015,4,3,Weekday,900,2-Car,No injury,DRIVER DISTRACTED - EXPLAIN IN NARRATIVE,HICKORY & SR48,39.164832,-86.585856
2015,4,3,Weekday,600,2-Car,No injury,FAILURE TO YIELD RIGHT OF WAY,KIRBY & SR48W,39.16504,-86.610704
2015,4,5,Weekday,1100,1-Car,No injury,ANIMAL/OBJECT IN ROADWAY,MITCHEL & STRAIN RIDGE,39.07164416,-86.50678625
2015,4,3,Weekday,1400,3+ Cars,non-funcitonal,FOLLOWING TOO CLOSELY,3RD & JEFFERSON,39.164304,-86.506992
2015,4,3,Weekday,1700,2-Car,No injury,FOLLOWING TOO CLOSELY,3RD & BRYAN,39.16432,-86.50824
2015,4,3,Weekday,1700,2-Car,No injury,UNSAFE BACKING,E CATHCART & S RENWICK,39.1494403,-86.50130688
2015,4,2,Weekday,1600,2-Car,No injury,UNSAFE LANE MOVEMENT,LOVE & SR46E,39.219152,-86.602304
2015,4,3,Weekday,1600,2-Car,No injury,FAILURE TO YIELD RIGHT OF WAY,E CONVENANTER & S AUTO MALL,0,0
2015,4,6,Weekday,1200,2-Car,No injury,FOLLOWING TOO CLOSELY,ENRIGHT & SR46W,39.22402954,-86.61122894
2015,4,5,Weekday,200,2-Car,No injury,UNSAFE BACKING,CURRY,39.15214062,-86.58266052
2015,4,4,Weekday,700,1-Car,No injury,RAN OFF ROAD RIGHT,ANDERSON & FISH,39.27799992,-86.46902002
2015,4,4,Weekday,800,2-Car,No injury,IMPROPER TURNING,W KIRKWOOD,39.16667233,-86.53863249
2015,4,4,Weekday,1500,2-Car,No injury,IMPROPER LANE USAGE,EAST 17TH,39.17906597,-86.52582384
2015,4,4,Weekday,1400,1-Car,No injury,OTHER (ENVIRONMENTAL) - EXPLAIN IN NARR,W 12TH,39.17441927,-86.53085976
2015,4,4,Weekday,1800,2-Car,No injury,UNSAFE BACKING,SOUTH WALNUT,39.13658448,-86.53091669
2015,4,1,Weekend,1200,2-Car,No injury,FAILURE TO YIELD RIGHT OF WAY,SR37N & TAPP,39.15765411,-86.55490112
2015,4,5,Weekday,800,Pedestrian,non-funcitonal,OTHER (DRIVER) - EXPLAIN IN NARRATIVE,KENNEDY,39.123744,-86.52810935
2015,4,5,Weekday,800,2-Car,No injury,DISREGARD SIGNAL/REG SIGN,45 46 & KINSER,0,0
2015,4,4,Weekday,1300,2-Car,No injury,IMPROPER LANE USAGE,N MONROE & SR4546E,39.186944,-86.5468
2015,4,4,Weekday,1200,2-Car,No injury,UNSAFE BACKING,N COLLEGE,39.175984,-86.534736
2015,4,5,Weekday,900,2-Car,non-funcitonal,FAILURE TO YIELD RIGHT OF WAY,E 3RD & MORNINGSIDE,39.16424,-86.473696
2015,4,5,Weekday,1300,2-Car,No injury,UNSAFE LANE MOVEMENT,E 10TH,39.171504,-86.512288
2015,4,5,Weekday,1400,2-Car,No injury,OTHER (DRIVER) - EXPLAIN IN NARRATIVE,FORREST & KIRKWOOD,39.16685827,-86.52153321
2015,4,5,Weekday,1900,2-Car,functional,FAILURE TO YIELD RIGHT OF WAY,EAST 3RD & PARK RIDGE,39.16424,-86.476096
2015,4,5,Weekday,1700,2-Car,No injury,FOLLOWING TOO CLOSELY,SR37S & TAPP,39.14253292,-86.57296249
2015,4,5,Weekday,2100,2-Car,No injury,FOLLOWING TOO CLOSELY,E 10TH & N DUNN,39.17168,-86.528256