Year,Month,Day,Weekend?,Hour,Collision Type,Injury Type,Primary Factor,Reported_Location,Latitude,Longitude
2015,4,5,Weekday,2200,2-Car,No injury,IMPROPER LANE USAGE,BURMA & SR37S,39.3145402,-86.51147583
2015,4,6,Weekday,200,2-Car,No injury,IMPROPER TURNING,N WOODBURN,39.1794156,-86.53602554
2015,4,6,Weekday,900,2-Car,No injury,OTHER (DRIVER) - EXPLAIN IN NARRATIVE,17TH & WALNUT GROVE,39.17896,-86.521088
2015,4,6,Weekday,900,Cyclist,functional,FAILURE TO YIELD RIGHT OF WAY,SR46 & UNIONVILLE,0,0
2015,4,6,Weekday,900,2-Car,No injury,FAILURE TO YIELD RIGHT OF WAY,HILLSIDE & S WALNUT,39.150544,-86.5336
2015,4,6,Weekday,1100,2-Car,No injury,UNSAFE LANE MOVEMENT,KIMBLE & WEST 3RD,39.16464,-86.568
2015,4,6,Weekday,1100,3+ Cars,functional,UNSAFE SPEED,EASTGATE & SR46E,39.17024,-86.501392
2015,4,6,Weekday,700,1-Car,No injury,RAN OFF ROAD RIGHT,LOST MANS & MAPLE GROVE,39.22293015,-86.5697738
2015,4,6,Weekday,1500,Pedestrian,No injury,FAILURE TO YIELD RIGHT OF WAY,ATWATER & FESS,39.16312024,-86.52590028
2015,4,6,Weekday,1800,Moped/Motorcycle,non-funcitonal,RAN OFF ROAD RIGHT,EAST SALT CREEK & SR446,39.0884819,-86.42079925
2015,4,6,Weekday,1500,2-Car,No injury,FAILURE TO YIELD RIGHT OF WAY,S COLLEGE & W 4TH,39.165664,-86.5348
2015,4,6,Weekend,2100,Bus,No injury,OTHER (DRIVER) - EXPLAIN IN NARRATIVE,GENTRY & KIRKWOOD,39.16659974,-86.53560988
2015,4,6,Weekend,2100,1-Car,No injury,LEFT OF CENTER,N CRESENT & W 17TH,39.17912029,-86.55652977
2015,4,6,Weekday,1700,3+ Cars,non-funcitonal,FOLLOWING TOO CLOSELY,HARTSTRAIT & SR46E,39.20619965,-86.61134338
2015,4,5,Weekday,0,1-Car,No injury,RAN OFF ROAD RIGHT,ARLINGTON & MAPLE GROVE,39.19943727,-86.55951484
2015,4,7,Weekend,600,1-Car,No injury,BRAKE FAILURE OR DEFECTIVE,E 2ND,39.1611824,-86.5322113
2015,4,6,Weekday,1400,2-Car,No injury,DRIVER DISTRACTED - EXPLAIN IN NARRATIVE,SR37 & TAPP,39.13704,-86.572896
2015,4,6,Weekday,1200,3+ Cars,No injury,LEFT OF CENTER,N ROGERS & W 11TH,39.173184,-86.538528
2015,4,7,Weekend,1200,2-Car,No injury,FAILURE TO YIELD RIGHT OF WAY,RHORER & WALNUT STREET,39.12141994,-86.53134986
2015,4,7,Weekend,1300,2-Car,No injury,IMPROPER TURNING,MULLER & THIRD,0,0
2015,4,7,Weekend,1700,2-Car,No injury,IMPROPER PASSING,BARRINGTON & EAST 10TH,39.17166978,-86.48927717
2015,4,7,Weekend,1800,2-Car,No injury,FAILURE TO YIELD RIGHT OF WAY,S COLLEGE MALL,39.15250667,-86.497904
2015,4,7,Weekend,1500,Moped/Motorcycle,functional,OTHER (DRIVER) - EXPLAIN IN NARRATIVE,2300 N WALNUT ST & STATE RD 46,39.16063672,-86.533714
2015,4,7,Weekend,1800,2-Car,No injury,UNSAFE BACKING,N JACOB,39.16846848,-86.5732727
2015,4,7,Weekend,1900,2-Car,No injury,OTHER (VEHICLE) - EXPLAIN IN NARRATIVE,EAST LAW,39.17302832,-86.51339918
2015,4,6,Weekday,300,3+ Cars,No injury,SPEED TOO FAST FOR WEATHER CONDITIONS,KINSER & SR37N,39.22607704,-86.54663581
2015,4,7,Weekend,2300,2-Car,No injury,DISREGARD SIGNAL/REG SIGN,ATWATER & JORDAN,39.16305243,-86.51638885
2015,4,7,Weekend,1400,2-Car,functional,FOLLOWING TOO CLOSELY,17TH & SR46,39.17984,-86.507088
2015,4,1,Weekend,1000,2-Car,No injury,SPEED TOO FAST FOR WEATHER CONDITIONS,SR4546W & WALNUT,39.186368,-86.5344
2015,4,1,Weekend,1000,2-Car,No injury,DISREGARD SIGNAL/REG SIGN,10TH & LINCOLN,39.171712,-86.530992
2015,4,1,Weekend,1000,2-Car,No injury,UNSAFE BACKING,SUGAR MAPLE,39.15715836,-86.58867045
2015,4,1,Weekend,1100,2-Car,No injury,IMPROPER LANE USAGE,EAST 3RD & PI BETA PHI,0,0
2015,4,7,Weekend,100,2-Car,No injury,FOLLOWING TOO CLOSELY,FAIRFAX & WALNUT STREET,39.10715997,-86.52650982
2015,4,7,Weekend,1800,2-Car,No injury,FOLLOWING TOO CLOSELY,SAMPLE & SR37S,39.26478727,-86.52270297
2015,4,6,Weekend,2100,Moped/Motorcycle,functional,OVERCORRECTING/OVERSTEERING,S KNIGHTRIDGE & SR446N,39.14420245,-86.46687098
2015,4,1,Weekend,1300,2-Car,No injury,FOLLOWING TOO CLOSELY,KIRKWOOD & ROGERS,39.166672,-86.538608
2015,4,1,Weekend,1300,2-Car,No injury,UNSAFE BACKING,W SR 45,39.125312,-86.610496
2015,4,1,Weekend,1600,3+ Cars,No injury,FOLLOWING TOO CLOSELY,10TH & SR45W,39.1772081,-86.47765905
2015,4,1,Weekend,1700,2-Car,No injury,UNSAFE BACKING,E 10TH,39.171504,-86.49509867
2015,4,1,Weekday,2100,2-Car,No injury,FAILURE TO YIELD RIGHT OF WAY,JORDAN & THIRD,0,0
2015,4,2,Weekday,200,1-Car,No injury,UNSAFE SPEED,MCCARTNEY & S SARE,39.14588973,-86.49749971
2015,4,2,Weekday,700,2-Car,No injury,FOLLOWING TOO CLOSELY,E HILLSIDE & OLIVE,39.150656,-86.5188
2015,4,1,Weekend,700,1-Car,,RAN OFF ROAD RIGHT,INGRAM & SR37N,39.00289178,-86.53728159
2015,4,2,Weekday,800,2-Car,No injury,FOLLOWING TOO CLOSELY,ADAMS & TAPP,0,0
2015,4,6,Weekday,1700,2-Car,No injury,DRIVER DISTRACTED - EXPLAIN IN NARRATIVE,E DILLMAN & OLD STATE ROAD 37,39.092944,-86.544
2015,4,2,Weekday,800,2-Car,No injury,DISREGARD SIGNAL/REG SIGN,ATWATER & JORDAN,39.16305243,-86.51638885
2015,4,1,Weekend,200,1-Car,No injury,ANIMAL/OBJECT IN ROADWAY,N GETTYS CREEK & SR46,39.16331638,-86.41683227
2015,4,7,Weekend,100,2-Car,No injury,IMPROPER LANE USAGE,17TH & N WASHINGTON,39.17904,-86.532096
2015,4,1,Weekend,1300,2-Car,No injury,FOLLOWING TOO CLOSELY,10TH & JORDAN,39.171552,-86.515728
2015,4,7,Weekend,2100,1-Car,No injury,RAN OFF ROAD RIGHT,SOUTH OLD STATE ROAD 37 & WEST WAYSIDE,39.16197707,-86.53117015
2015,4,1,Weekend,1300,2-Car,No injury,OTHER (DRIVER) - EXPLAIN IN NARRATIVE,WEST BLOOMFIELD,39.16021541,-86.55312471
2015,4,7,Weekend,2200,2-Car,No injury,OTHER (DRIVER) - EXPLAIN IN NARRATIVE,N HINKLE,39.200448,-86.514192
2015,4,7,Weekend,2200,2-Car,No injury,UNSAFE BACKING,N ROSE,39.16704632,-86.51084236
2015,4,1,Weekend,1600,2-Car,No injury,UNSAFE BACKING,S KINGSTON,39.16658457,-86.49281455
2015,4,1,Weekday,2000,Cyclist,functional,FAILURE TO YIELD RIGHT OF WAY,JORDAN & LAW,39.17476808,-86.51466999
2015,3,7,Weekend,2100,2-Car,No injury,FAILURE TO YIELD RIGHT OF WAY,COLLEGE MALL & COVENANTER,0,0
2015,3,1,Weekend,1200,Pedestrian,non-funcitonal,UNSAFE BACKING,8TH & NORTH SPRING,39.169728,-86.5548
2015,4,2,Weekday,0,1-Car,non-funcitonal,DISREGARD SIGNAL/REG SIGN,E LAW & N UNION,39.16440793,-86.50966018
2015,4,7,Weekend,1300,1-Car,No injury,RAN OFF ROAD RIGHT,OLD SR 37 & WALNUT,39.20704,-86.534704
2015,3,6,Weekday,900,1-Car,No injury,RAN OFF ROAD RIGHT,TUNNEL ROAD,39.2326889,-86.4332199
2015,4,6,Weekday,0,1-Car,No injury,LEFT OF CENTER,CORY LANE,39.15958786,-86.56008148
2015,4,7,Weekend,1400,2-Car,No injury,IMPROPER TURNING,SMITH PIKE & SR46W,39.211683,-86.58610498
2015,4,7,Weekend,2300,Pedestrian,non-funcitonal,PEDESTRIAN ACTION,17TH & INDIANA,39.1790197,-86.52705461
2015,4,2,Weekday,1900,1-Car,functional,RAN OFF ROAD RIGHT,S VICTOR & VICTOR HEIGHTS,39.102448,-86.55696
2015,4,2,Weekday,1500,2-Car,No injury,FAILURE TO YIELD RIGHT OF WAY,DANIELS,39.17296982,-86.59990692
2015,4,6,Weekday,0,2-Car,non-funcitonal,FAILURE TO YIELD RIGHT OF WAY,EAST SAMPLE & SR37N,39.26616,-86.522752
2015,4,2,Weekday,2300,2-Car,No injury,OTHER (DRIVER) - EXPLAIN IN NARRATIVE,11TH & FAIRVIEW,39.17332369,-86.54097606
2015,4,2,Weekday,1300,2-Car,No injury,UNSAFE BACKING,S WALNUT,39.1707889,-86.53353274
2015,4,2,Weekday,1100,2-Car,non-funcitonal,OTHER (DRIVER) - EXPLAIN IN NARRATIVE,E 10TH & FORREST,39.17163022,-86.52237989
2015,4,3,Weekday,700,2-Car,No injury,FOLLOWING TOO CLOSELY,SR37N,0,0
2015,4,3,Weekday,1100,2-Car,No injury,UNSAFE BACKING,ATWATER & S WOODLAWN,39.16328,-86.522592
2015,4,3,Weekday,1300,1-Car,No injury,IMPROPER TURNING,NORTH DUNN,39.18313757,-86.52827404
2015,4,3,Weekday,1300,2-Car,No injury,FOLLOWING TOO CLOSELY,HILLSIDE & WOODLAWN,39.15053341,-86.52261608
2015,4,3,Weekday,1600,2-Car,functional,BRAKE FAILURE OR DEFECTIVE,GORDON & S OLD SR 37,39.121552,-86.531296
2015,4,3,Weekday,1800,2-Car,No injury,FOLLOWING TOO CLOSELY,EAST THIRD & OVERHILL,39.164272,-86.501488
2015,4,3,Weekday,1400,3+ Cars,non-funcitonal,FOLLOWING TOO CLOSELY,EAST BURKS & SOUTH WALNUT,39.14251599,-86.53136998
2015,4,7,Weekend,1400,2-Car,No injury,SPEED TOO FAST FOR WEATHER CONDITIONS,SMITH,0,0
2015,4,3,Weekday,1500,2-Car,No injury,UNSAFE BACKING,FEE & LAW,39.17432203,-86.51891983
2015,4,4,Weekday,300,Pedestrian,non-funcitonal,PEDESTRIAN ACTION,10TH & SR46E,39.171648,-86.502096
2015,4,4,Weekday,800,3+ Cars,No injury,FOLLOWING TOO CLOSELY,E3RD & SO JEFFERSON,39.164304,-86.506992
2015,4,4,Weekday,900,2-Car,No injury,DRIVER DISTRACTED - EXPLAIN IN NARRATIVE,E THIRD & PETE ELLIS,39.16424,-86.495088
2015,4,1,Weekend,1100,2-Car,No injury,UNSAFE BACKING,EAST 10TH,39.171648,-86.50435515
2015,4,4,Weekday,1200,2-Car,No injury,OTHER (DRIVER) - EXPLAIN IN NARRATIVE,S WALNUT,39.136144,-86.528688
2015,4,4,Weekday,1100,2-Car,No injury,FOLLOWING TOO CLOSELY,SR37N & W VERNAL,39.17617467,-86.56292242
2015,4,4,Weekday,1400,2-Car,No injury,UNSAFE BACKING,NORTH FEE,39.17250261,-86.51898354
2015,4,4,Weekday,1300,2-Car,No injury,FOLLOWING TOO CLOSELY,BLOOMFIELD & SR37S,39.148144,-86.572992
2015,4,3,Weekday,1300,2-Car,No injury,UNSAFE BACKING,E 7TH & WOODLAWN,39.16862775,-86.52286299
2015,4,4,Weekday,1300,2-Car,functional,FOLLOWING TOO CLOSELY,SR37N & VERNAL,39.17662048,-86.56252288
2015,4,3,Weekday,1600,2-Car,No injury,FAILURE TO YIELD RIGHT OF WAY,OUTBACK & SR46W,39.21467972,-86.59262847
2015,4,3,Weekday,2000,2-Car,No injury,UNSAFE BACKING,STATE HIGHWAY 37 & WINERY,39.28039983,-86.52268462
2015,4,4,Weekday,1300,2-Car,No injury,IMPROPER TURNING,S MADISON,39.16444714,-86.537296
2015,4,4,Weekday,2100,2-Car,No injury,FOLLOWING TOO CLOSELY,FESS & THIRD,0,0
2015,4,4,Weekday,0,2-Car,No injury,UNSAFE BACKING,N FAIRVIEW,39.175152,-86.54104
2015,4,4,Weekday,2300,1-Car,functional,ANIMAL/OBJECT IN ROADWAY,SR37N & TAPP,39.13676534,-86.572896
2015,4,4,Weekday,700,3+ Cars,No injury,FOLLOWING TOO CLOSELY,BREEDEN & SR45W,39.08680128,-86.67550806
2015,4,5,Weekday,1000,2-Car,No injury,FAILURE TO YIELD RIGHT OF WAY,3RD & UNION,39.164352,-86.5088
2015,4,5,Weekday,1000,2-Car,No injury,UNSAFE BACKING,7TH & UNION,39.168176,-86.5091003
2015,4,5,Weekday,1200,2-Car,No injury,OTHER (DRIVER) - EXPLAIN IN NARRATIVE,EAST THIRD,39.16420519,-86.49964883
2015,4,4,Weekday,1100,1-Car,No injury,IMPROPER LANE USAGE,HUNTER & WOODLAWN,39.16221368,-86.5226233
2015,4,4,Weekday,1400,1-Car,No injury,UNSAFE BACKING,S FAIRFAX,39.09294436,-86.5167456
2015,4,5,Weekday,1700,2-Car,functional,IMPROPER LANE USAGE,SR37N & SR45E,39.148144,-86.572992
2015,4,5,Weekday,1700,2-Car,No injury,FAILURE TO YIELD RIGHT OF WAY,COTTAGE & INDIANA,39.17264,-86.52704
2015,5,6,Weekday,100,1-Car,functional,RAN OFF ROAD RIGHT,CHURCH & VICTOR,39.10753175,-86.54891106
2015,5,6,Weekday,900,2-Car,No injury,OTHER (DRIVER) - EXPLAIN IN NARRATIVE,S WALNUT,39.13493114,-86.52778394
2015,5,6,Weekday,1500,2-Car,functional,IMPROPER TURNING,3RD & FACULTY,39.164352,-86.521088
2015,5,6,Weekday,1600,2-Car,No injury,FOLLOWING TOO CLOSELY,STATE 37 & VERNAL,39.176544,-86.5624
2015,5,6,Weekday,1500,2-Car,No injury,UNSAFE BACKING,E SOUTHERN,39.14984,-86.53213111
2015,5,6,Weekday,1500,2-Car,No injury,UNSAFE BACKING,S WOODSCREST,39.16290283,-86.50295257
2015,5,6,Weekday,1800,2-Car,No injury,DISREGARD SIGNAL/REG SIGN,E 8TH & N GRANT,39.169552,-86.529696
2015,5,6,Weekend,2100,1-Car,No injury,OTHER (VEHICLE) - EXPLAIN IN NARRATIVE,BOTTOM & MT CARMEL,0,0
2015,5,6,Weekend,2300,2-Car,No injury,FAILURE TO YIELD RIGHT OF WAY,EAST WEST & GRANT,0,0
2015,5,7,Weekend,1100,2-Car,No injury,FOLLOWING TOO CLOSELY,AIRPORT & SR45W,39.13611763,-86.59484583
2015,5,6,Weekday,1700,2-Car,No injury,FAILURE TO YIELD RIGHT OF WAY,ALEXANDER & JACOB,39.16877031,-86.57355979
2015,5,7,Weekend,1500,2-Car,No injury,IMPROPER TURNING,STATE ROAD 46,39.207648,-86.573792
2015,5,7,Weekend,1300,2-Car,No injury,UNSAFE BACKING,E KIRKWOOD,39.16664,-86.52798041
2015,5,6,Weekend,2200,2-Car,No injury,OTHER (VEHICLE) - EXPLAIN IN NARRATIVE,E 3RD,39.16444703,-86.52575968
2015,5,7,Weekend,1400,2-Car,No injury,FOLLOWING TOO CLOSELY,WEST 3RD,39.164752,-86.573104
2015,5,6,Weekday,1700,2-Car,No injury,FOLLOWING TOO CLOSELY,CURRY & WOODYARD,39.18881826,-86.58302576
2015,5,7,Weekend,1200,2-Car,No injury,UNSAFE BACKING,WEST 3RD,39.16513824,-86.5824356
2015,5,1,Weekend,1100,2-Car,No injury,UNSAFE BACKING,N GATES,39.16987228,-86.57498168
2015,5,7,Weekend,1700,2-Car,No injury,FAILURE TO YIELD RIGHT OF WAY,LONGVIEW & PETE ELLIS,39.166944,-86.495056
2015,5,7,Weekend,2200,2-Car,No injury,FAILURE TO YIELD RIGHT OF WAY,TENTH & WOODLAWN,0,0
2015,5,7,Weekend,1400,2-Car,No injury,UNSAFE BACKING,E COTTAGE,40.106918,-85.667884
2015,5,7,Weekend,1500,1-Car,No injury,IMPROPER TURNING,E 17TH,39.178848,-86.51144
2015,5,2,Weekday,0,2-Car,No injury,IMPROPER PASSING,12TH & N COLLEGE,40.17592359,-87.26738818
2015,5,2,Weekday,900,2-Car,No injury,FAILURE TO YIELD RIGHT OF WAY,SR46W & UNION VALLEY,39.21477514,-86.59228631
2015,5,2,Weekday,800,1-Car,No injury,DRIVER ASLEEP OR FATIGUED,S LEONARD SPRINGS & SR45W,39.14190066,-86.5828886
2015,5,2,Weekday,1200,1-Car,No injury,DRIVER ILLNESS,FEE & FOSTER,39.17645015,-86.51886016
2015,5,2,Weekday,1400,Bus,No injury,FOLLOWING TOO CLOSELY,11TH & VERNAL,39.173344,-86.555104
2015,5,2,Weekday,1400,2-Car,non-funcitonal,UNSAFE LANE MOVEMENT,CURRY & SR45W,39.142048,-86.582592
2015,5,2,Weekday,1600,2-Car,No injury,IMPROPER TURNING,E 10TH,39.17162087,-86.50077565
2015,5,2,Weekday,1500,2-Car,No injury,FOLLOWING TOO CLOSELY,S STATE ROAD 37,0,0
2015,5,2,Weekday,1700,2-Car,functional,FAILURE TO YIELD RIGHT OF WAY,S CURRY & SR45W,39.14194737,-86.58259072
2015,5,2,Weekday,400,2-Car,No injury,FAILURE TO YIELD RIGHT OF WAY,S CURRY & W 3RD,39.16463971,-86.58292002
2015,5,2,Weekday,1300,2-Car,functional,UNSAFE SPEED,3RD & EASTSIDE,39.1642661,-86.51321379
2015,5,3,Weekday,900,2-Car,No injury,FAILURE TO YIELD RIGHT OF WAY,17TH & JACKSON,39.17874946,-86.5396263
2015,5,3,Weekday,900,2-Car,non-funcitonal,FOLLOWING TOO CLOSELY,SR37S & SR45W,39.187344,-86.5552
2015,4,2,Weekday,1000,1-Car,No injury,FOLLOWING TOO CLOSELY,N NORWAY & N SMITH,39.20188017,-86.58311985
2015,5,1,Weekend,1300,1-Car,No injury,OTHER (DRIVER) - EXPLAIN IN NARRATIVE,S SR 446,39.135648,-86.462248
2015,5,3,Weekday,1000,2-Car,No injury,BRAKE FAILURE OR DEFECTIVE,S FAIRFAX & VERA,39.09609988,-86.51704028
2015,5,3,Weekday,1000,Moped/Motorcycle,non-funcitonal,DISREGARD SIGNAL/REG SIGN,S LIBERTY & SR45W,39.14502188,-86.57775915
2015,4,5,Weekday,1200,1-Car,No injury,UNSAFE SPEED,HARRELL & MOFFETT,39.09970008,-86.49847865
2015,5,3,Weekday,800,2-Car,No injury,FOLLOWING TOO CLOSELY,ROCKPORT & SR37S,39.08835793,-86.61312103
2015,5,2,Weekday,900,2-Car,No injury,FOLLOWING TOO CLOSELY,FAIRFAX & WALNUT STREET,39.10715997,-86.52650982
2015,5,3,Weekday,1200,2-Car,No injury,FAILURE TO YIELD RIGHT OF WAY,10TH & COLLEGE,39.171744,-86.534768
2015,5,2,Weekday,1800,2-Car,non-funcitonal,FAILURE TO YIELD RIGHT OF WAY,E 10TH & N LINCOLN,39.171712,-86.530992
2015,5,3,Weekday,1400,2-Car,No injury,FOLLOWING TOO CLOSELY,SR37N & W VERNAL,39.176544,-86.5624
2015,5,1,Weekend,1500,2-Car,No injury,UNSAFE BACKING,W SR 45,39.125312,-86.610496
2015,5,1,Weekday,1900,Pedestrian,non-funcitonal,PEDESTRIAN ACTION,SOUTH ROGERS & WEST CLEAR CREEK,39.07189666,-86.53976999
2015,5,1,Weekend,1800,3+ Cars,No injury,FAILURE TO YIELD RIGHT OF WAY,SR45W & W ELLER,39.12224,-86.6144
2015,5,3,Weekday,1700,2-Car,No injury,DISREGARD SIGNAL/REG SIGN,ARDEN & HIGH,39.147504,-86.508256
2015,5,3,Weekday,1700,1-Car,No injury,UNSAFE BACKING,E KIRKWOOD,39.166942,-86.546142
2015,5,3,Weekday,1800,1-Car,No injury,RAN OFF ROAD RIGHT,E COVENANTER & S COLLEGE MALL,39.155152,-86.497888
2015,5,3,Weekday,1800,2-Car,No injury,IMPROPER LANE USAGE,ALLEN & PATTERSON,39.15563017,-86.54330983
2015,5,3,Weekday,1600,Moped/Motorcycle,non-funcitonal,UNSAFE SPEED,W KIRKWOOD & WALNUT,39.16664,-86.5336
2015,5,3,Weekday,1600,2-Car,No injury,FOLLOWING TOO CLOSELY,SR46W & W ARLINGTON,39.20808816,-86.57727214
2015,5,4,Weekday,0,2-Car,No injury,IMPROPER TURNING,MCCRACKEN,39.56432171,-86.47568129
2015,5,3,Weekday,1200,2-Car,No injury,UNSAFE BACKING,INDIANA & KIRKWOOD,39.16636554,-86.52688272
2015,5,6,Weekday,1700,2-Car,No injury,OTHER (DRIVER) - EXPLAIN IN NARRATIVE,E 3RD,39.16423861,-86.49522852
2015,5,4,Weekday,1200,2-Car,No injury,FOLLOWING TOO CLOSELY,17TH & SR46E,39.17984,-86.507088
2015,5,4,Weekday,1100,2-Car,No injury,UNSAFE BACKING,E 3RD,39.16426432,-86.50074688
2015,5,4,Weekday,1200,2-Car,No injury,FOLLOWING TOO CLOSELY,17TH & SR45E,39.17984,-86.507088
2015,5,4,Weekday,1200,2-Car,No injury,FAILURE TO YIELD RIGHT OF WAY,ARCH HAVEN,39.16086249,-86.55387438
2015,5,4,Weekday,1100,Cyclist,functional,DISREGARD SIGNAL/REG SIGN,1ST & B LINE,0,0
2015,5,1,Weekend,1400,2-Car,functional,DISREGARD SIGNAL/REG SIGN,SEVENTH & WALNUT,39.1685497,-86.53359018
2015,5,4,Weekday,1500,2-Car,No injury,UNSAFE BACKING,S JORDAN,39.1672661,-86.51619777
2015,5,4,Weekday,1400,1-Car,No injury,OTHER (DRIVER) - EXPLAIN IN NARRATIVE,NORTH KINSER,39.18531418,-86.53826141
2015,5,4,Weekday,1600,2-Car,No injury,FOLLOWING TOO CLOSELY,RANGE & SR46S,39.171504,-86.495312
2015,5,4,Weekday,1700,2-Car,No injury,WRONG WAY ON ONE WAY,EAST 10TH STREET,39.171648,-86.50435515
2015,5,4,Weekday,1600,2-Car,No injury,UNSAFE BACKING,S HIGHLAND & THORNTON,39.14404562,-86.51747281
2015,5,4,Weekday,1700,2-Car,No injury,FAILURE TO YIELD RIGHT OF WAY,E LONGVIEW & N PETE ELLIS,39.166944,-86.495056
2015,5,4,Weekday,1800,Cyclist,functional,FAILURE TO YIELD RIGHT OF WAY,S MORTON & W 2ND,39.161472,-86.53624
2015,5,4,Weekday,1200,2-Car,No injury,FAILURE TO YIELD RIGHT OF WAY,EAST THIRD & PETE ELLIS,39.16424,-86.495088
2015,5,3,Weekday,1700,2-Car,No injury,UNSAFE LANE MOVEMENT,ACUFF & SR37N,39.21040939,-86.55425576
2015,5,3,Weekday,1800,Cyclist,non-funcitonal,FAILURE TO YIELD RIGHT OF WAY,E RAMP CREEK & S FAIRFAX,39.07114998,-86.50319002
2015,5,4,Weekday,1900,2-Car,No injury,IMPROPER LANE USAGE,S COLLEGE,39.17088686,-86.534768
2015,5,4,Weekday,1300,2-Car,No injury,DRIVER DISTRACTED - EXPLAIN IN NARRATIVE,CURRY & PROFILE,39.22484228,-86.5829797
2015,5,3,Weekday,2300,1-Car,No injury,ANIMAL/OBJECT IN ROADWAY,S HARMONY & SR45W,39.11068027,-86.638854
2015,5,5,Weekday,700,3+ Cars,functional,FOLLOWING TOO CLOSELY,COUNTRY CLUB & WALNUT,0,0
2015,5,5,Weekday,900,2-Car,No injury,IMPROPER TURNING,W 15TH,39.176848,-86.55261061
2015,5,5,Weekday,1100,Moped/Motorcycle,No injury,FOLLOWING TOO CLOSELY,3RD & WOODLAWN,39.164352,-86.522592
2015,5,6,Weekday,900,2-Car,No injury,UNSAFE SPEED,MCCORMICK & SMITHVILLE,39.07109968,-86.50787986
2015,5,5,Weekday,1200,2-Car,No injury,OTHER (DRIVER) - EXPLAIN IN NARRATIVE,W SOUTHERN,39.14984,-86.533392
2015,5,5,Weekday,1200,2-Car,No injury,FAILURE TO YIELD RIGHT OF WAY,SO COLLEGE & W KIRKWOOD,39.16236974,-86.53488032
2015,5,5,Weekday,1200,2-Car,non-funcitonal,FAILURE TO YIELD RIGHT OF WAY,ELM & KIRKWOOD,39.166768,-86.5452
2015,5,5,Weekday,1500,2-Car,No injury,FOLLOWING TOO CLOSELY,E 3RD & N CLIFTON,39.16427754,-86.50968262
2015,5,5,Weekday,1700,2-Car,No injury,UNSAFE BACKING,NORTH JORDAN,39.18163681,-86.51081848
2015,5,5,Weekday,1700,2-Car,No injury,OTHER (DRIVER) - EXPLAIN IN NARRATIVE,W STATE ROAD 45 & WALMART,0,0
2015,5,3,Weekday,2200,1-Car,No injury,RAN OFF ROAD RIGHT,ANDERSON & LOW GAP,39.28237689,-86.41189341
2015,5,5,Weekday,2000,2-Car,No injury,UNSAFE BACKING,REEVES,39.2313382,-86.64146728
2015,5,4,Weekday,1700,2-Car,No injury,FAILURE TO YIELD RIGHT OF WAY,OLD SR 37 & S ROGERS,39.099408,-86.537904
2015,5,6,Weekday,100,1-Car,No injury,RAN OFF ROAD RIGHT,HILLSIDE & WALNUT,39.150544,-86.5336
2015,5,5,Weekday,1400,2-Car,functional,IMPROPER LANE USAGE,3RD & SWAIN,39.1642598,-86.51526281
2015,5,5,Weekday,900,2-Car,No injury,FAILURE TO YIELD RIGHT OF WAY,SR37N,0,0
2015,5,6,Weekday,900,2-Car,No injury,FOLLOWING TOO CLOSELY,COLLEGE MALL & MOORES,39.15048033,-86.49825006
2015,5,6,Weekday,900,2-Car,No injury,OTHER (DRIVER) - EXPLAIN IN NARRATIVE,E 3RD & SO WASHINGTON,39.16464,-86.5324
2015,5,6,Weekday,1100,2-Car,No injury,UNSAFE BACKING,JONES & JORDAN,39.16540012,-86.51642034
2015,5,6,Weekday,1300,Moped/Motorcycle,No injury,UNSAFE SPEED,17TH & FESS,39.17900623,-86.52562335
2015,5,6,Weekday,1000,2-Car,No injury,FAILURE TO YIELD RIGHT OF WAY,INDUSTRIAL & SR45W,39.143552,-86.580528
2015,5,4,Weekday,1700,1-Car,functional,RAN OFF ROAD RIGHT,DILLMAN & SR37S,39.0929718,-86.54577636
2015,5,4,Weekday,1700,Cyclist,No injury,FAILURE TO YIELD RIGHT OF WAY,BOLTINGHOUSE & OLD SR 37,39.239744,-86.4992
2015,5,6,Weekday,1200,Cyclist,functional,FAILURE TO YIELD RIGHT OF WAY,7TH & PARK,39.16864,-86.524496
2015,5,6,Weekday,1500,2-Car,No injury,FAILURE TO YIELD RIGHT OF WAY,10TH & PARK,39.171648,-86.524608
2015,5,6,Weekday,1600,2-Car,No injury,FOLLOWING TOO CLOSELY,DUNN & E 3RD,39.164448,-86.528096
2015,5,6,Weekday,1800,2-Car,No injury,FOLLOWING TOO CLOSELY,10TH & SR 4546,39.176848,-86.478192
2015,5,6,Weekday,1700,3+ Cars,functional,FOLLOWING TOO CLOSELY,17TH EAST & NORTH FORREST,39.1790197,-86.52249991
2015,5,6,Weekday,1300,2-Car,non-funcitonal,FAILURE TO YIELD RIGHT OF WAY,MONROE & SR46W,39.186944,-86.5468
2015,5,6,Weekday,1400,2-Car,non-funcitonal,FOLLOWING TOO CLOSELY,HARTSTRAIGHT & SR46W,39.20619965,-86.6113174
2015,5,6,Weekday,1500,2-Car,No injury,OTHER (DRIVER) - EXPLAIN IN NARRATIVE,WALNUT STREET & WINSLOW,39.1359897,-86.52879975
2015,5,6,Weekend,1900,1-Car,No injury,ACCELERATOR FAILURE OR DEFECTIVE,W RALSTON,39.13860082,-86.54499102
2015,5,6,Weekday,1500,3+ Cars,functional,FOLLOWING TOO CLOSELY,EAST 3RD & WOODCREST,39.164272,-86.502416
2015,5,6,Weekday,1800,1-Car,functional,OVERCORRECTING/OVERSTEERING,N MT TABOR & W WOODLAND,39.28344,-86.624192