Year,Month,Day,Weekend?,Hour,Collision Type,Injury Type,Primary Factor,Reported_Location,Latitude,Longitude
2015,5,6,Weekday,1600,2-Car,No injury,FAILURE TO YIELD RIGHT OF WAY,FULLERTON & SR37S,39.122352,-86.5712
2015,5,6,Weekday,1600,2-Car,No injury,FOLLOWING TOO CLOSELY,SR37S & TAPP,39.1360787,-86.572896
2015,5,6,Weekday,1600,2-Car,No injury,OTHER (DRIVER) - EXPLAIN IN NARRATIVE,OLD ST RD 37 & S EMPIRE,39.09541994,-86.54263995
2015,5,6,Weekday,1500,3+ Cars,No injury,FAILURE TO YIELD RIGHT OF WAY,N WALNUT,39.186368,-86.5344
2015,5,6,Weekend,2000,2-Car,No injury,UNSAFE BACKING,CHRIS & EMERY,39.13970527,-86.51947975
2015,5,7,Weekend,700,2-Car,No injury,DISREGARD SIGNAL/REG SIGN,10TH & LINCOLN,39.171712,-86.530992
2015,5,6,Weekday,1200,1-Car,No injury,OTHER (DRIVER) - EXPLAIN IN NARRATIVE,1ST & MORTON,39.15938996,-86.53629988
2015,5,7,Weekend,1000,2-Car,functional,DRIVER DISTRACTED - EXPLAIN IN NARRATIVE,CURRY & SR45W,39.14223567,-86.58233447
2015,5,7,Weekend,1100,2-Car,No injury,UNSAFE BACKING,NORTH GATES,39.16987228,-86.57498168
2015,5,7,Weekend,800,2-Car,No injury,FOLLOWING TOO CLOSELY,SR37N & VERNAL,39.176544,-86.5624
2015,5,6,Weekend,1900,1-Car,No injury,ANIMAL/OBJECT IN ROADWAY,SR45W & W ELLER,39.12206498,-86.61467174
2015,5,7,Weekend,1500,2-Car,No injury,UNSAFE BACKING,E 17TH,39.179008,-86.525888
2015,5,7,Weekend,1800,1-Car,No injury,RAN OFF ROAD RIGHT,SR37N,0,0
2015,5,1,Weekend,900,Bus,No injury,UNSAFE LANE MOVEMENT,BURMA & SR37,39.59882053,-86.55104064
2015,5,7,Weekend,1200,2-Car,No injury,FAILURE TO YIELD RIGHT OF WAY,FOREST PARK & SR46E,39.212048,-86.5872
2015,5,1,Weekend,1400,2-Car,No injury,FOLLOWING TOO CLOSELY,HARTSTRAIGHT & SR46E,39.20619965,-86.61134338
2015,5,7,Weekend,800,1-Car,No injury,OTHER (DRIVER) - EXPLAIN IN NARRATIVE,7TH & ADAMS,39.168576,-86.5496
2015,5,7,Weekend,1700,Moped/Motorcycle,No injury,FAILURE TO YIELD RIGHT OF WAY,LOIS & ROGERS,39.12984,-86.538496
2015,5,1,Weekday,2200,1-Car,No injury,ROADWAY SURFACE CONDITION,ALLEN & PATTERSON,39.13448613,-86.54330983
2015,5,6,Weekday,1200,2-Car,No injury,UNSAFE BACKING,10TH & 1319 E 10TH ST,39.176848,-86.478192
2015,5,1,Weekend,1200,Moped/Motorcycle,functional,LEFT OF CENTER,HAYS & SR446S,39.04464,-86.407952
2015,5,2,Weekday,900,2-Car,No injury,OTHER (DRIVER) - EXPLAIN IN NARRATIVE,WEST 1ST,39.159344,-86.53237322
2015,5,7,Weekend,1700,2-Car,No injury,FOLLOWING TOO CLOSELY,S OLD STATE ROAD 37 & W HOBART,39.01368968,-86.54097966
2015,5,1,Weekday,1900,2-Car,functional,DRIVER DISTRACTED - EXPLAIN IN NARRATIVE,N SKIRVIN & SR45E,39.22681256,-86.43548939
2015,5,2,Weekday,700,1-Car,No injury,UNSAFE SPEED,E FENBROOK,39.15850067,-86.47673034
2015,5,2,Weekday,600,2-Car,No injury,FAILURE TO YIELD RIGHT OF WAY,N ENT DRIVE TO WESTBURY VIL & SR37N,0,0
2015,5,2,Weekday,1100,2-Car,No injury,UNSAFE BACKING,N FEE,39.175152,-86.518992
2015,5,2,Weekday,1200,1-Car,functional,SPEED TOO FAST FOR WEATHER CONDITIONS,DUNN & OLD STATE ROAD 37,39.208048,-86.528704
2015,5,2,Weekday,1300,1-Car,non-funcitonal,RAN OFF ROAD RIGHT,SR45E & TUNNEL,39.23075611,-86.42494389
2015,5,2,Weekday,1300,2-Car,No injury,IMPROPER PASSING,E 3RD,39.16464,-86.5324
2015,5,2,Weekday,1700,2-Car,No injury,FAILURE TO YIELD RIGHT OF WAY,20TH & DUNN,39.18184,-86.5284
2015,5,2,Weekday,2000,2-Car,No injury,FAILURE TO YIELD RIGHT OF WAY,EAST ATWATER & SOUTH HIGHLAND,39.1632,-86.517584
2015,5,2,Weekday,1400,2-Car,No injury,IMPROPER TURNING,S WALNUT,39.142555,-86.531238
2015,5,2,Weekday,1700,2-Car,No injury,FOLLOWING TOO CLOSELY,SR45W & W JOHN WILLIAMS,39.10108185,-86.64842657
2015,5,2,Weekday,1700,2-Car,functional,FOLLOWING TOO CLOSELY,SR37S & W 3RD,39.164752,-86.573104
2015,5,2,Weekday,1500,2-Car,No injury,FOLLOWING TOO CLOSELY,E 10TH & SR46,39.17163351,-86.50139055
2015,5,3,Weekday,400,1-Car,No injury,ANIMAL/OBJECT IN ROADWAY,BUSINESS & SR37N,0,0
2015,5,3,Weekday,300,2-Car,No injury,UNSAFE SPEED,16TH & LINCOLN,39.17765469,-86.53086645
2015,5,3,Weekday,700,2-Car,No injury,FOLLOWING TOO CLOSELY,RIDGEVIEW & SOUTH WALNUT,39.13725255,-86.53143972
2015,5,3,Weekday,800,2-Car,No injury,DISREGARD SIGNAL/REG SIGN,PATTERSON & ROGERS,39.15379287,-86.53875256
2015,5,3,Weekday,1900,Cyclist,non-funcitonal,DISREGARD SIGNAL/REG SIGN,4TH & S WALNUT,39.165648,-86.5336
2015,5,3,Weekday,500,1-Car,No injury,RAN OFF ROAD RIGHT,SR37S & VICTOR,39.105552,-86.551104
2015,5,3,Weekday,1500,2-Car,No injury,UNSAFE BACKING,S ROCKPORT,39.165648,-86.505792
2015,5,4,Weekday,800,2-Car,No injury,FAILURE TO YIELD RIGHT OF WAY,ROGERS & WEST KIRKWOOD,39.16660979,-86.53868324
2015,5,1,Weekend,1200,2-Car,No injury,FAILURE TO YIELD RIGHT OF WAY,PARKING LOT ROLL 10,0,0
2015,5,3,Weekday,700,2-Car,No injury,FAILURE TO YIELD RIGHT OF WAY,RUSSELL & SR45E,39.17763138,-86.48161112
2015,5,4,Weekday,1200,2-Car,functional,DISREGARD SIGNAL/REG SIGN,SR37 & SR45W,39.148144,-86.572992
2015,5,3,Weekday,1600,2-Car,No injury,FOLLOWING TOO CLOSELY,N CURRY & W PROFILE,39.17196013,-86.58297105
2015,5,6,Weekday,300,2-Car,No injury,IMPROPER TURNING,12TH & INDIANA,39.17409344,-86.52707853
2015,5,6,Weekend,2100,2-Car,No injury,LEFT OF CENTER,LAKEVIEW,39.22525499,-86.60525511
2015,5,4,Weekday,2000,1-Car,non-funcitonal,OTHER (DRIVER) - EXPLAIN IN NARRATIVE,E CHAMBERS & SR37N,39.30405363,-86.51688615
2015,5,4,Weekday,1300,1-Car,No injury,OTHER (DRIVER) - EXPLAIN IN NARRATIVE,OLD STATE ROAD 37 SOUTH & WAYSIDE,39.10917968,-86.53117015
2015,5,5,Weekday,800,2-Car,No injury,UNSAFE BACKING,E 10TH,39.17157747,-86.51808392
2015,5,4,Weekday,1200,Moped/Motorcycle,non-funcitonal,FAILURE TO YIELD RIGHT OF WAY,SALE & VINE,39.234384,-86.624064
2015,5,5,Weekday,900,2-Car,No injury,DISREGARD SIGNAL/REG SIGN,N WALNUT & W KIRKWOOD,39.16664,-86.5336
2015,5,4,Weekday,1600,2-Car,No injury,FAILURE TO YIELD RIGHT OF WAY,10TH & LINCOLN,39.171712,-86.530992
2015,5,3,Weekday,2000,2-Car,No injury,DRIVER DISTRACTED - EXPLAIN IN NARRATIVE,RAUBS,39.23007314,-86.635728
2015,5,5,Weekday,2000,2-Car,No injury,FAILURE TO YIELD RIGHT OF WAY,MILLER & WALNUT,39.146944,-86.532544
2015,5,5,Weekday,1800,2-Car,No injury,FOLLOWING TOO CLOSELY,SR37S & VICTOR,39.10649288,-86.55238793
2015,5,5,Weekday,2100,1-Car,non-funcitonal,RAN OFF ROAD RIGHT,E RHORER & S HARRELL,39.121808,-86.498784
2015,5,6,Weekday,100,1-Car,No injury,ANIMAL/OBJECT IN ROADWAY,WALNUT,39.186368,-86.5344
2015,5,6,Weekday,700,2-Car,No injury,FOLLOWING TOO CLOSELY,S MADISON & W COUNTRY CLUB,39.136048,-86.536992
2015,5,4,Weekday,700,2-Car,No injury,FAILURE TO YIELD RIGHT OF WAY,N SMITH & SR46W,39.210144,-86.5832
2015,5,6,Weekday,800,2-Car,No injury,FOLLOWING TOO CLOSELY,S CORY & W BLOOMFIELD,39.15710002,-86.55969008
2015,5,6,Weekday,1000,2-Car,No injury,IMPROPER TURNING,INDIANA & KIRKWOOD,39.16664,-86.52700185
2015,5,6,Weekday,900,1-Car,No injury,ANIMAL/OBJECT IN ROADWAY,300 N PETE ELLIS & E BRAESIDE,39.168192,-86.49504
2015,5,6,Weekday,1200,Bus,No injury,UNSAFE LANE MOVEMENT,10TH & UNION,39.171472,-86.509376
2015,5,6,Weekday,1100,2-Car,No injury,OTHER (DRIVER) - EXPLAIN IN NARRATIVE,SO COLLEGE MALL,39.1571027,-86.49775855
2015,5,6,Weekday,1200,2-Car,No injury,FAILURE TO YIELD RIGHT OF WAY,N KINSER,39.222752,-86.550096
2015,5,6,Weekday,1400,2-Car,No injury,UNSAFE LANE MOVEMENT,STATE RD 45 46 & WALNUT,39.186368,-86.5344
2015,5,6,Weekday,1500,2-Car,non-funcitonal,UNSAFE SPEED,DUNN & SR37N,39.18363953,-86.5283432
2015,5,6,Weekday,1400,2-Car,No injury,UNSAFE BACKING,S LANDMARK,39.16103363,-86.55483245
2015,5,6,Weekend,1900,2-Car,No injury,UNSAFE BACKING,E 3RD,39.164272,-86.50177208
2015,5,6,Weekday,1600,3+ Cars,No injury,BRAKE FAILURE OR DEFECTIVE,E 3RD,39.16424,-86.49259396
2015,5,6,Weekend,2300,2-Car,No injury,OTHER (DRIVER) - EXPLAIN IN NARRATIVE,4TH & DUNN,39.165648,-86.52793231
2015,5,7,Weekend,900,2-Car,No injury,FAILURE TO YIELD RIGHT OF WAY,ALLEN & PEACH TREE,39.15592991,-86.55581027
2015,5,7,Weekend,1300,2-Car,No injury,FAILURE TO YIELD RIGHT OF WAY,11TH & ROGERS,39.173184,-86.538528
2015,5,7,Weekend,1500,2-Car,No injury,IMPROPER TURNING,3RD & S HIGHLAND,39.16427367,-86.51771488
2015,5,7,Weekend,1500,2-Car,No injury,FOLLOWING TOO CLOSELY,SR37S & VERNAL,39.176544,-86.5624
2015,5,7,Weekend,1700,1-Car,No injury,OVERCORRECTING/OVERSTEERING,SR37S & ZIKES,39.04670943,-86.53586743
2015,5,7,Weekend,1900,2-Car,No injury,UNSAFE BACKING,S ROCKPORT,39.14144,-86.543632
2015,5,7,Weekend,1700,2-Car,No injury,FOLLOWING TOO CLOSELY,E MOORES & S FENBROOK,39.15022016,-86.48725971
2015,5,7,Weekend,1900,2-Car,No injury,IMPROPER TURNING,S WALKER & W 1ST,39.159648,-86.546
2015,5,7,Weekend,2000,1-Car,No injury,ANIMAL/OBJECT IN ROADWAY,BOTTOM & SR37N,39.11733209,-86.55792236
2015,5,1,Weekend,700,1-Car,No injury,ANIMAL/OBJECT IN ROADWAY,SR37N & TAPP,39.14390618,-86.57297357
2015,5,6,Weekday,1200,1-Car,No injury,OTHER (ENVIRONMENTAL) - EXPLAIN IN NARR,S BORUFF & W BOLIN,39.10032973,-86.57021977
2015,5,6,Weekday,1800,2-Car,No injury,OTHER (DRIVER) - EXPLAIN IN NARRATIVE,45,39.16424,-86.48664897
2015,5,1,Weekend,300,1-Car,non-funcitonal,RAN OFF ROAD RIGHT,E MONROE DAM,39.010368,-86.507216
2015,5,7,Weekend,0,2-Car,No injury,UNSAFE BACKING,8TH & WALNUT,39.169552,-86.533552
2015,5,1,Weekday,2300,1-Car,No injury,RAN OFF ROAD RIGHT,SR37S & TAPP,39.13704,-86.572896
2015,5,2,Weekday,0,1-Car,No injury,ANIMAL/OBJECT IN ROADWAY,FOX HOLLOW & SR37N,39.28536159,-86.52063038
2015,5,1,Weekend,300,1-Car,No injury,UNSAFE LANE MOVEMENT,MITCHELL & THIRD,0,0
2015,5,2,Weekday,900,2-Car,No injury,OTHER (DRIVER) - EXPLAIN IN NARRATIVE,WEST POINTE & WOODHILL,39.1571597,-86.54823454
2015,5,2,Weekday,600,1-Car,No injury,ANIMAL/OBJECT IN ROADWAY,RATLIFF & STARNES,39.2168697,-86.65880658
2015,5,6,Weekday,1500,3+ Cars,No injury,UNSAFE SPEED,SR45 & STANFORD,39.08984,-86.666304
2015,5,2,Weekday,1600,3+ Cars,No injury,FOLLOWING TOO CLOSELY,7TH & SR46N,39.16713579,-86.49984108
2015,4,1,Weekend,1700,2-Car,No injury,UNSAFE BACKING,E 10TH,39.17164591,-86.50199444
2015,5,2,Weekday,2100,2-Car,No injury,FAILURE TO YIELD RIGHT OF WAY,ALLENDALE & WINSLOW,39.136096,-86.516
2015,5,4,Weekday,1600,2-Car,non-funcitonal,UNSAFE SPEED,SR37 & TAPP,39.03085178,-86.55490112
2015,5,2,Weekday,1200,2-Car,No injury,FAILURE TO YIELD RIGHT OF WAY,LANDMARK & W 3RD,39.16442983,-86.5563068
2015,5,3,Weekday,900,2-Car,functional,FAILURE TO YIELD RIGHT OF WAY,HINDS & SR45W,39.099152,-86.652
2015,5,3,Weekday,800,2-Car,No injury,DISREGARD SIGNAL/REG SIGN,SR37N & VERNAL,39.176544,-86.5624
2015,5,3,Weekday,1000,2-Car,No injury,UNSAFE BACKING,E 10TH,39.171648,-86.50249682
2015,5,1,Weekday,2200,1-Car,No injury,ANIMAL/OBJECT IN ROADWAY,JOHN WILLIAMS & SR45W,39.10108185,-86.64842657
2015,5,2,Weekday,1500,1-Car,No injury,ROADWAY SURFACE CONDITION,CHAPEL HILL & SR446S,39.02923435,-86.40806318
2015,5,2,Weekday,600,2-Car,No injury,UNSAFE BACKING,E HILLSIDE,39.170848,-86.503696
2015,5,3,Weekday,1700,2-Car,No injury,IMPROPER LANE USAGE,COUNTRY CLUB & MADISON,0,0
2015,5,3,Weekday,1500,2-Car,No injury,UNSAFE BACKING,COMMON & WESTMINSTER,39.13298026,-86.52176029
2015,5,3,Weekday,1700,2-Car,functional,LEFT OF CENTER,N MADISON & W 17TH,39.178992,-86.537792
2015,5,2,Weekday,2200,1-Car,non-funcitonal,RAN OFF ROAD RIGHT,SOUTH HANDY,39.09397888,-86.49208068
2015,5,3,Weekday,1300,2-Car,No injury,UNSAFE LANE MOVEMENT,3RD & FACULTY,39.164352,-86.52126441
2015,2,2,Weekday,900,1-Car,No injury,SPEED TOO FAST FOR WEATHER CONDITIONS,SR37 & WAYPORT,39.263024,-86.52264
2015,5,3,Weekday,800,3+ Cars,functional,FOLLOWING TOO CLOSELY,SR37 & VERNAL,39.17639627,-86.56260897
2015,5,3,Weekday,700,2-Car,No injury,FOLLOWING TOO CLOSELY,BOLIN & VICTOR,39.10024993,-86.55795
2015,5,3,Weekday,1400,Bus,No injury,UNSAFE LANE MOVEMENT,SR46W & UNIONVALLEY,0,0
2015,5,4,Weekday,700,2-Car,No injury,UNSAFE LANE MOVEMENT,SMITH & SR46E,39.210144,-86.5832
2015,5,4,Weekday,1000,2-Car,No injury,UNSAFE BACKING,S COLLEGE MALL,39.15357139,-86.4978567
2015,5,4,Weekday,1200,2-Car,No injury,DISREGARD SIGNAL/REG SIGN,17TH & DUNN,39.17904,-86.5284
2015,5,4,Weekday,1300,2-Car,No injury,FAILURE TO YIELD RIGHT OF WAY,FULLERTON & SR37S,39.12221146,-86.57353973
2015,5,4,Weekday,1800,3+ Cars,No injury,FOLLOWING TOO CLOSELY,E WINSLOW & S WALNUT STREET,39.136144,-86.528688
2015,5,4,Weekday,1700,3+ Cars,functional,FAILURE TO YIELD RIGHT OF WAY,GRAHAM & ROGERS,39.13992,-86.538416
2015,5,4,Weekday,1400,2-Car,non-funcitonal,FAILURE TO YIELD RIGHT OF WAY,N ROGERS & W 8TH,39.169584,-86.538576
2015,5,4,Weekday,700,2-Car,No injury,UNSAFE LANE MOVEMENT,SR37N & VERNAL,39.1807259,-86.55787222
2015,5,4,Weekday,1000,2-Car,No injury,IMPROPER TURNING,E 3RD,39.16424,-86.49425989
2015,5,5,Weekday,600,1-Car,No injury,ANIMAL/OBJECT IN ROADWAY,SOUTH OLD STATE ROAD 37 & SR37S,39.08660818,-86.54353988
2015,5,4,Weekday,1200,2-Car,No injury,FOLLOWING TOO CLOSELY,SR37N & VERNAL,39.17469734,-86.56501204
2015,5,4,Weekday,1200,2-Car,No injury,FAILURE TO YIELD RIGHT OF WAY,CURRY & VERNAL,39.17915985,-86.58308029
2015,5,5,Weekday,800,2-Car,No injury,UNSAFE BACKING,JORDAN & WELLS LIBRARY S,0,0
2015,5,3,Weekday,2000,1-Car,non-funcitonal,RAN OFF ROAD RIGHT,OLD STATE ROAD 37 & WILEY,39.251296,-86.500832
2015,5,2,Weekday,1500,2-Car,non-funcitonal,SPEED TOO FAST FOR WEATHER CONDITIONS,CHAPEL & SR446S,39.18135445,-86.40534811
2015,5,5,Weekday,2200,2-Car,No injury,UNSAFE BACKING,E 2ND,39.16099191,-86.51598885
2015,5,5,Weekday,2100,2-Car,functional,FOLLOWING TOO CLOSELY,2ND & SR37S,0,0
2015,5,5,Weekday,700,2-Car,No injury,FOLLOWING TOO CLOSELY,SR37 & VERNAL PIKE,39.19513144,-86.56252288
2015,5,6,Weekday,0,Moped/Motorcycle,non-funcitonal,ACCELERATOR FAILURE OR DEFECTIVE,W RAPPEL,39.187683,-86.54618
2015,5,5,Weekday,100,2-Car,No injury,FAILURE TO YIELD RIGHT OF WAY,OLD STATE ROAD 37,39.138688,-86.465968
2015,5,6,Weekday,1000,2-Car,No injury,UNSAFE BACKING,DUNN & KIRKWOOD,39.16664,-86.52808615
2015,5,6,Weekday,1300,2-Car,functional,FAILURE TO YIELD RIGHT OF WAY,2ND & WALKER,39.16142978,-86.54614023
2015,5,6,Weekend,1900,2-Car,non-funcitonal,DISREGARD SIGNAL/REG SIGN,2ND & COLLEGE,39.16144,-86.534848
2015,5,2,Weekday,1500,2-Car,No injury,FOLLOWING TOO CLOSELY,S FAIRFAX & S WALNUT STREET,39.10715997,-86.52650982
2015,5,3,Weekday,1600,2-Car,No injury,LEFT OF CENTER,5200 S HARRELL & MOFFETT,0,0
2015,5,7,Weekend,100,1-Car,No injury,ANIMAL/OBJECT IN ROADWAY,E POINTE & POINTE VIEW,39.03492004,-86.50864329
2015,5,7,Weekend,900,2-Car,No injury,UNSAFE BACKING,WEST ALLEN,39.155708,-86.548507
2015,5,7,Weekend,1200,2-Car,No injury,FOLLOWING TOO CLOSELY,COUNTRY CLUB & ROCKPORT,39.136448,-86.548704
2015,5,7,Weekend,1400,2-Car,No injury,DRIVER DISTRACTED - EXPLAIN IN NARRATIVE,SR37 & W 3RD,39.164752,-86.573104
2015,5,7,Weekend,1300,Pedestrian,functional,PEDESTRIAN ACTION,6TH & GRANT,39.167712,-86.529696
2015,5,1,Weekend,700,2-Car,No injury,OTHER (VEHICLE) - EXPLAIN IN NARRATIVE,COUNTRYSIDE,39.132704,-86.544432
2015,5,1,Weekend,1000,2-Car,No injury,WRONG WAY ON ONE WAY,ATWATER & MITCHELL,39.16308001,-86.5141797
2015,5,6,Weekday,1600,2-Car,No injury,FAILURE TO YIELD RIGHT OF WAY,S CURRY & SR45W,39.142048,-86.582592
2015,5,1,Weekend,1200,1-Car,non-funcitonal,RAN OFF ROAD RIGHT,GROSS & KNIGHTRIDGE,39.12668981,-86.435733
2015,5,7,Weekend,1600,2-Car,No injury,BRAKE FAILURE OR DEFECTIVE,S LEONARD SPRINGS,39.142048,-86.582592
2015,5,1,Weekend,1500,2-Car,No injury,ENGINE FAILURE OR DEFECTIVE,SR37S & W TAPP,39.13704,-86.572896
2015,5,1,Weekend,1200,2-Car,No injury,UNSAFE BACKING,WEST SR 45,39.161296,-86.589792
2015,5,6,Weekend,2000,2-Car,non-funcitonal,FAILURE TO YIELD RIGHT OF WAY,SR37S & WEST SMITHVILLE,39.071056,-86.5356
2015,5,3,Weekday,100,2-Car,No injury,UNSAFE BACKING,ALEXANDER & W 11TH,39.173344,-86.549296
2015,5,1,Weekend,1200,1-Car,No injury,ANIMAL/OBJECT IN ROADWAY,CO 330 W & S OLD STATE ROAD 37,0,0
2015,5,3,Weekday,900,1-Car,No injury,OTHER (ENVIRONMENTAL) - EXPLAIN IN NARR,N COLLEGE,39.168656,-86.534784
2015,5,3,Weekday,800,2-Car,No injury,FOLLOWING TOO CLOSELY,N OLD SR 37 & N WALNUT,39.20704,-86.534704
2015,5,3,Weekday,900,2-Car,functional,FOLLOWING TOO CLOSELY,SMITH & WALNUT,39.17342398,-86.53362974
2015,5,3,Weekday,900,2-Car,functional,DISREGARD SIGNAL/REG SIGN,CURRY & SR 45,39.142048,-86.582592
2015,5,3,Weekday,900,2-Car,No injury,DISREGARD SIGNAL/REG SIGN,GRIMES & WALNUT,39.15335029,-86.53371021
2015,5,3,Weekday,900,Bus,No injury,FAILURE TO YIELD RIGHT OF WAY,LINDBERGH & W 15TH,39.176848,-86.552592
2015,5,2,Weekday,1900,2-Car,No injury,FOLLOWING TOO CLOSELY,RAMP 14 & STATE ROAD 45,0,0
2015,5,3,Weekday,1600,2-Car,No injury,FOLLOWING TOO CLOSELY,EAST 3RD & PARK RIDGE,39.16424,-86.476096
2015,5,3,Weekday,2000,2-Car,No injury,UNSAFE BACKING,E KIRKWOOD,39.16664,-86.52923559
2015,5,3,Weekday,1400,2-Car,No injury,FOLLOWING TOO CLOSELY,S PATTERSON & W 2ND,39.16074984,-86.54850997
2015,5,3,Weekday,2200,2-Car,No injury,DISREGARD SIGNAL/REG SIGN,CAMPBELL & PARK,39.2291797,-86.61852031
2015,5,1,Weekend,300,2-Car,No injury,DRIVER DISTRACTED - EXPLAIN IN NARRATIVE,GRANT & SIXTH,39.16753985,-86.52979016
2015,5,5,Weekday,1700,Moped/Motorcycle,non-funcitonal,OVERCORRECTING/OVERSTEERING,DEPOT & SR46W,39.23006821,-86.61717987
2015,5,3,Weekday,1400,2-Car,functional,FAILURE TO YIELD RIGHT OF WAY,10TH & CAMPBELL,39.17158999,-86.51394031
2015,5,4,Weekday,900,2-Car,No injury,FAILURE TO YIELD RIGHT OF WAY,2ND & S WALNUT,39.16144,-86.5336
2015,5,4,Weekday,1000,2-Car,No injury,BRAKE FAILURE OR DEFECTIVE,SR45E & SR46E,39.171648,-86.502096
2015,5,6,Weekday,800,2-Car,No injury,FAILURE TO YIELD RIGHT OF WAY,PAUL & SR46W,39.229904,-86.619136
2015,5,4,Weekday,1600,2-Car,functional,FOLLOWING TOO CLOSELY,S MADISON & W 2ND,39.161488,-86.537296
2015,5,1,Weekday,2200,2-Car,No injury,FOLLOWING TOO CLOSELY,SR37N & WAYPORT,39.263024,-86.52264
2015,5,5,Weekday,0,1-Car,No injury,ANIMAL/OBJECT IN ROADWAY,611 CHURCH & ROGERS,39.10738864,-86.54138997
2015,5,5,Weekday,700,2-Car,No injury,FAILURE TO YIELD RIGHT OF WAY,3RD & CLARIZZ,39.16424,-86.49115281
2015,5,5,Weekday,700,1-Car,No injury,DRIVER DISTRACTED - EXPLAIN IN NARRATIVE,SOUTH COLLEGE,39.16115717,-86.53485253
2015,5,5,Weekday,700,Cyclist,non-funcitonal,FAILURE TO YIELD RIGHT OF WAY,N KINSER & W PARRISH,39.188144,-86.5376
2015,5,5,Weekday,900,1-Car,No injury,IMPROPER TURNING,WOODSCREST,39.16260391,-86.50236256
2015,5,5,Weekday,1200,2-Car,No injury,FOLLOWING TOO CLOSELY,EAST 10TH & INDIANA,39.17168,-86.527024
2015,5,5,Weekday,1200,2-Car,No injury,FAILURE TO YIELD RIGHT OF WAY,COTTAGE GROVE & FORREST,39.17252004,-86.5224
2015,5,5,Weekday,1100,2-Car,No injury,OTHER (DRIVER) - EXPLAIN IN NARRATIVE,E 3RD & KINGSTON,39.16424,-86.492944
2015,5,5,Weekday,1200,2-Car,No injury,UNSAFE BACKING,1201 E 3RD EAST SERVICE & 3RD,39.164448,-86.471888
2015,5,5,Weekday,1300,2-Car,No injury,IMPROPER LANE USAGE,PETE ELLIS & SR46E,39.16424,-86.49455879
2015,5,4,Weekday,700,1-Car,No injury,ANIMAL/OBJECT IN ROADWAY,E SMITHVILLE & S FIDLER,39.0710903,-86.50876515
2015,5,5,Weekday,2000,2-Car,No injury,OTHER (DRIVER) - EXPLAIN IN NARRATIVE,DUNN & KIRKWOOD,39.16664,-86.52925047
2015,5,5,Weekday,1400,2-Car,No injury,IMPROPER TURNING,10TH & COLLEGE,39.171744,-86.534768
2015,5,5,Weekday,1600,2-Car,No injury,FAILURE TO YIELD RIGHT OF WAY,E HILLSIDE & S WASHINGTON,39.15056,-86.5324
2015,5,5,Weekday,1600,2-Car,functional,DISREGARD SIGNAL/REG SIGN,E 6TH & N WALNUT,39.167648,-86.533584
2015,5,5,Weekday,2300,1-Car,No injury,IMPROPER TURNING,WOODSCREST,39.16260391,-86.50236256
2015,5,5,Weekday,2200,2-Car,No injury,FOLLOWING TOO CLOSELY,45 46 BYPASS & WALNUT,39.18637969,-86.53453968
2015,7,6,Weekday,900,2-Car,No injury,FAILURE TO YIELD RIGHT OF WAY,3RD & GRANT,39.16464,-86.529728
2015,7,6,Weekday,1000,2-Car,No injury,DRIVER DISTRACTED - EXPLAIN IN NARRATIVE,LAKE VIEW & SR46W,39.22571945,-86.60507861
2015,7,6,Weekday,1000,2-Car,No injury,DISREGARD SIGNAL/REG SIGN,3RD & WALNUT,39.16464,-86.5336
2015,7,4,Weekday,800,2-Car,No injury,DRIVER DISTRACTED - EXPLAIN IN NARRATIVE,ARLINGTON & SR46W,39.20909594,-86.58159662
2015,7,4,Weekday,1200,2-Car,functional,DRIVER ILLNESS,BOTTOM & SR37N,39.28170383,-86.55792236
2015,7,4,Weekday,1500,2-Car,No injury,FAILURE TO YIELD RIGHT OF WAY,SR37S & W FULLERTON,0,0
2015,7,5,Weekday,1700,2-Car,No injury,FOLLOWING TOO CLOSELY,ACUFF & SR37N,39.20824,-86.554704
2015,7,6,Weekday,1300,2-Car,No injury,UNSAFE BACKING,E 10TH,39.171504,-86.49504533
2015,7,6,Weekday,1700,2-Car,No injury,FAILURE TO YIELD RIGHT OF WAY,N FAIRVIEW & W 11TH,39.173152,-86.5408
2015,7,6,Weekday,1600,2-Car,No injury,IMPROPER TURNING,E 3RD & JORDAN,0,0
2015,7,6,Weekday,1700,2-Car,No injury,UNSAFE BACKING,E VARSITY,39.183132,-86.531143
2015,7,6,Weekend,1900,2-Car,No injury,FOLLOWING TOO CLOSELY,LEONARD SPRINGS & TAPP,39.13704,-86.582512
2015,7,6,Weekend,2000,2-Car,functional,DISREGARD SIGNAL/REG SIGN,SR37 & WEST 3RD,39.164752,-86.573104
2015,8,7,Weekend,300,1-Car,No injury,ANIMAL/OBJECT IN ROADWAY,DILLMAN & OLD STATE ROAD 37,39.092944,-86.544
2015,8,7,Weekend,900,2-Car,No injury,FOLLOWING TOO CLOSELY,SR37N & VERNAL,39.176544,-86.5624
2015,7,6,Weekday,1200,2-Car,No injury,FAILURE TO YIELD RIGHT OF WAY,W 2ND,39.16144727,-86.53510982
2015,7,5,Weekday,2200,Moped/Motorcycle,functional,ROADWAY SURFACE CONDITION,SOUTH OLD STATE ROAD 37 & SR37,39.08590789,-86.54269661
2015,8,7,Weekend,1000,2-Car,No injury,OTHER (DRIVER) - EXPLAIN IN NARRATIVE,SR37N & STONE MILL,0,0
2015,8,7,Weekend,1300,2-Car,No injury,IMPROPER TURNING,N COLLEGE & W 10TH,39.171744,-86.534768