Year,Month,Day,Weekend?,Hour,Collision Type,Injury Type,Primary Factor,Reported_Location,Latitude,Longitude
2015,6,2,Weekday,1200,2-Car,No injury,OTHER (DRIVER) - EXPLAIN IN NARRATIVE,CURRY & GIFFORD,39.156896,-86.582704
2015,6,2,Weekday,1400,2-Car,No injury,UNSAFE BACKING,SR45W,39.125312,-86.610496
2015,6,3,Weekday,1000,2-Car,No injury,FAILURE TO YIELD RIGHT OF WAY,N JACOBS,39.16852154,-86.57362014
2015,6,3,Weekday,1400,1-Car,No injury,ANIMAL/OBJECT IN ROADWAY,S KIMBLE & W 3RD,39.16464,-86.568
2015,6,4,Weekday,1400,2-Car,No injury,IMPROPER TURNING,1ST & WALNUT,39.159344,-86.5336
2015,6,4,Weekday,1200,2-Car,functional,FAILURE TO YIELD RIGHT OF WAY,E 3RD & KINGSTON,39.1636915,-86.49298227
2015,6,4,Weekday,1500,1-Car,No injury,BRAKE FAILURE OR DEFECTIVE,2ND,39.16144,-86.53209829
2015,6,1,Weekend,1600,1-Car,No injury,OTHER (DRIVER) - EXPLAIN IN NARRATIVE,S TAPP & W ADAMS,0,0
2015,6,4,Weekday,1800,1-Car,No injury,BRAKE FAILURE OR DEFECTIVE,SR37S,39.01342431,-86.53708658
2015,6,4,Weekday,2000,2-Car,No injury,UNSAFE BACKING,CURRY,39.15597153,-86.58300781
2015,6,3,Weekday,1500,2-Car,No injury,INSECURE/LEAKY LOAD,BRYANTS CREEK & SR37N,39.334368,-86.5124
2015,6,3,Weekday,1700,2-Car,functional,UNSAFE LANE MOVEMENT,SR46W,0,0
2015,6,4,Weekday,1200,2-Car,No injury,OTHER (DRIVER) - EXPLAIN IN NARRATIVE,E RHORER & S SARE,39.12144005,-86.51157997
2015,6,5,Weekday,1000,2-Car,No injury,UNSAFE BACKING,1833  N FEE (PARKING LOT) & NORTH FEE,39.171584,-86.518688
2015,6,4,Weekday,1300,2-Car,No injury,UNSAFE BACKING,S MCINTIRE,39.13536072,-86.56948852
2015,6,5,Weekday,1200,2-Car,No injury,IMPROPER PASSING,E KIRKWOOD & S DUNN,39.16664,-86.528192
2015,6,5,Weekday,1100,2-Car,non-funcitonal,LEFT OF CENTER,KEGG & W TAPP,0,0
2015,6,5,Weekday,700,2-Car,non-funcitonal,FOLLOWING TOO CLOSELY,BLUE RIDGE & N WALNUT,39.196848,-86.5344
2015,6,5,Weekday,1400,2-Car,No injury,BRAKE FAILURE OR DEFECTIVE,LOVE & SR46W,39.219152,-86.602304
2015,6,5,Weekday,1500,Bus,No injury,UNSAFE LANE MOVEMENT,E 3RD & FACULTY,39.164352,-86.521088
2015,6,5,Weekday,1600,2-Car,No injury,FOLLOWING TOO CLOSELY,10TH & SR4546S,39.176848,-86.478192
2015,6,5,Weekday,1500,2-Car,No injury,OTHER (DRIVER) - EXPLAIN IN NARRATIVE,W STATE ROAD 45,39.125312,-86.610496
2015,6,6,Weekday,600,1-Car,No injury,ANIMAL/OBJECT IN ROADWAY,ACUFF & SR37,39.20686675,-86.55469409
2015,6,6,Weekday,800,2-Car,functional,FOLLOWING TOO CLOSELY,GRIMES & S WALNUT,39.15344,-86.5336
2015,6,6,Weekday,800,2-Car,No injury,OTHER (ENVIRONMENTAL) - EXPLAIN IN NARR,FULLERTON & SR37,39.12007898,-86.56922069
2015,6,6,Weekday,1100,2-Car,No injury,UNSAFE BACKING,NORTH UNION,39.172144,-86.509392
2015,6,6,Weekday,1100,2-Car,functional,FAILURE TO YIELD RIGHT OF WAY,3011 S LEONARD SPRINGS & BARGE,39.07154747,-86.58260187
2015,6,6,Weekday,1200,2-Car,No injury,FAILURE TO YIELD RIGHT OF WAY,EAST ATWATER & SOUTH CLIFTON,39.163072,-86.5096
2015,6,6,Weekday,1100,2-Car,No injury,UNSAFE SPEED,SR37 & VERNAL,39.20835355,-86.56252288
2015,6,6,Weekday,1700,2-Car,No injury,OVERCORRECTING/OVERSTEERING,E 3RD,39.16422436,-86.49666727
2015,6,6,Weekday,1400,2-Car,non-funcitonal,FAILURE TO YIELD RIGHT OF WAY,GRIMES & S WALNUT,39.15344,-86.5336
2015,6,6,Weekday,1700,2-Car,No injury,FAILURE TO YIELD RIGHT OF WAY,BLOOMFIELD & LIBERTY,0,0
2015,6,6,Weekday,1800,Moped/Motorcycle,,UNSAFE SPEED,FAIRFAX & SCHACHT,39.10697056,-86.52343107
2015,6,6,Weekday,1100,2-Car,No injury,OTHER (DRIVER) - EXPLAIN IN NARRATIVE,WEST 3RD,39.16414261,-86.58426666
2015,6,5,Weekday,1500,2-Car,No injury,FOLLOWING TOO CLOSELY,FULLERTON PIKE & SR37S,39.12340006,-86.571623
2015,6,5,Weekday,2100,2-Car,No injury,FOLLOWING TOO CLOSELY,DILLMAN & FAIRFAX,39.09264,-86.51672
2015,6,7,Weekend,1100,3+ Cars,non-funcitonal,FAILURE TO YIELD RIGHT OF WAY,ALLENDALE & WALNUT ST,39.130944,-86.526688
2015,6,7,Weekend,0,2-Car,No injury,UNSAFE BACKING,OLD SR 37,39.138688,-86.465968
2015,6,7,Weekend,1400,1-Car,No injury,ANIMAL/OBJECT IN ROADWAY,FULLERTON & SR37,39.12007898,-86.56922069
2015,6,6,Weekend,1900,2-Car,No injury,FAILURE TO YIELD RIGHT OF WAY,ROGERS,39.0639583,-86.54369071
2015,6,5,Weekday,1700,2-Car,functional,FOLLOWING TOO CLOSELY,SR37S & THAT,39.115552,-86.564592
2015,6,6,Weekend,1900,1-Car,No injury,ANIMAL/OBJECT IN ROADWAY,DOYLE & S CURRY,39.158352,-86.582752
2015,6,7,Weekend,2200,2-Car,non-funcitonal,FAILURE TO YIELD RIGHT OF WAY,3RD & COLLEGE,39.16464,-86.534816
2015,6,7,Weekend,600,1-Car,No injury,RAN OFF ROAD RIGHT,MONROE DAM & TAILWATER,38.74560983,-86.51796028
2015,6,7,Weekend,1000,2-Car,No injury,UNSAFE LANE MOVEMENT,9TH & WALNUT,39.170544,-86.533536
2015,6,4,Weekday,1100,2-Car,No injury,FOLLOWING TOO CLOSELY,GORDON & OLD STATE ROAD 37,39.121552,-86.531296
2015,6,7,Weekend,1200,2-Car,No injury,DRIVER DISTRACTED - EXPLAIN IN NARRATIVE,SR446S,39.135648,-86.462248
2015,6,7,Weekend,2300,1-Car,No injury,UNSAFE BACKING,N MADISON,39.176048,-86.537696
2015,6,1,Weekend,1700,3+ Cars,functional,DRIVER ILLNESS,W 3RD,39.16424,-86.4812
2015,6,1,Weekend,1300,2-Car,No injury,FAILURE TO YIELD RIGHT OF WAY,WEST 3RD & WYNNEDALE,39.164672,-86.570288
2015,6,4,Weekday,200,1-Car,No injury,DRIVER ASLEEP OR FATIGUED,SOUTH CRAMER,39.12221909,-86.54727172
2015,6,2,Weekday,800,3+ Cars,No injury,FAILURE TO YIELD RIGHT OF WAY,DUNLAP & SR45W,39.11902366,-86.61946886
2015,6,2,Weekday,1100,2-Car,No injury,UNSAFE BACKING,E MAPLECREST & N HEADLEY,39.188944,-86.5144
2015,6,4,Weekday,1900,2-Car,functional,FAILURE TO YIELD RIGHT OF WAY,S CURRY & W 3RD,39.16463971,-86.5829157
2015,6,5,Weekday,1300,2-Car,No injury,UNSAFE BACKING,10TH & COLLEGE,39.171744,-86.534768
2015,6,2,Weekday,1100,3+ Cars,functional,FOLLOWING TOO CLOSELY,MADISON & WEST 2ND,39.16141033,-86.53743549
2015,6,2,Weekday,1300,2-Car,No injury,IMPROPER TURNING,N WALNUT,39.16871445,-86.53356669
2015,6,5,Weekday,1700,1-Car,No injury,OTHER (ENVIRONMENTAL) - EXPLAIN IN NARR,ARLINGTON & SR46W,39.20840345,-86.58055083
2015,6,5,Weekday,2100,1-Car,No injury,OTHER (DRIVER) - EXPLAIN IN NARRATIVE,RATLIFF,39.21679527,-86.64838135
2015,6,2,Weekday,1700,2-Car,No injury,FOLLOWING TOO CLOSELY,FULLERTON & SR7N,39.12221146,-86.57353973
2015,5,5,Weekday,2200,1-Car,No injury,RAN OFF ROAD RIGHT,TOWER & W ISON,39.104944,-86.61032
2015,6,2,Weekday,1300,2-Car,No injury,OTHER (DRIVER) - EXPLAIN IN NARRATIVE,WEST 2ND,39.16144,-86.527152
2015,6,3,Weekday,800,2-Car,No injury,UNSAFE BACKING,11TH & FORREST,39.17341992,-86.52240141
2015,6,3,Weekday,900,2-Car,No injury,FAILURE TO YIELD RIGHT OF WAY,LEONARD SPRINGS & SR45W,39.142048,-86.582592
2015,6,3,Weekday,900,2-Car,No injury,UNSAFE BACKING,JONES & JORDAN,39.16540012,-86.51645322
2015,6,3,Weekday,800,2-Car,No injury,UNSAFE BACKING,W 8TH,39.169664,-86.550928
2015,6,3,Weekday,900,2-Car,No injury,ACCELERATOR FAILURE OR DEFECTIVE,SOUTH FAIRFAX & WALNUT STREET,39.10715997,-86.52650982
2015,6,2,Weekday,2000,2-Car,No injury,UNSAFE BACKING,N GATES,39.16987228,-86.57498168
2015,6,2,Weekday,2000,2-Car,No injury,OTHER (DRIVER) - EXPLAIN IN NARRATIVE,N DANIELS,39.16671172,-86.59908838
2015,6,7,Weekend,2300,1-Car,No injury,ANIMAL/OBJECT IN ROADWAY,CHAPEL HILL & SR446S,39.02483704,-86.40536989
2015,5,6,Weekend,2100,2-Car,functional,FOLLOWING TOO CLOSELY,2ND & ROGERS,39.16140027,-86.53867028
2015,6,4,Weekday,800,2-Car,No injury,FAILURE TO YIELD RIGHT OF WAY,2ND & COLLEGE MALL,39.160944,-86.497696
2015,6,4,Weekday,600,1-Car,non-funcitonal,RAN OFF ROAD RIGHT,RUSH RIDGE & SR446S,39.08472,-86.420688
2015,6,2,Weekday,2200,Moped/Motorcycle,non-funcitonal,UNSAFE SPEED,E MONROE DAM & S VALLEY MISSION,39.009344,-86.510096
2015,6,4,Weekday,1400,2-Car,No injury,UNSAFE BACKING,N COLLEGE,39.168656,-86.534784
2015,6,4,Weekday,1500,3+ Cars,No injury,FOLLOWING TOO CLOSELY,S LIBERTY & W 3RD,39.14874854,-86.57913006
2015,6,4,Weekday,2200,2-Car,functional,FAILURE TO YIELD RIGHT OF WAY,WALNUT & WINSLOW,39.13597025,-86.5311098
2015,6,5,Weekday,700,Moped/Motorcycle,non-funcitonal,FOLLOWING TOO CLOSELY,E 1ST & S WALNUT,39.159344,-86.5336
2015,6,5,Weekday,700,2-Car,No injury,DISREGARD SIGNAL/REG SIGN,COLLEGE & KIRKWOOD,39.16664,-86.5348
2015,6,5,Weekday,1000,2-Car,No injury,UNSAFE BACKING,S COLLEGE MALL,39.15760751,-86.49780963
2015,6,5,Weekday,800,1-Car,No injury,DRIVER ASLEEP OR FATIGUED,EAST SR RD 46,39.18658829,-86.54039001
2015,6,5,Weekday,1200,2-Car,No injury,OTHER (DRIVER) - EXPLAIN IN NARRATIVE,N SMITH,39.172048,-86.4816
2015,6,5,Weekday,1400,2-Car,No injury,FAILURE TO YIELD RIGHT OF WAY,10TH & LINCOLN,39.171712,-86.530992
2015,6,5,Weekday,1500,3+ Cars,No injury,FOLLOWING TOO CLOSELY,SR37N & W VERNAL,39.12373205,-86.56252288
2015,6,5,Weekday,1600,2-Car,No injury,FOLLOWING TOO CLOSELY,E 10TH & SR4546S,39.176848,-86.478192
2015,6,5,Weekday,1800,1-Car,non-funcitonal,RAN OFF ROAD RIGHT,N WALNUT & SR46E,39.186368,-86.5344
2015,6,5,Weekday,1600,2-Car,No injury,FAILURE TO YIELD RIGHT OF WAY,S WALNUT,39.13736,-86.529904
2015,6,5,Weekday,1600,1-Car,non-funcitonal,RAN OFF ROAD RIGHT,DALLAS & HARTSTRAIT,39.19955087,-86.61207966
2015,6,5,Weekday,1500,2-Car,No injury,UNSAFE BACKING,SOUTH OLD STATE ROAD 37,39.0138258,-86.54091596
2015,6,5,Weekday,1800,2-Car,No injury,FOLLOWING TOO CLOSELY,FRANKLIN & W 3RD,39.164688,-86.5712
2015,6,5,Weekday,2100,Pedestrian,functional,FAILURE TO YIELD RIGHT OF WAY,KINSER & SR4546W,39.186544,-86.537888
2015,6,6,Weekday,0,2-Car,non-funcitonal,WRONG WAY ON ONE WAY,17TH & SR46E,39.18226243,-86.51045827
2015,6,5,Weekday,900,1-Car,No injury,ANIMAL/OBJECT IN ROADWAY,EVANS & HARMONY,39.07731105,-86.62865271
2015,6,6,Weekday,800,1-Car,No injury,RAN OFF ROAD RIGHT,6TH & COLLEGE,39.167648,-86.534784
2015,6,6,Weekday,900,2-Car,No injury,UNSAFE BACKING,S CLARIZZ,39.15260696,-86.49272918
2015,6,6,Weekday,1100,2-Car,No injury,FAILURE TO YIELD RIGHT OF WAY,SO WALNUT & W 1ST,39.176848,-86.533424
2015,6,6,Weekday,1200,2-Car,No injury,FOLLOWING TOO CLOSELY,2ND & MADISON,39.161488,-86.537296
2015,6,6,Weekday,1200,2-Car,No injury,FAILURE TO YIELD RIGHT OF WAY,3RD & ROSE,39.164352,-86.510944
2015,6,6,Weekday,1300,3+ Cars,No injury,FOLLOWING TOO CLOSELY,3RD & UNION,39.164352,-86.5088
2015,6,6,Weekday,1500,2-Car,No injury,FAILURE TO YIELD RIGHT OF WAY,2ND & MITCHELL,39.16112,-86.514096
2015,6,6,Weekday,1600,2-Car,No injury,UNSAFE LANE MOVEMENT,3RD & CURRY,39.164544,-86.560096
2015,6,6,Weekday,1700,2-Car,No injury,UNSAFE BACKING,N DUNN,39.206144,-86.528592
2015,6,6,Weekday,1800,2-Car,No injury,FAILURE TO YIELD RIGHT OF WAY,SR37 & W 3RD,39.164752,-86.573104
2015,6,6,Weekend,2300,1-Car,non-funcitonal,RAN OFF ROAD RIGHT,WEST VERNAL,39.17356873,-86.55478668
2015,6,7,Weekend,0,1-Car,No injury,OTHER (DRIVER) - EXPLAIN IN NARRATIVE,W KIRKWOOD,39.166784,-86.5468
2015,6,7,Weekend,1000,2-Car,non-funcitonal,FAILURE TO YIELD RIGHT OF WAY,ATWATER & E 3RD,39.164448,-86.528096
2015,6,7,Weekend,1000,2-Car,non-funcitonal,FAILURE TO YIELD RIGHT OF WAY,ACCESS ROAD TO CHASE BANK & COUNRTYCLUB,0,0
2015,6,6,Weekend,2200,1-Car,No injury,FOLLOWING TOO CLOSELY,S BREEDEN & SR45W,39.086832,-86.671984
2015,6,6,Weekend,2000,2-Car,No injury,OTHER (DRIVER) - EXPLAIN IN NARRATIVE,E 3RD & S PETE ELLIS,39.16424,-86.495088
2015,6,7,Weekend,1000,2-Car,non-funcitonal,BRAKE FAILURE OR DEFECTIVE,LEONARD SPRINGS & SR45,39.142048,-86.582592
2015,6,7,Weekend,1300,1-Car,No injury,RAN OFF ROAD RIGHT,ROCKPORT & TAPP,39.13426528,-86.55084379
2015,6,7,Weekend,2100,2-Car,No injury,UNSAFE BACKING,N WALNUT,39.16865861,-86.53356767
2015,6,7,Weekend,1500,2-Car,No injury,OTHER (DRIVER) - EXPLAIN IN NARRATIVE,S OAKLAWN,39.13090897,-86.50070953
2015,6,5,Weekday,1300,2-Car,No injury,OTHER (DRIVER) - EXPLAIN IN NARRATIVE,ASSOCIATION & FIRST,39.2308,-86.622032
2015,6,1,Weekend,1400,1-Car,No injury,UNSAFE BACKING,S VICTOR,39.10649041,-86.55034722
2015,6,1,Weekend,1800,2-Car,No injury,FAILURE TO YIELD RIGHT OF WAY,ASTER & ZINNIA,39.03616995,-86.51847995
2015,6,7,Weekend,2100,1-Car,No injury,ANIMAL/OBJECT IN ROADWAY,S OLD STATE RD 37 & SR37S,39.09265515,-86.5313034
2015,6,1,Weekend,0,1-Car,No injury,RAN OFF ROAD RIGHT,OARD & SR48W,39.16400931,-86.62335763
2015,6,7,Weekend,1600,1-Car,No injury,UNSAFE SPEED,S LEONARD SPRINGS & W MAY,39.09344,-86.591792
2015,6,7,Weekend,1700,2-Car,No injury,FAILURE TO YIELD RIGHT OF WAY,S SMITH & W WOODYARD,39.1906355,-86.58307661
2015,6,4,Weekday,1800,2-Car,No injury,UNSAFE LANE MOVEMENT,S CURRY & W 3RD,39.16463971,-86.58292002
2015,6,2,Weekday,900,1-Car,No injury,UNSAFE BACKING,7TH & N COLLEGE,39.168656,-86.534784
2015,6,2,Weekday,1100,2-Car,No injury,FOLLOWING TOO CLOSELY,MONROE,0,0
2015,6,2,Weekday,1400,Moped/Motorcycle,non-funcitonal,RAN OFF ROAD RIGHT,N OLD SR 37 & N PAYNE,39.27496,-86.499216
2015,6,2,Weekday,1600,2-Car,non-funcitonal,DRIVER DISTRACTED - EXPLAIN IN NARRATIVE,B LINE & COUNTRY CLUB,0,0
2015,6,2,Weekday,2000,2-Car,No injury,UNSAFE BACKING,6TH & WALNUT,39.167648,-86.533584
2015,6,2,Weekday,2100,Cyclist,non-funcitonal,IMPROPER PASSING,N ADAMS & W 7TH,39.168576,-86.5496
2015,6,3,Weekday,700,1-Car,No injury,OTHER (DRIVER) - EXPLAIN IN NARRATIVE,N MORTON,39.16786971,-86.536
2015,6,3,Weekday,600,2-Car,No injury,FOLLOWING TOO CLOSELY,BLOOMFIELD & SR37S,39.1475296,-86.57295227
2015,6,3,Weekday,800,1-Car,non-funcitonal,RAN OFF ROAD RIGHT,BROWNRIDGE & SO SMITH,39.161248,-86.480688
2015,6,2,Weekday,2100,Cyclist,functional,IMPROPER TURNING,E 3RD & S HILLSDALE,39.164272,-86.502416
2015,6,3,Weekday,1500,1-Car,functional,DRIVER ILLNESS,ADAMS & ADAMS HILL,39.155952,-86.550592
2015,6,3,Weekday,1800,2-Car,No injury,IMPROPER TURNING,S BRANDON,0,0
2015,6,3,Weekday,1700,2-Car,No injury,FAILURE TO YIELD RIGHT OF WAY,S LIBERTY & W 3RD,39.16461021,-86.57913006
2015,6,4,Weekday,400,1-Car,No injury,LEFT OF CENTER,MOORES & SR 446,39.15035024,-86.47130328
2015,6,3,Weekday,1300,2-Car,No injury,OTHER (DRIVER) - EXPLAIN IN NARRATIVE,W 11TH,39.173344,-86.544272
2015,6,4,Weekday,600,2-Car,No injury,LEFT OF CENTER,DUNLAP & SR45W,39.119344,-86.618896
2015,6,4,Weekday,1800,2-Car,No injury,UNSAFE BACKING,WEST 2ND,39.16026688,-86.54013824
2015,6,4,Weekday,900,3+ Cars,No injury,OTHER (DRIVER) - EXPLAIN IN NARRATIVE,2ND & MORTON,39.16139022,-86.53630994
2015,6,3,Weekday,1600,2-Car,No injury,FAILURE TO YIELD RIGHT OF WAY,LIBERTY & W 3RD,39.16461021,-86.57908677
2015,6,4,Weekday,1600,1-Car,functional,OTHER (DRIVER) - EXPLAIN IN NARRATIVE,E 3RD,39.16464,-86.56913891
2015,6,4,Weekday,1600,2-Car,No injury,UNSAFE BACKING,N GATES,0,0
2015,6,4,Weekday,1600,2-Car,No injury,DISREGARD SIGNAL/REG SIGN,MATTHEWS & SR46W,39.234768,-86.626384
2015,6,4,Weekday,2200,2-Car,No injury,LEFT OF CENTER,GLASCOW,0,0
2015,6,4,Weekday,1000,2-Car,No injury,FOLLOWING TOO CLOSELY,E 3RD & S SMITH,39.16424,-86.480688
2015,6,5,Weekday,800,2-Car,No injury,FOLLOWING TOO CLOSELY,3RD & SMITH,39.16424,-86.480688
2015,6,7,Weekend,0,1-Car,No injury,OVERCORRECTING/OVERSTEERING,FRIENDSHIP & GROSS,39.14029031,-86.4023659
2015,6,5,Weekday,800,1-Car,functional,SPEED TOO FAST FOR WEATHER CONDITIONS,DUNN & SR37N,39.18363953,-86.52836915
2015,6,5,Weekday,700,2-Car,No injury,FOLLOWING TOO CLOSELY,FEE & SR46E,39.186032,-86.51984
2015,6,5,Weekday,1400,2-Car,No injury,FAILURE TO YIELD RIGHT OF WAY,S COLLEGE & W KIRKWOOD,39.16664,-86.5348
2015,6,5,Weekday,1400,2-Car,No injury,FOLLOWING TOO CLOSELY,SR37S & VERNAL,39.176544,-86.5624
2015,6,5,Weekday,1400,1-Car,No injury,RAN OFF ROAD RIGHT,SR37S & SR46W,39.194144,-86.554592
2015,6,4,Weekday,1900,2-Car,functional,FAILURE TO YIELD RIGHT OF WAY,N STARNES & W RATLIFF,39.2168697,-86.65871992
2015,6,7,Weekend,2100,1-Car,No injury,OVERCORRECTING/OVERSTEERING,S GARRISON CHAPEL & SR48W,39.16620381,-86.65587519
2015,6,5,Weekday,1800,1-Car,No injury,RAN OFF ROAD RIGHT,E COLLINS & N MT GILEAD,39.1958089,-86.44152
2015,6,6,Weekday,0,1-Car,No injury,SPEED TOO FAST FOR WEATHER CONDITIONS,S LEONARD SPRINGS & W LIZZY,39.1987365,-86.59514017
2015,6,5,Weekday,800,2-Car,No injury,FAILURE TO YIELD RIGHT OF WAY,MONROE PARK & THAT,0,0
2015,6,6,Weekday,1000,2-Car,functional,TIRE FAILURE OR DEFECTIVE,PATTERSON & ROGERS,39.15379018,-86.53874142
2015,6,6,Weekday,1200,2-Car,No injury,FAILURE TO YIELD RIGHT OF WAY,NUCKLES & VERNAL,39.17677,-86.56129002
2015,6,6,Weekday,700,2-Car,non-funcitonal,LEFT OF CENTER,EAST CHAPEL & SR45,0,0
2015,6,4,Weekday,800,2-Car,No injury,UNSAFE SPEED,SR37,38.99468154,-86.53719892
2015,6,6,Weekday,1400,1-Car,No injury,RAN OFF ROAD RIGHT,WAPPEHANI & WEIMER,39.12284225,-86.56384013
2015,6,6,Weekday,1600,2-Car,No injury,FAILURE TO YIELD RIGHT OF WAY,E MAXWELL & S HAWTHORNE,39.157888,-86.520272
2015,6,6,Weekday,1500,2-Car,non-funcitonal,FOLLOWING TOO CLOSELY,S KEGG & W TAPP,0,0
2015,6,6,Weekday,1400,1-Car,functional,SPEED TOO FAST FOR WEATHER CONDITIONS,11TH & WALNUT,39.173248,-86.533488
2015,6,6,Weekday,1500,2-Car,No injury,DISREGARD SIGNAL/REG SIGN,3RD & MAPLE,0,0
2015,6,6,Weekday,1800,2-Car,No injury,OTHER (DRIVER) - EXPLAIN IN NARRATIVE,CURRY & GIFFORD,39.156896,-86.582704
2015,6,6,Weekday,1600,2-Car,No injury,DISREGARD SIGNAL/REG SIGN,E 3RD & S WASHINGTON,39.16464,-86.5324
2015,6,6,Weekday,1100,2-Car,No injury,IMPROPER LANE USAGE,8TH & COLLEGE,39.16938721,-86.534784
2015,6,6,Weekday,1500,2-Car,No injury,SPEED TOO FAST FOR WEATHER CONDITIONS,CATHCART & PIAZZA,39.14885022,-86.49986006
2015,6,6,Weekday,1500,2-Car,No injury,FOLLOWING TOO CLOSELY,S LIBERTY & SR45W,39.14521676,-86.57748603
2015,6,6,Weekday,1200,2-Car,non-funcitonal,IMPROPER TURNING,E 3RD & S KINGSTON,39.16424,-86.492944
2015,6,7,Weekend,600,2-Car,No injury,FAILURE TO YIELD RIGHT OF WAY,LEONARD SPRINGS & SR45W,39.142048,-86.582592
2015,6,5,Weekday,1100,2-Car,No injury,UNSAFE BACKING,RUSSELL & SR45N,39.20498151,-86.46344752
2015,6,6,Weekday,500,1-Car,No injury,ANIMAL/OBJECT IN ROADWAY,SR37N & WYLIE,39.19857096,-86.5295245
2015,6,6,Weekend,2200,2-Car,No injury,SPEED TOO FAST FOR WEATHER CONDITIONS,SOUTH RED OAK & SR446S,0,0
2015,6,1,Weekend,1000,2-Car,No injury,DISREGARD SIGNAL/REG SIGN,SR37S & W FULLERTON,0,0
2015,6,6,Weekday,1600,2-Car,No injury,FAILURE TO YIELD RIGHT OF WAY,N DANIELS,0,0
2015,6,7,Weekend,1500,1-Car,No injury,OTHER (VEHICLE) - EXPLAIN IN NARRATIVE,S CRAMER,39.123149,-86.545593
2015,6,4,Weekday,1500,Moped/Motorcycle,non-funcitonal,RAN OFF ROAD RIGHT,N RICHARDSON & SR45E,39.24700928,-86.39276627
2015,6,5,Weekday,1600,2-Car,No injury,UNSAFE BACKING,EAGLEVIEW,39.13370271,-86.54604032
2015,6,7,Weekend,1500,1-Car,No injury,RAN OFF ROAD RIGHT,KNAPP & W STATE RD 48,39.17540465,-86.60168007
2015,6,7,Weekend,1500,2-Car,functional,LEFT OF CENTER,PAYNETOWN & SR446S,39.09612677,-86.42389248
2015,6,4,Weekday,2300,1-Car,non-funcitonal,RAN OFF ROAD RIGHT,RUSH RIDGE & SR446,39.08102094,-86.41862099
2015,6,1,Weekday,2300,1-Car,non-funcitonal,OTHER (DRIVER) - EXPLAIN IN NARRATIVE,EAST HUPP & SOUTH FAIRFAX,39.09464,-86.516896
2015,6,1,Weekend,1300,2-Car,No injury,FOLLOWING TOO CLOSELY,PETE ELLIS & THIRD,39.16424,-86.495088
2015,6,6,Weekday,700,2-Car,non-funcitonal,LEFT OF CENTER,NIMIT & RHORER,39.12145011,-86.52385698
2015,6,2,Weekday,600,1-Car,No injury,ANIMAL/OBJECT IN ROADWAY,BURCH & SR45W,39.08812773,-86.66905971
2015,6,2,Weekday,1000,2-Car,No injury,FOLLOWING TOO CLOSELY,2ND & PATTERSON,39.16074984,-86.54850997
2015,6,2,Weekday,1300,2-Car,No injury,UNSAFE BACKING,N HEADLEY,39.18671619,-86.51449029
2015,6,2,Weekday,1100,2-Car,No injury,UNSAFE SPEED,10TH & 1799 EAST 10TH PARKING LOT,39.17987132,-86.511383
2015,6,6,Weekday,1800,2-Car,non-funcitonal,SPEED TOO FAST FOR WEATHER CONDITIONS,S WICKENS & W ROCKCREST,0,0
2015,6,1,Weekend,1000,1-Car,functional,OTHER (VEHICLE) - EXPLAIN IN NARRATIVE,SR446S & WALDRIP CREEK,39.06971087,-86.41607391
2015,6,1,Weekend,1600,2-Car,No injury,LEFT OF CENTER,SISCOE & SR46W,39.27146912,-86.67016876
2015,6,2,Weekday,1500,2-Car,No injury,FOLLOWING TOO CLOSELY,WALNUT & WINSLOW,39.13597025,-86.5311098
2015,6,2,Weekday,2300,2-Car,No injury,ROADWAY SURFACE CONDITION,3RD & CORY,39.164544,-86.560096
2015,6,3,Weekday,600,2-Car,No injury,DISREGARD SIGNAL/REG SIGN,KIRKWOOD & ROGERS,39.166672,-86.538608
2015,6,2,Weekday,800,2-Car,No injury,IMPROPER TURNING,OLD STATE ROAD 37 & RHORER,39.121552,-86.531296
2015,6,2,Weekday,1200,2-Car,No injury,FAILURE TO YIELD RIGHT OF WAY,KIRKWOOD & WASHINGTON,39.16664,-86.5324
2015,6,3,Weekday,1000,1-Car,No injury,UNSAFE BACKING,THIRTEENTH & WOODLAWN,39.17518886,-86.5235621
2015,6,3,Weekday,1200,2-Car,No injury,UNSAFE BACKING,EAST 7TH,39.168752,-86.5436
2015,6,2,Weekday,1500,2-Car,No injury,IMPROPER TURNING,S LIBERTY,39.16128024,-86.57919779
2015,6,2,Weekday,1700,3+ Cars,No injury,DRIVER DISTRACTED - EXPLAIN IN NARRATIVE,ALLEN & WALNUT,39.1556,-86.53368003
2015,6,2,Weekday,1500,2-Car,No injury,OTHER (ENVIRONMENTAL) - EXPLAIN IN NARR,N RED HILL & SR46W,39.24589916,-86.64042258
2015,6,7,Weekend,2200,1-Car,No injury,ANIMAL/OBJECT IN ROADWAY,FAIRFAX & WILL SOWDERS,39.05050845,-86.49855986
2015,6,3,Weekday,1500,3+ Cars,No injury,FOLLOWING TOO CLOSELY,BUNGER & SR45W,39.12936,-86.604336
2015,6,3,Weekday,1600,2-Car,functional,FAILURE TO YIELD RIGHT OF WAY,CURRY & INDUSTRIAL,39.143808,-86.582592
2015,6,5,Weekday,2100,2-Car,No injury,UNSAFE BACKING,W VERNAL,39.179248,-86.58292
2015,6,3,Weekday,1300,1-Car,No injury,ANIMAL/OBJECT IN ROADWAY,E RAMP CREEK & S SHIELDS RIDGE,39.083024,-86.472912
2015,6,3,Weekday,1300,2-Car,No injury,FOLLOWING TOO CLOSELY,7TH & ADAMS,39.16884964,-86.5495696
2015,6,3,Weekday,2300,1-Car,No injury,RAN OFF ROAD RIGHT,E SAMPLE & S OLD STATE 37,39.25864,-86.5012