Year,Month,Day,Weekend?,Hour,Collision Type,Injury Type,Primary Factor,Reported_Location,Latitude,Longitude
2015,9,4,Weekday,1500,2-Car,No injury,FOLLOWING TOO CLOSELY,EAST EASTGATE & SR46W,39.17012768,-86.50154382
2015,9,7,Weekend,1600,2-Car,No injury,FOLLOWING TOO CLOSELY,AIRPORT & SR45W,39.136848,-86.593792
2015,9,4,Weekday,1800,1-Car,No injury,RAN OFF ROAD RIGHT,OLD RICHARDSON & SR446S,38.95078827,-86.42645263
2015,9,3,Weekday,1300,2-Car,No injury,IMPROPER LANE USAGE,S COLLEGE & W KIRKWOOD,39.16659974,-86.53488032
2015,9,4,Weekday,1700,2-Car,No injury,FAILURE TO YIELD RIGHT OF WAY,CURRY & PROFILE,0,0
2015,9,4,Weekday,1400,2-Car,non-funcitonal,FAILURE TO YIELD RIGHT OF WAY,S WALNUT & S WALNUT STREET,39.107344,-86.5264
2015,9,4,Weekday,1600,3+ Cars,non-funcitonal,FOLLOWING TOO CLOSELY,S MADISON & W COUNTRY CLUB,0,0
2015,9,4,Weekday,1400,2-Car,No injury,FOLLOWING TOO CLOSELY,S COLLEGE & W 7TH,39.168656,-86.534784
2015,9,4,Weekday,1500,2-Car,non-funcitonal,FAILURE TO YIELD RIGHT OF WAY,E MOORES & SR446S,39.150352,-86.471296
2015,9,4,Weekday,1500,1-Car,No injury,RAN OFF ROAD RIGHT,SHUFFLE CREEK & SOUTHSHORE,38.9864303,-86.40089631
2015,9,4,Weekday,2200,2-Car,No injury,FAILURE TO YIELD RIGHT OF WAY,COLLEGE MALL & E 2ND,39.160944,-86.497696
2015,9,4,Weekday,1400,2-Car,No injury,UNSAFE SPEED,10TH & FOREST,39.171616,-86.5224
2015,9,5,Weekday,700,2-Car,No injury,FAILURE TO YIELD RIGHT OF WAY,2ND & COLLEGE MALL,39.16121507,-86.49775284
2015,9,5,Weekday,800,2-Car,No injury,FAILURE TO YIELD RIGHT OF WAY,LEONARD SPRINGS,0,0
2015,9,4,Weekday,1200,2-Car,No injury,UNSAFE BACKING,E 4TH,39.165648,-86.529488
2015,9,5,Weekday,900,2-Car,No injury,UNSAFE LANE MOVEMENT,DRISCOLL & WALNUT,0,0
2015,9,5,Weekday,900,2-Car,No injury,OTHER (DRIVER) - EXPLAIN IN NARRATIVE,LIBERTY,39.189248,-86.531472
2015,9,4,Weekday,1400,2-Car,No injury,LEFT OF CENTER,BREEDEN & GRAVES,38.95254318,-86.67140007
2015,9,5,Weekday,1100,2-Car,No injury,OTHER (DRIVER) - EXPLAIN IN NARRATIVE,W KIRKWOOD,39.16664112,-86.53486029
2015,8,2,Weekday,1600,2-Car,No injury,FAILURE TO YIELD RIGHT OF WAY,E RHORER & S WALNUT STREET,39.12144,-86.526496
2015,8,3,Weekday,1500,1-Car,non-funcitonal,UNSAFE SPEED,N STINESVILLE,39.29268509,-86.66157382
2015,9,3,Weekday,1500,2-Car,No injury,FAILURE TO YIELD RIGHT OF WAY,E MOFFETT & S HARRELL,39.099792,-86.498448
2015,9,3,Weekday,2000,1-Car,No injury,UNSAFE BACKING,N MUIRFIELD & W DONEGAL,0,0
2015,9,3,Weekday,2100,1-Car,No injury,RAN OFF ROAD RIGHT,S HARMONY & W KIRKSVILLE,39.086544,-86.6384
2015,9,3,Weekday,1000,2-Car,No injury,OTHER (DRIVER) - EXPLAIN IN NARRATIVE,STATE ROAD 45,39.14186,-86.579917
2015,9,4,Weekday,1500,2-Car,No injury,FOLLOWING TOO CLOSELY,S RAYLE & W TAPP,39.13704,-86.577504
2015,9,4,Weekday,1800,3+ Cars,No injury,RAN OFF ROAD RIGHT,EAST STATE ROAD 45 & N SHUFFLE CREEK,0,0
2015,9,4,Weekday,2200,2-Car,No injury,FOLLOWING TOO CLOSELY,TENTH & UNION,0,0
2015,9,5,Weekday,1700,2-Car,non-funcitonal,FAILURE TO YIELD RIGHT OF WAY,ADAMS HILL & COUNTRYSIDE,39.14240018,-86.55080996
2015,9,5,Weekday,1700,Cyclist,non-funcitonal,IMPROPER PASSING,E LAW & N JORDAN,39.173552,-86.515488
2015,9,5,Weekday,1400,Pedestrian,functional,IMPROPER TURNING,7TH & JORDAN,39.16921765,-86.51598578
2015,9,5,Weekday,1900,2-Car,No injury,UNSAFE LANE MOVEMENT,ATWATER & E 3RD,39.164448,-86.528096
2015,9,5,Weekday,1300,2-Car,No injury,FAILURE TO YIELD RIGHT OF WAY,11TH & WOODLAWN,39.17344,-86.523616
2015,9,5,Weekday,1300,2-Car,No injury,OTHER (DRIVER) - EXPLAIN IN NARRATIVE,N WALNUT,39.16865861,-86.53356767
2015,9,5,Weekday,1900,1-Car,No injury,UNSAFE BACKING,S LEONARD SPRINGS,39.13180829,-86.58251057
2015,9,5,Weekday,2100,1-Car,No injury,ANIMAL/OBJECT IN ROADWAY,CAPITOL & SR46W,0,0
2015,9,6,Weekday,300,1-Car,No injury,ANIMAL/OBJECT IN ROADWAY,E MONROE DAM & SR37S,39.01869961,-86.53642581
2015,9,6,Weekday,800,2-Car,No injury,FOLLOWING TOO CLOSELY,E HILLSIDE & NANCY,39.150544,-86.511088
2015,9,4,Weekday,1600,2-Car,No injury,SPEED TOO FAST FOR WEATHER CONDITIONS,REEVES & THOMAS,39.231152,-86.6308
2015,9,6,Weekday,1100,1-Car,No injury,RAN OFF ROAD RIGHT,DUNN & OLD SR 37,39.208048,-86.528704
2015,9,6,Weekday,1200,2-Car,No injury,SPEED TOO FAST FOR WEATHER CONDITIONS,10TH & 4546,39.176848,-86.478192
2015,9,6,Weekday,1100,2-Car,No injury,SPEED TOO FAST FOR WEATHER CONDITIONS,17TH & SR4546E,39.17984,-86.507088
2015,9,6,Weekday,1100,2-Car,No injury,UNSAFE LANE MOVEMENT,3RD & HAWTHORNE,39.16425012,-86.52008995
2015,9,6,Weekday,1400,2-Car,No injury,ROADWAY SURFACE CONDITION,10TH & SR4546E,39.176848,-86.478192
2015,9,6,Weekday,1500,2-Car,No injury,FOLLOWING TOO CLOSELY,10TH & FEE,39.17157638,-86.51798237
2015,9,6,Weekday,1300,3+ Cars,non-funcitonal,FOLLOWING TOO CLOSELY,3RD & ROOSEVELT,39.164304,-86.505792
2015,9,6,Weekday,1000,2-Car,No injury,UNSAFE LANE MOVEMENT,SR37S & THAT,39.11516902,-86.5640865
2015,9,6,Weekday,1500,1-Car,functional,SPEED TOO FAST FOR WEATHER CONDITIONS,DUNN & OLD STATE 37,39.208048,-86.528704
2015,9,6,Weekday,1500,2-Car,non-funcitonal,DRIVER DISTRACTED - EXPLAIN IN NARRATIVE,PINEHURST & TAPP,0,0
2015,9,6,Weekday,1500,2-Car,No injury,FOLLOWING TOO CLOSELY,RANGE & SR 4546,0,0
2015,9,6,Weekday,1000,2-Car,No injury,IMPROPER TURNING,N UNION,39.172144,-86.509392
2015,9,6,Weekday,1500,2-Car,No injury,FOLLOWING TOO CLOSELY,S CURRY & W ROLL,39.14719999,-86.58259011
2015,9,6,Weekday,1800,2-Car,No injury,FAILURE TO YIELD RIGHT OF WAY,2ND & WALNUT,39.16144,-86.5336
2015,9,6,Weekday,1800,1-Car,No injury,UNSAFE BACKING,EAST 3RD,39.16389465,-86.52137756
2015,9,6,Weekday,1800,2-Car,No injury,FAILURE TO YIELD RIGHT OF WAY,WALNUT & WINSLOW,39.136144,-86.528688
2015,9,6,Weekday,1300,2-Car,No injury,FAILURE TO YIELD RIGHT OF WAY,N KINSER & W GOURLEY,39.185392,-86.537856
2015,9,5,Weekday,1700,2-Car,No injury,FOLLOWING TOO CLOSELY,AIRPORT & SR45W,39.13701509,-86.5935121
2015,9,6,Weekday,1600,2-Car,No injury,OTHER (ENVIRONMENTAL) - EXPLAIN IN NARR,FORREST PARK & SMITH,0,0
2015,9,6,Weekday,1800,1-Car,No injury,RAN OFF ROAD RIGHT,N OLD ST RD 37 & SAMPLE,0,0
2015,9,6,Weekday,1800,1-Car,No injury,RAN OFF ROAD RIGHT,S LEONARD SPRINGS & W SIMMS,39.1055118,-86.58258005
2015,9,6,Weekday,1800,2-Car,No injury,FAILURE TO YIELD RIGHT OF WAY,LAMPKINS RIDGE & SR446,39.150352,-86.471296
2015,9,6,Weekday,1600,2-Car,No injury,BRAKE FAILURE OR DEFECTIVE,E 10TH & SR45S,39.176848,-86.478192
2015,9,6,Weekday,1100,2-Car,No injury,UNSAFE LANE MOVEMENT,E 3RD & S HAWTHRONE,39.16425012,-86.52008995
2015,9,6,Weekend,2000,2-Car,No injury,FOLLOWING TOO CLOSELY,10TH & JORDAN,39.171552,-86.515728
2015,9,6,Weekday,1100,2-Car,No injury,SPEED TOO FAST FOR WEATHER CONDITIONS,SR 46 BYPASS & SR46E,39.18666077,-86.54194208
2015,9,3,Weekday,600,2-Car,No injury,FAILURE TO YIELD RIGHT OF WAY,GORDON & ROGERS,39.121648,-86.539088
2015,9,3,Weekday,1300,1-Car,No injury,ANIMAL/OBJECT IN ROADWAY,8500 LITTLE WOLF MOUNTAIN & MT CARMEL,39.08413996,-86.66274391
2015,9,1,Weekend,700,1-Car,No injury,ANIMAL/OBJECT IN ROADWAY,OLD DUTCH & SR446S,0,0
2015,9,5,Weekday,1900,1-Car,No injury,RAN OFF ROAD RIGHT,N TUNNEL & SR45E,39.22798102,-86.43392536
2015,9,7,Weekend,1000,3+ Cars,non-funcitonal,FOLLOWING TOO CLOSELY,SR37N & W VERNAL,39.17735176,-86.56144328
2015,9,7,Weekend,1400,3+ Cars,functional,FOLLOWING TOO CLOSELY,ROGERS & W 2ND,39.16140027,-86.5387049
2015,9,7,Weekend,1400,2-Car,No injury,FOLLOWING TOO CLOSELY,MOODY & S HENDERSON,39.148064,-86.526912
2015,9,7,Weekend,1400,Moped/Motorcycle,functional,FAILURE TO YIELD RIGHT OF WAY,E ATWATER & S FESS,39.163328,-86.525808
2015,9,7,Weekend,1200,2-Car,non-funcitonal,FAILURE TO YIELD RIGHT OF WAY,AIRPORT & BUNGER,39.136848,-86.606
2015,9,7,Weekend,1600,2-Car,No injury,FOLLOWING TOO CLOSELY,OUTBACK & SR46W,39.21467972,-86.59262847
2015,9,7,Weekend,1700,3+ Cars,non-funcitonal,FOLLOWING TOO CLOSELY,HILLSIDE & PARK,39.150752,-86.523696
2015,9,7,Weekend,1900,2-Car,No injury,FAILURE TO YIELD RIGHT OF WAY,14TH & LINCOLN,39.176,-86.530896
2015,9,7,Weekend,300,2-Car,No injury,LEFT OF CENTER,BAYLES & STATE ROAD 37 BUISNESS N,39.20752912,-86.53700999
2015,9,7,Weekend,600,1-Car,No injury,RAN OFF ROAD RIGHT,BOTTOM & W SIMPSON CHAPEL,39.26976,-86.5476
2015,9,7,Weekend,2000,2-Car,functional,FAILURE TO YIELD RIGHT OF WAY,S BUNGER & SR45W,39.12936,-86.604336
2015,9,7,Weekend,2000,3+ Cars,non-funcitonal,FOLLOWING TOO CLOSELY,SR37N & VERNAL,39.176544,-86.5624
2015,9,7,Weekend,2000,2-Car,No injury,IMPROPER PASSING,DUNN,39.17914376,-86.52825795
2015,9,7,Weekend,2100,3+ Cars,No injury,IMPROPER TURNING,13TH & FEE,39.175152,-86.518992
2015,9,7,Weekend,1800,2-Car,No injury,IMPROPER LANE USAGE,S DUNN,39.164048,-86.5284
2015,9,6,Weekend,2300,1-Car,functional,RAN OFF ROAD RIGHT,POPCORN & THIRD,39.01211992,-86.54903362
2015,9,7,Weekend,2000,2-Car,No injury,UNSAFE BACKING,216 N WALNUT & 6TH,39.167648,-86.533584
2015,9,7,Weekend,1700,1-Car,No injury,OTHER (DRIVER) - EXPLAIN IN NARRATIVE,STATE ROAD 446,0,0
2015,9,1,Weekend,900,2-Car,No injury,FAILURE TO YIELD RIGHT OF WAY,4100 BLK  HARTSTRAIT & 4100 HARTSTRAIT,0,0
2015,9,1,Weekend,1700,2-Car,No injury,FAILURE TO YIELD RIGHT OF WAY,E 10TH & GRANT,39.171696,-86.529696
2015,9,5,Weekday,1200,1-Car,No injury,RAN OFF ROAD RIGHT,GARRISON CHAPEL & SPICER,39.141648,-86.6428
2015,9,7,Weekend,1800,Moped/Motorcycle,non-funcitonal,ROADWAY SURFACE CONDITION,FULLERTON & SHARON,39.12235033,-86.57627895
2015,9,1,Weekend,1800,2-Car,No injury,FAILURE TO YIELD RIGHT OF WAY,E 3RD & S UNION,39.164352,-86.5088
2015,9,2,Weekday,800,2-Car,No injury,UNSAFE LANE MOVEMENT,E 3RD & E ATWATER,39.164448,-86.528096
2015,8,4,Weekday,800,1-Car,No injury,RAN OFF ROAD RIGHT,HAYS & SR446S,39.05202144,-86.40841667
2015,9,2,Weekday,800,2-Car,No injury,OTHER (DRIVER) - EXPLAIN IN NARRATIVE,WALNUT & WINSLOW,39.13597025,-86.5311098
2015,9,2,Weekday,1000,2-Car,functional,OTHER (DRIVER) - EXPLAIN IN NARRATIVE,SR37N & W VERNAL,39.176544,-86.5624
2015,9,2,Weekday,1100,2-Car,No injury,FOLLOWING TOO CLOSELY,MEADOWBROOK & SARE,0,0
2015,9,2,Weekday,1200,2-Car,No injury,FAILURE TO YIELD RIGHT OF WAY,N COLLEGE & W 7TH,39.168656,-86.534784
2015,9,7,Weekend,1500,Moped/Motorcycle,No injury,SPEED TOO FAST FOR WEATHER CONDITIONS,CHAPEL HILL & SR446N,39.02483704,-86.40536989
2015,9,7,Weekend,1500,1-Car,No injury,SPEED TOO FAST FOR WEATHER CONDITIONS,CHAPEL HILL & SR446N,39.02483704,-86.40536989
2015,9,2,Weekday,1400,Moped/Motorcycle,functional,DISREGARD SIGNAL/REG SIGN,HILLSIDE & WALNUT,39.150544,-86.5336
2015,9,2,Weekday,1800,2-Car,No injury,UNSAFE LANE MOVEMENT,E 3RD & FOREST,0,0
2015,9,2,Weekday,1700,2-Car,No injury,FAILURE TO YIELD RIGHT OF WAY,E 8TH,39.169552,-86.53080686
2015,9,6,Weekday,1400,2-Car,,LEFT OF CENTER,PINE GROVE & SR446,39.10070877,-86.42868575
2015,9,3,Weekday,100,2-Car,No injury,OTHER (DRIVER) - EXPLAIN IN NARRATIVE,UNIVERSITY & WOODLAWN,39.160304,-86.52256
2015,9,2,Weekday,1100,2-Car,No injury,OVERCORRECTING/OVERSTEERING,E 3RD,39.16423861,-86.49522852
2015,9,3,Weekday,800,2-Car,No injury,OTHER (DRIVER) - EXPLAIN IN NARRATIVE,NORTH LINCOLN,39.17081214,-86.53109505
2015,9,3,Weekday,900,2-Car,No injury,UNSAFE BACKING,E3RD,0,0
2015,9,3,Weekday,900,2-Car,No injury,UNSAFE SPEED,10TH & WALNUT,39.1716,-86.520896
2015,9,3,Weekday,800,3+ Cars,non-funcitonal,FAILURE TO YIELD RIGHT OF WAY,E RHORER & S SARE,39.12144005,-86.51157997
2015,9,3,Weekday,800,2-Car,No injury,FAILURE TO YIELD RIGHT OF WAY,N MADISON & W 17TH,39.178992,-86.537792
2015,9,3,Weekday,1000,2-Car,No injury,UNSAFE BACKING,E CREEKS EDGE,39.12821665,-86.50074921
2015,9,3,Weekday,1000,Bus,No injury,OTHER (DRIVER) - EXPLAIN IN NARRATIVE,S ROGERS & W KIRKWOOD,0,0
2015,9,2,Weekday,1200,1-Car,No injury,RAN OFF ROAD RIGHT,MT GILEAD,0,0
2015,9,2,Weekday,2000,2-Car,No injury,UNSAFE BACKING,E 17TH,39.17895065,-86.52955121
2015,9,3,Weekday,1100,2-Car,No injury,UNSAFE LANE MOVEMENT,11TH & 11TH AND FEE GARAGE,0,0
2015,9,3,Weekday,700,Cyclist,functional,UNSAFE SPEED,10TH & 2451 E 10TH (WEST DRIVE),0,0
2015,9,6,Weekday,1400,Moped/Motorcycle,No injury,SPEED TOO FAST FOR WEATHER CONDITIONS,S ROGERS & W CLEAR CREEK,39.14285999,-86.53976999
2015,9,3,Weekday,1200,2-Car,No injury,UNSAFE LANE MOVEMENT,E ATWATER,0,0
2015,9,3,Weekday,1500,2-Car,No injury,FOLLOWING TOO CLOSELY,ATWATER & FESS,0,0
2015,9,3,Weekday,1600,3+ Cars,No injury,FOLLOWING TOO CLOSELY,7TH & SR46S,39.167648,-86.500096
2015,9,3,Weekday,1600,2-Car,No injury,FOLLOWING TOO CLOSELY,E 10TH & N WALNUT GROVE,39.1716,-86.520896
2015,9,3,Weekday,1700,3+ Cars,non-funcitonal,FAILURE TO YIELD RIGHT OF WAY,RANGE & SR46N,39.171504,-86.495312
2015,9,3,Weekday,1900,2-Car,non-funcitonal,FAILURE TO YIELD RIGHT OF WAY,COLLEGE & E 3RD,39.16464,-86.534816
2015,9,2,Weekday,1800,Bus,No injury,FOLLOWING TOO CLOSELY,KIRKWOOD & WASHINGTON,39.16664,-86.5324
2015,9,3,Weekday,1300,2-Car,No injury,UNSAFE BACKING,10TH & CROSSTOWN I,0,0
2015,9,3,Weekday,1300,1-Car,No injury,UNSAFE BACKING,S PARK RIDGE,39.16500473,-86.47569274
2015,9,3,Weekday,1100,2-Car,non-funcitonal,UNSAFE LANE MOVEMENT,10TH & 2719 E 10TH ENTRANCE,0,0
2015,9,3,Weekday,1400,1-Car,No injury,RAN OFF ROAD RIGHT,COYLE & SHILO,39.2650628,-86.44043949
2015,9,4,Weekday,900,Cyclist,non-funcitonal,FAILURE TO YIELD RIGHT OF WAY,3RD & BALLANTINE,39.16427024,-86.51912972
2015,9,4,Weekday,1300,2-Car,No injury,FAILURE TO YIELD RIGHT OF WAY,ATWATER & FESS,39.16312024,-86.52590028
2015,9,7,Weekend,1700,2-Car,No injury,OTHER (DRIVER) - EXPLAIN IN NARRATIVE,SR446E,39.148464,-86.471256
2015,9,7,Weekend,2200,1-Car,No injury,OTHER (DRIVER) - EXPLAIN IN NARRATIVE,10TH & DUNN,39.17168,-86.528256
2015,9,4,Weekday,1500,2-Car,No injury,FAILURE TO YIELD RIGHT OF WAY,MORTON & W 11TH,39.173216,-86.536
2015,9,4,Weekday,600,2-Car,No injury,UNSAFE BACKING,E 3RD,39.16426743,-86.50104686
2015,8,7,Weekend,300,2-Car,No injury,FOLLOWING TOO CLOSELY,EAST 10TH & NORTH SMITH,39.172752,-86.482288
2015,9,4,Weekday,1700,2-Car,No injury,FAILURE TO YIELD RIGHT OF WAY,800 CORY & BLOOMFIELD,0,0
2015,9,4,Weekday,1700,2-Car,No injury,FOLLOWING TOO CLOSELY,SR37S & W TAPP,39.13758929,-86.57290278
2015,9,5,Weekday,800,2-Car,No injury,OTHER (ENVIRONMENTAL) - EXPLAIN IN NARR,CABOT & SHEFFIELD,39.170144,-86.476192
2015,9,5,Weekday,900,2-Car,No injury,UNSAFE BACKING,W 3RD,39.164848,-86.5761011
2015,9,5,Weekday,1000,1-Car,No injury,OBSTRUCTION NOT MARKED,CURRY & PROFILE,39.17196013,-86.5829797
2015,9,5,Weekday,900,2-Car,non-funcitonal,FAILURE TO YIELD RIGHT OF WAY,E LONGVIRW & N PETE ELLIS,39.16691778,-86.49492168
2015,9,7,Weekend,1500,2-Car,No injury,UNSAFE BACKING,E 3RD,39.16456,-86.5550845
2015,9,5,Weekday,900,2-Car,functional,FAILURE TO YIELD RIGHT OF WAY,6TH & ROGERS,39.16768,-86.538592
2015,9,3,Weekday,1600,2-Car,No injury,FAILURE TO YIELD RIGHT OF WAY,LOESCH & VERNAL,39.186352,-86.592896
2015,9,5,Weekday,1300,2-Car,No injury,FOLLOWING TOO CLOSELY,BLOOMFIELD & CORY,39.157248,-86.559792
2015,9,5,Weekday,700,1-Car,No injury,ANIMAL/OBJECT IN ROADWAY,NORTH BRUMMETTS CREEK & SR46E,39.151552,-86.389584
2015,9,5,Weekday,700,2-Car,No injury,ANIMAL/OBJECT IN ROADWAY,HARTSTRAIT & WALCOTT,39.20132026,-86.61140133
2015,9,5,Weekday,1700,2-Car,non-funcitonal,FOLLOWING TOO CLOSELY,10TH & SUNRISE,39.17157993,-86.51247985
2015,9,5,Weekday,1700,3+ Cars,No injury,FOLLOWING TOO CLOSELY,E 17TH & N FORREST,39.1790197,-86.52249991
2015,9,3,Weekday,1600,3+ Cars,No injury,FOLLOWING TOO CLOSELY,S CURRY & SR45W,39.14179032,-86.58321159
2015,9,5,Weekday,1700,2-Car,functional,FOLLOWING TOO CLOSELY,S WALNUT & WINSLOW,0,0
2015,9,5,Weekday,1700,Pedestrian,functional,PEDESTRIAN ACTION,JORDAN & TENTH,0,0
2015,9,3,Weekday,1700,1-Car,No injury,BRAKE FAILURE OR DEFECTIVE,SHEILDS RIDGE RD & SHIELDS RIDGE AND HANDY RD,0,0
2015,9,3,Weekday,2100,1-Car,No injury,RAN OFF ROAD RIGHT,BREEDEN & TOM PHILLIPS,39.07208387,-86.67344892
2015,9,6,Weekday,1100,2-Car,No injury,FOLLOWING TOO CLOSELY,N KINSER & W WINDING WAY,39.198144,-86.542096
2015,9,5,Weekday,1500,1-Car,No injury,OTHER (DRIVER) - EXPLAIN IN NARRATIVE,PARK SQUARE & WOODSIDE,39.15903026,-86.59177738
2015,9,6,Weekday,1200,2-Car,No injury,FOLLOWING TOO CLOSELY,THIRD,39.164752,-86.573104
2015,9,6,Weekday,1000,Bus,No injury,UNSAFE LANE MOVEMENT,45 46 & N WALNUT,0,0
2015,9,6,Weekday,1300,2-Car,No injury,UNSAFE LANE MOVEMENT,E 10TH,39.17168,-86.52802971
2015,9,6,Weekday,1400,2-Car,No injury,FAILURE TO YIELD RIGHT OF WAY,10TH & LINCOLN,39.171712,-86.530992
2015,9,7,Weekend,2300,1-Car,No injury,ANIMAL/OBJECT IN ROADWAY,INGRAM & SR37S,38.99338926,-86.53726441
2015,9,6,Weekend,2200,Bus,No injury,OVERSIZE/OVERWEIGHT LOAD,NORTH JORDAN,39.16711003,-86.51624299
2015,9,6,Weekend,2200,2-Car,No injury,IMPROPER TURNING,VARSITY,39.18357086,-86.52965545
2015,9,6,Weekday,1000,2-Car,non-funcitonal,FOLLOWING TOO CLOSELY,17TH & LINCOLN,39.17904,-86.53155377
2015,9,7,Weekend,1500,2-Car,No injury,FOLLOWING TOO CLOSELY,S CURRY,39.142048,-86.582592
2015,9,6,Weekday,1700,2-Car,No injury,CELL PHONE USAGE,WINSLOW,39.136144,-86.523744
2015,9,7,Weekend,1600,2-Car,No injury,UNSAFE LANE MOVEMENT,9TH & INDIANA,39.170544,-86.526992
2015,9,7,Weekend,1500,2-Car,No injury,FOLLOWING TOO CLOSELY,E BUICK CADALLIC & S COLLEGE MALL,0,0
2015,9,6,Weekday,1300,2-Car,functional,FAILURE TO YIELD RIGHT OF WAY,S JOHNSON & W BEAUMONT,39.165968,-86.564992
2015,9,6,Weekday,1500,2-Car,No injury,FOLLOWING TOO CLOSELY,BRYANTS CREEK & SR37N,39.32635039,-86.51470169
2015,9,6,Weekday,1800,2-Car,No injury,UNSAFE BACKING,SR 45,39.14186096,-86.5799179
2015,9,1,Weekend,1300,2-Car,No injury,UNSAFE LANE MOVEMENT,10TH & COLLEGE,39.171744,-86.534768
2015,9,1,Weekend,1300,2-Car,No injury,FOLLOWING TOO CLOSELY,SR46W & UNION VALLEY,39.21253345,-86.58870047
2015,9,1,Weekend,1600,2-Car,No injury,FOLLOWING TOO CLOSELY,E 13TH & N FEE,39.175152,-86.518992
2015,9,7,Weekend,2100,2-Car,No injury,IMPROPER PASSING,INDIANA & THIRTEENTH,0,0
2015,9,1,Weekend,1300,2-Car,No injury,FOLLOWING TOO CLOSELY,CAVE & SR48W,39.16387512,-86.6342742
2015,9,1,Weekend,800,2-Car,No injury,RAN OFF ROAD RIGHT,BETHEL & SR45E,39.21033428,-86.46288496
2015,9,7,Weekend,1300,2-Car,No injury,UNSAFE LANE MOVEMENT,8TH & COLLEGE,39.169552,-86.534784
2015,9,2,Weekday,700,2-Car,non-funcitonal,FAILURE TO YIELD RIGHT OF WAY,GRIMES & WALNUT,39.15335029,-86.53371021
2015,9,6,Weekday,1200,1-Car,No injury,FAILURE TO YIELD RIGHT OF WAY,REDHILL & SR46W,39.26932907,-86.63478088
2015,9,2,Weekday,900,2-Car,No injury,IMPROPER TURNING,E 3RD,39.16456,-86.5550845
2015,9,2,Weekday,900,2-Car,No injury,UNSAFE BACKING,1001 E 17TH (SOUTH DRIVE) & 17TH,39.23186409,-86.53349103
2015,9,2,Weekday,1100,1-Car,No injury,OBSTRUCTION NOT MARKED,N JORDAN,39.1676,-86.516168
2015,9,2,Weekday,1100,2-Car,No injury,DISREGARD SIGNAL/REG SIGN,ATWATER & S HENDERSON,39.16313969,-86.52727022
2015,9,2,Weekday,1100,2-Car,No injury,IMPROPER TURNING,6TH & INDIANA (VON LEE LOT),39.167744,-86.526928
2015,9,5,Weekday,1700,2-Car,No injury,UNSAFE BACKING,LIBERTY,39.145264,-86.577616
2015,9,2,Weekday,1400,2-Car,No injury,FAILURE TO YIELD RIGHT OF WAY,E 19TH & LINCOLN,39.18112,-86.530816
2015,9,2,Weekday,800,2-Car,No injury,UNSAFE BACKING,E 7TH,39.168752,-86.5436
2015,9,2,Weekday,700,1-Car,No injury,ANIMAL/OBJECT IN ROADWAY,SR37S & VERNAL,39.17662048,-86.56252288
2015,9,2,Weekday,1600,Cyclist,No injury,FAILURE TO YIELD RIGHT OF WAY,E KIRKWOOD & S WOODLAWN,39.16677006,-86.52263281
2015,9,2,Weekday,1500,2-Car,No injury,FAILURE TO YIELD RIGHT OF WAY,14TH & N COLLEGE,39.175984,-86.534736
2015,9,2,Weekday,1900,Pedestrian,functional,FAILURE TO YIELD RIGHT OF WAY,E 10TH & N WASHINGTON,39.171728,-86.5324
2015,9,2,Weekday,1800,Bus,No injury,IMPROPER TURNING,E JOHN HINKLE & N PETE ELLIS,39.17072,-86.4956
2015,9,1,Weekend,1800,2-Car,functional,UNSAFE LANE MOVEMENT,3RD & LINCOLN,39.16464,-86.531024
2015,9,2,Weekday,1600,3+ Cars,functional,FOLLOWING TOO CLOSELY,S LIBERTY & SR45W,39.14523295,-86.57745754
2015,9,7,Weekend,800,1-Car,No injury,SPEED TOO FAST FOR WEATHER CONDITIONS,W ACUFF,39.20824,-86.554704
2015,9,6,Weekday,1700,2-Car,No injury,UNSAFE LANE MOVEMENT,SR37S & WEST BLOOMFIELD,39.148144,-86.572992
2015,9,2,Weekday,2300,2-Car,No injury,DRIVER DISTRACTED - EXPLAIN IN NARRATIVE,10TH & CAMPBELL,39.17158999,-86.51394031
2015,9,2,Weekday,2300,2-Car,No injury,FOLLOWING TOO CLOSELY,SOUTH ROGERS & WEST GRAHAM,39.13992,-86.538416
2015,9,3,Weekday,700,2-Car,No injury,UNSAFE SPEED,SR37 & VERNAL,39.17684691,-86.56204123
2015,8,7,Weekend,1800,2-Car,functional,FOLLOWING TOO CLOSELY,SR37N & VERNAL,39.17599001,-86.56318363
2015,9,3,Weekday,900,2-Car,No injury,DRIVER DISTRACTED - EXPLAIN IN NARRATIVE,SR37S & W VERNAL,39.176544,-86.5624
2015,9,3,Weekday,1300,2-Car,No injury,UNSAFE LANE MOVEMENT,E 3RD,39.16422436,-86.49666727
2015,9,3,Weekday,1700,2-Car,No injury,FAILURE TO YIELD RIGHT OF WAY,E 10TH & PARK,39.171648,-86.524608
2015,9,3,Weekday,1600,2-Car,No injury,FOLLOWING TOO CLOSELY,SR37N & W BLOOMFIELD,39.148144,-86.572992
2015,9,3,Weekday,1500,2-Car,No injury,FAILURE TO YIELD RIGHT OF WAY,E 12TH & INDIANA,39.174368,-86.527088
2015,9,3,Weekday,1900,2-Car,No injury,DISREGARD SIGNAL/REG SIGN,ROGERS & W 11TH,39.173184,-86.538528
2015,9,3,Weekday,2000,Moped/Motorcycle,non-funcitonal,UNSAFE SPEED,ROGERS & SARE,39.13584,-86.496288
2015,9,3,Weekday,2300,2-Car,No injury,FAILURE TO YIELD RIGHT OF WAY,E 10TH & N UNION,39.171472,-86.509376
2015,9,3,Weekday,900,Pedestrian,non-funcitonal,PEDESTRIAN ACTION,8TH & FORREST,39.1694697,-86.52234032