Year,Month,Day,Weekend?,Hour,Collision Type,Injury Type,Primary Factor,Reported_Location,Latitude,Longitude
2015,9,4,Weekday,800,3+ Cars,functional,DRIVER DISTRACTED - EXPLAIN IN NARRATIVE,KEGG & TAPP,0,0
2015,9,4,Weekday,800,3+ Cars,non-funcitonal,FOLLOWING TOO CLOSELY,PINEHURST & TAPP,39.13637996,-86.54991429
2015,8,2,Weekday,800,1-Car,No injury,RAN OFF ROAD RIGHT,FRIENDSHIP & GROSS,39.13923927,-86.40178042
2015,9,6,Weekday,1100,1-Car,No injury,OVERCORRECTING/OVERSTEERING,ROBINSON & TUNNEL,39.24128637,-86.43599068
2015,9,6,Weekday,1300,2-Car,No injury,UNSAFE BACKING,DANIELS,39.16671172,-86.59908838
2015,9,1,Weekend,800,2-Car,No injury,DRIVER DISTRACTED - EXPLAIN IN NARRATIVE,SR37S & THAT,39.115552,-86.564592
2015,9,4,Weekday,700,Bus,No injury,UNSAFE BACKING,S KIMBLE,39.165888,-86.568
2015,9,3,Weekday,1700,2-Car,No injury,FOLLOWING TOO CLOSELY,3RD & CLIFTON,39.1642803,-86.50968968
2015,9,4,Weekday,1000,1-Car,No injury,IMPROPER TURNING,N RANGE,39.1814028,-86.49475391
2015,9,4,Weekday,1500,2-Car,No injury,UNSAFE BACKING,EAST 10TH,39.17156383,-86.51814334
2015,9,3,Weekday,1400,2-Car,No injury,FAILURE TO YIELD RIGHT OF WAY,E KIRKWOOD & N DUNN,39.16664,-86.528192
2015,9,4,Weekday,1900,1-Car,No injury,ANIMAL/OBJECT IN ROADWAY,E UNIVERSITY & S HENDERSON,39.16032,-86.527136
2015,9,4,Weekday,1600,2-Car,functional,FAILURE TO YIELD RIGHT OF WAY,RIDGESPRINGS & SR46W,0,0
2015,9,4,Weekday,1600,2-Car,non-funcitonal,FAILURE TO YIELD RIGHT OF WAY,E WINSLOW & S PICCADILLY,39.13599975,-86.52448005
2015,9,4,Weekday,900,2-Car,No injury,BRAKE FAILURE OR DEFECTIVE,3RD & PATTERSON,39.16344009,-86.55127569
2015,9,5,Weekday,1100,2-Car,No injury,FOLLOWING TOO CLOSELY,E ATWATER & S HENDERSON,39.163344,-86.5272
2015,9,3,Weekday,1600,2-Car,No injury,FAILURE TO YIELD RIGHT OF WAY,BASSWOOD & BLOOMFIELD,39.14978027,-86.56889006
2015,9,3,Weekday,1800,2-Car,No injury,UNSAFE BACKING,W FLATWOODS,39.25258733,-86.677083
2015,9,4,Weekday,1400,2-Car,No injury,UNSAFE BACKING,S LIBERTY,39.15870285,-86.57491302
2015,9,5,Weekday,1500,3+ Cars,No injury,FOLLOWING TOO CLOSELY,E 10TH & PETE ELLIS,39.171504,-86.495312
2015,9,2,Weekday,2100,1-Car,No injury,RAN OFF ROAD RIGHT,RED HILL & WALKER,39.29626608,-86.648608
2015,9,3,Weekday,1600,2-Car,No injury,FOLLOWING TOO CLOSELY,BUNGER & SR45W,39.13015288,-86.60311867
2015,9,3,Weekday,1700,2-Car,No injury,FAILURE TO YIELD RIGHT OF WAY,BETHEL & SR45E,39.209952,-86.463392
2015,9,4,Weekday,1500,1-Car,No injury,RAN OFF ROAD RIGHT,BOTTOM & WILLIAMS,39.27467975,-86.55808812
2015,9,5,Weekday,1600,2-Car,No injury,FAILURE TO YIELD RIGHT OF WAY,E ATWATER & S HIGHLAND,39.1632,-86.517584
2015,9,5,Weekday,1700,2-Car,No injury,FAILURE TO YIELD RIGHT OF WAY,SOUTH MADISON & WEST COUNTRY CLUB,39.136048,-86.536992
2015,9,5,Weekday,1700,3+ Cars,No injury,UNSAFE LANE MOVEMENT,SR446N & SR46W,39.16664,-86.462496
2015,9,4,Weekday,1700,2-Car,No injury,UNSAFE BACKING,E 3RD,39.16424,-86.4984
2015,9,5,Weekday,1900,3+ Cars,No injury,FOLLOWING TOO CLOSELY,EAST 10TH & NORTH WALNUT,39.171744,-86.53352
2015,9,6,Weekday,200,2-Car,No injury,OTHER (DRIVER) - EXPLAIN IN NARRATIVE,E COTTAGE GROVE,39.17264,-86.52946351
2015,9,6,Weekday,900,2-Car,No injury,OTHER (DRIVER) - EXPLAIN IN NARRATIVE,17TH & MADISON,39.178992,-86.537792
2015,9,6,Weekday,1100,2-Car,No injury,FAILURE TO YIELD RIGHT OF WAY,FEE & JORDAN,39.18384,-86.5192
2015,9,6,Weekday,1300,Moped/Motorcycle,non-funcitonal,FAILURE TO YIELD RIGHT OF WAY,ROGERS & SARE,0,0
2015,9,6,Weekday,1800,2-Car,No injury,FOLLOWING TOO CLOSELY,RANGE & SR4546S,39.171504,-86.495312
2015,9,6,Weekday,1500,2-Car,No injury,OTHER (VEHICLE) - EXPLAIN IN NARRATIVE,E HILLSIDE & HENDERSON,39.15056013,-86.52691014
2015,9,6,Weekend,1900,2-Car,No injury,FOLLOWING TOO CLOSELY,10TH & JORDAN,39.17156345,-86.51678644
2015,9,6,Weekday,1500,1-Car,No injury,ANIMAL/OBJECT IN ROADWAY,S KNIGHTRIDGE & SR446S,39.19704712,-86.46687098
2015,9,6,Weekday,1600,2-Car,No injury,IMPROPER LANE USAGE,E SAMPLE & SR37N,39.26753244,-86.5228128
2015,9,6,Weekday,1400,2-Car,No injury,OTHER (DRIVER) - EXPLAIN IN NARRATIVE,HIGHLAND & HUNTER,39.16224,-86.5176
2015,9,7,Weekend,0,1-Car,functional,RAN OFF ROAD RIGHT,JORDAN & UNIVERSITY,39.16014969,-86.51638984
2015,9,7,Weekend,900,2-Car,No injury,FAILURE TO YIELD RIGHT OF WAY,MAXWELL & WOODLAWN,39.15781014,-86.52264006
2015,9,7,Weekend,1100,2-Car,No injury,UNSAFE BACKING,SOUTH WALNUT,39.13914871,-86.5320816
2015,9,6,Weekday,1600,1-Car,non-funcitonal,OTHER (ENVIRONMENTAL) - EXPLAIN IN NARR,BAYWOOD,39.11796951,-86.54026794
2015,9,7,Weekend,1300,1-Car,functional,DRIVER DISTRACTED - EXPLAIN IN NARRATIVE,BILL MALLORY BLVD & SR446S,39.05337208,-86.47154938
2015,9,6,Weekend,2000,2-Car,No injury,IMPROPER PASSING,CURRY & SR46W,39.19377136,-86.57111093
2015,9,6,Weekday,1400,1-Car,No injury,UNSAFE BACKING,S JOHNSON,39.16666514,-86.564992
2015,9,7,Weekend,1900,1-Car,No injury,ANIMAL/OBJECT IN ROADWAY,SR37S & W STATE ROAD 45,0,0
2015,9,7,Weekend,2000,2-Car,No injury,OTHER (DRIVER) - EXPLAIN IN NARRATIVE,S COLLEGE,39.17088686,-86.534768
2015,9,7,Weekend,2000,2-Car,No injury,UNSAFE BACKING,3021 E 3RD & S KINGSTON,39.16424,-86.492944
2015,9,7,Weekend,2300,2-Car,No injury,UNSAFE LANE MOVEMENT,E 3RD & S HIGHLAND,39.16427024,-86.51772022
2015,9,1,Weekend,400,2-Car,No injury,UNSAFE LANE MOVEMENT,3RD & COLLEGE,39.11172794,-86.53489977
2015,9,1,Weekend,1300,2-Car,No injury,DISREGARD SIGNAL/REG SIGN,ATWATER & HENDERSON,39.16313969,-86.52727022
2015,9,1,Weekend,1300,2-Car,non-funcitonal,FAILURE TO YIELD RIGHT OF WAY,SOUTH WALNUT & WEST GRIMES,39.15344,-86.5336
2015,9,1,Weekend,0,2-Car,No injury,OTHER (DRIVER) - EXPLAIN IN NARRATIVE,E MESA,39.09961555,-86.49080387
2015,9,1,Weekend,0,1-Car,No injury,OTHER (DRIVER) - EXPLAIN IN NARRATIVE,CLEAR CREEK & ROCKPORT,0,0
2015,9,1,Weekend,1700,2-Car,No injury,IMPROPER TURNING,E 10TH,39.171504,-86.512288
2015,9,1,Weekday,2000,2-Car,No injury,FOLLOWING TOO CLOSELY,3RD & SWAIN,39.16425012,-86.51525996
2015,9,1,Weekend,1400,2-Car,functional,LEFT OF CENTER,BLOOMFIELD & RANSOM,39.15925987,-86.55527986
2015,9,1,Weekday,2100,3+ Cars,No injury,FOLLOWING TOO CLOSELY,10TH & SR4546S,39.176848,-86.478192
2015,9,1,Weekend,100,1-Car,No injury,FOLLOWING TOO CLOSELY,BRIAR GATE & SR46W,39.21672821,-86.59638214
2015,9,1,Weekend,1200,3+ Cars,No injury,DISREGARD SIGNAL/REG SIGN,SR46W & UNION VALLEY,39.215152,-86.5928
2015,9,2,Weekday,1200,2-Car,No injury,CELL PHONE USAGE,ENT TO SAMS CLUB & SR45E,0,0
2015,9,2,Weekday,1400,2-Car,non-funcitonal,DRIVER DISTRACTED - EXPLAIN IN NARRATIVE,3RD & FRANKLIN,39.1647117,-86.57190497
2015,9,2,Weekday,1700,2-Car,No injury,IMPROPER TURNING,3RD & WALNUT,39.16464,-86.5336
2015,9,2,Weekday,1600,2-Car,No injury,FAILURE TO YIELD RIGHT OF WAY,3RD & CURRY,0,0
2015,9,2,Weekday,1700,Cyclist,functional,BRAKE FAILURE OR DEFECTIVE,HILLVIEW & OLD STATE ROAD   37,39.207984,-86.529568
2015,9,1,Weekday,2100,2-Car,No injury,UNSAFE SPEED,E WHISNAND & N OLD STATE RD 37,39.222544,-86.5172
2015,9,2,Weekday,2000,2-Car,No injury,UNSAFE LANE MOVEMENT,19TH & N WALNUT,39.181552,-86.5336
2015,9,2,Weekday,800,2-Car,functional,VIEW OBSTRUCTED,SR37N & SR46W,39.194144,-86.554592
2015,9,2,Weekday,1100,2-Car,No injury,UNSAFE BACKING,ROGERS & THAT,39.11060667,-86.53987031
2015,9,2,Weekday,2100,2-Car,No injury,DISREGARD SIGNAL/REG SIGN,3RD & CURRY,39.16463589,-86.58291865
2015,9,3,Weekday,700,1-Car,No injury,IMPROPER LANE USAGE,7TH & 900 E 7TH,39.167648,-86.500096
2015,9,3,Weekday,800,2-Car,functional,FOLLOWING TOO CLOSELY,ATWATER & CLIFTON,39.1630763,-86.50995276
2015,9,3,Weekday,800,2-Car,No injury,LEFT OF CENTER,E ROGERS & S SPICEWOOD,39.13608,-86.501216
2015,9,3,Weekday,1100,Bus,non-funcitonal,DISREGARD SIGNAL/REG SIGN,E HILLSIDE & S WALNUT,39.150544,-86.5336
2015,9,3,Weekday,1200,2-Car,No injury,FOLLOWING TOO CLOSELY,2ND & COLLEGE,39.16144,-86.534848
2015,9,2,Weekday,2100,2-Car,functional,FAILURE TO YIELD RIGHT OF WAY,AUTO MALL & COVENANTER,39.15503003,-86.49611033
2015,9,3,Weekday,1200,2-Car,No injury,UNSAFE SPEED,10TH & DUNN,39.17168,-86.528256
2015,9,1,Weekday,2200,1-Car,No injury,SPEED TOO FAST FOR WEATHER CONDITIONS,ARLINGTON & MAPLE GROVE,39.19982711,-86.55963587
2015,9,3,Weekday,1200,2-Car,functional,LEFT OF CENTER,N DUNN & OLD SR 37,39.208048,-86.528704
2015,9,3,Weekday,1400,2-Car,No injury,FOLLOWING TOO CLOSELY,ATWATER & HENDERSON,39.16313969,-86.52727022
2015,9,6,Weekday,1600,2-Car,functional,FAILURE TO YIELD RIGHT OF WAY,ARLINGTON & SR46,39.187184,-86.551408
2015,9,3,Weekday,1400,2-Car,No injury,SPEED TOO FAST FOR WEATHER CONDITIONS,S WALKER & W 2ND,39.161648,-86.546128
2015,9,3,Weekday,1600,Bus,No injury,OTHER (DRIVER) - EXPLAIN IN NARRATIVE,W DODDS,39.157728,-86.542544
2015,9,3,Weekday,1700,1-Car,No injury,SPEED TOO FAST FOR WEATHER CONDITIONS,DUNN & SR37N,0,0
2015,9,3,Weekday,1700,2-Car,functional,SPEED TOO FAST FOR WEATHER CONDITIONS,KIRKWOOD & ROGERS,39.1666677,-86.53825522
2015,9,3,Weekday,1700,2-Car,No injury,FAILURE TO YIELD RIGHT OF WAY,SOUTH LIBERTY & WEST 3RD,39.15932298,-86.57913006
2015,9,3,Weekday,1700,2-Car,non-funcitonal,FAILURE TO YIELD RIGHT OF WAY,CATHCART & SARE,39.14882004,-86.49905003
2015,9,1,Weekend,800,2-Car,No injury,FAILURE TO YIELD RIGHT OF WAY,SR46,0,0
2015,9,3,Weekday,1800,3+ Cars,No injury,FOLLOWING TOO CLOSELY,CONSTITUTION & LIBERTY,39.149552,-86.575936
2015,9,3,Weekday,1600,2-Car,No injury,FOLLOWING TOO CLOSELY,GRIMES & S WALNUT,39.15344,-86.5336
2015,9,3,Weekday,2000,2-Car,No injury,UNSAFE LANE MOVEMENT,E ATWATER & S SWAIN,39.163152,-86.515168
2015,9,3,Weekday,1800,1-Car,No injury,RAN OFF ROAD RIGHT,N  BARR & N MT TABOR,39.273888,-86.621456
2015,9,3,Weekday,1500,1-Car,No injury,FOLLOWING TOO CLOSELY,FORREST PARK & SMITH,0,0
2015,9,1,Weekend,1800,2-Car,No injury,FOLLOWING TOO CLOSELY,OLD RICHARDSON & SR446S,38.94191831,-86.42645263
2015,9,3,Weekday,2100,1-Car,No injury,ANIMAL/OBJECT IN ROADWAY,E FARR & N FISH,39.306768,-86.476816
2015,9,3,Weekday,2200,2-Car,No injury,UNSAFE SPEED,CURRY & GIFFORD,0,0
2015,9,3,Weekday,1200,2-Car,No injury,DRIVER DISTRACTED - EXPLAIN IN NARRATIVE,S MAPLE & W 2ND,39.161568,-86.542096
2015,9,5,Weekday,2000,2-Car,No injury,UNSAFE LANE MOVEMENT,N CURRY & VERNAL,39.179248,-86.5832
2015,9,2,Weekday,900,2-Car,No injury,TIRE FAILURE OR DEFECTIVE,CURRY & GIFFORD,39.156896,-86.582704
2015,9,3,Weekday,1400,1-Car,No injury,ANIMAL/OBJECT IN ROADWAY,CHURCH & ROGERS,0,0
2015,9,2,Weekday,1400,1-Car,No injury,FAILURE TO YIELD RIGHT OF WAY,POINTE,39.03496933,-86.50923919
2015,9,4,Weekday,700,2-Car,non-funcitonal,LEFT OF CENTER,MAPLE GROVE & NORTH MAPLE GROVE,39.206352,-86.557696
2015,9,3,Weekday,1200,Pedestrian,functional,OTHER (DRIVER) - EXPLAIN IN NARRATIVE,SOUTH JORDAN,39.1666165,-86.51632212
2015,9,4,Weekday,1300,2-Car,functional,FAILURE TO YIELD RIGHT OF WAY,E 3RD & KINGSTON,39.16362294,-86.49298705
2015,9,4,Weekday,1300,2-Car,No injury,FOLLOWING TOO CLOSELY,SR37S & SR45W,39.148144,-86.572992
2015,9,3,Weekday,800,2-Car,No injury,FOLLOWING TOO CLOSELY,SOUTH PARK SQUARE & SR48,0,0
2015,9,4,Weekday,1600,1-Car,No injury,RAN OFF ROAD RIGHT,ADAMS & ALLEN,39.155952,-86.550592
2015,9,4,Weekday,1100,1-Car,No injury,RAN OFF ROAD RIGHT,OLD STATE ROAD 37 NORTH & SAMPLE,39.25862029,-86.50123704
2015,9,4,Weekday,1200,2-Car,No injury,UNSAFE BACKING,STATE ROAD 45,39.14186,-86.579917
2015,9,4,Weekday,2000,2-Car,No injury,UNSAFE BACKING,DUNN & NINETEENTH,39.18101099,-86.52840377
2015,9,4,Weekday,1800,2-Car,non-funcitonal,FAILURE TO YIELD RIGHT OF WAY,SR46W & UNION VALLEY,39.215152,-86.5928
2015,9,4,Weekday,2200,2-Car,No injury,UNSAFE BACKING,S WINSLOW,39.13781257,-86.52400286
2015,9,4,Weekday,2300,2-Car,No injury,FAILURE TO YIELD RIGHT OF WAY,S ROGERS & W 2ND,39.16152,-86.538592
2015,9,4,Weekday,2100,2-Car,No injury,IMPROPER LANE USAGE,COTTAGE GROVE & INDIANA,39.17264,-86.52880426
2015,10,5,Weekday,800,1-Car,functional,ANIMAL/OBJECT IN ROADWAY,FLATTWOODS ROAD & STATE ROAD 46 WEST,39.35839182,-86.65402002
2015,10,5,Weekday,900,2-Car,No injury,FOLLOWING TOO CLOSELY,SR37S & SR45W,39.187344,-86.5552
2015,10,5,Weekday,1200,2-Car,No injury,FOLLOWING TOO CLOSELY,SR37S,0,0
2015,10,5,Weekday,1300,1-Car,No injury,IMPROPER TURNING,E 17TH,39.17887431,-86.51463227
2015,9,1,Weekday,2100,2-Car,No injury,SPEED TOO FAST FOR WEATHER CONDITIONS,BOLIN & ROCKPORT,0,0
2015,9,2,Weekday,1700,2-Car,No injury,FOLLOWING TOO CLOSELY,SPARKS & SR45W,39.08787871,-86.66946046
2015,9,3,Weekday,1600,2-Car,No injury,FOLLOWING TOO CLOSELY,CONSTITUTION & LIBERTY,39.149552,-86.575936
2015,10,5,Weekday,1500,2-Car,No injury,FOLLOWING TOO CLOSELY,SR37N & VERNAL,39.17580534,-86.56344483
2015,9,4,Weekday,1900,2-Car,No injury,OVERCORRECTING/OVERSTEERING,E 6TH & WASHINGTON,39.167664,-86.5324
2015,10,5,Weekday,1400,2-Car,No injury,FOLLOWING TOO CLOSELY,E SR 45 46 & WALNUT,39.186368,-86.5344
2015,9,4,Weekday,1800,2-Car,No injury,IMPROPER TURNING,E 3RD,39.16424,-86.5161551
2015,10,5,Weekday,1600,2-Car,No injury,FAILURE TO YIELD RIGHT OF WAY,E 14TH & N INDIANA,39.176192,-86.52712
2015,10,5,Weekday,1400,2-Car,No injury,FAILURE TO YIELD RIGHT OF WAY,1100 BLOCK OF S MADISON & EAST WEST,0,0
2015,10,5,Weekday,1600,2-Car,No injury,FOLLOWING TOO CLOSELY,S ADAMS & W TAPP,0,0
2015,10,5,Weekday,1500,2-Car,No injury,FAILURE TO YIELD RIGHT OF WAY,E SOUTHERN & S HENDERSON,39.14984,-86.526944
2015,10,5,Weekday,900,2-Car,non-funcitonal,FAILURE TO YIELD RIGHT OF WAY,S WALNUT & W GRIMES,39.15344,-86.5336
2015,9,4,Weekday,1300,2-Car,No injury,UNSAFE BACKING,BLOOMFIELD & PARKING LOT,0,0
2015,10,6,Weekday,1300,2-Car,No injury,UNSAFE LANE MOVEMENT,E 3RD,39.16439273,-86.52394958
2015,10,6,Weekday,600,1-Car,No injury,DRIVER ASLEEP OR FATIGUED,SR46E & WOODVIEW,39.15185852,-86.38188169
2015,10,6,Weekday,700,2-Car,No injury,FOLLOWING TOO CLOSELY,COUNTRY CLUB & WALNUT,0,0
2015,9,4,Weekday,2300,2-Car,No injury,UNSAFE BACKING,SOUTH WASHINGTON,39.16304779,-86.53251647
2015,10,6,Weekday,1100,2-Car,No injury,FOLLOWING TOO CLOSELY,S LIBERTY & W CONSTITUTION,39.149552,-86.575936
2015,10,6,Weekday,1100,2-Car,No injury,UNSAFE LANE MOVEMENT,E 3RD & S WILLIAMSBURG,39.16421563,-86.49657907
2015,10,5,Weekday,1900,2-Car,No injury,IMPROPER TURNING,E 3RD & S JORDAN,39.16424,-86.5164
2015,10,6,Weekday,1500,2-Car,No injury,FAILURE TO YIELD RIGHT OF WAY,3RD & PETE ELLIS,39.16424,-86.495088
2015,10,6,Weekday,1700,2-Car,No injury,FAILURE TO YIELD RIGHT OF WAY,WASHINGTON & WILSON,39.151616,-86.5324
2015,10,6,Weekday,1500,2-Car,No injury,FAILURE TO YIELD RIGHT OF WAY,JORDAN & LINGELBACH,39.177248,-86.512496
2015,10,6,Weekday,1700,2-Car,No injury,UNSAFE BACKING,E 10TH,39.171472,-86.509376
2015,10,6,Weekend,2000,2-Car,No injury,IMPROPER TURNING,S OAKDALE & W BLOOMFIELD,39.148544,-86.571504
2015,9,4,Weekday,2000,2-Car,No injury,UNSAFE BACKING,W GORDON,39.12154418,-86.53386009
2015,10,6,Weekday,1800,2-Car,No injury,OTHER (DRIVER) - EXPLAIN IN NARRATIVE,315 S COLLEGE MALL & E 3RD,39.16424,-86.4984
2015,10,6,Weekend,2300,1-Car,No injury,RAN OFF ROAD RIGHT,RUSH & SR446S,0,0
2015,10,6,Weekend,2200,Pedestrian,functional,FAILURE TO YIELD RIGHT OF WAY,6TH & LINCOLN,39.16768,-86.530992
2015,10,6,Weekend,2100,2-Car,No injury,FAILURE TO YIELD RIGHT OF WAY,E 10TH & N COLLEGE,39.171744,-86.534768
2015,10,6,Weekday,1100,2-Car,No injury,FOLLOWING TOO CLOSELY,OLD STATE ROAD 37 & WALNUT,39.20704,-86.534704
2015,10,7,Weekend,900,2-Car,No injury,UNSAFE BACKING,S PARK RIDGE,39.161678,-86.524314
2015,10,7,Weekend,1200,2-Car,No injury,FOLLOWING TOO CLOSELY,DUNN & SR4546W,39.186352,-86.528496
2015,10,7,Weekend,1100,2-Car,No injury,RAN OFF ROAD RIGHT,9TH & COLLEGE,39.170544,-86.534768
2015,10,6,Weekend,2200,2-Car,non-funcitonal,IMPROPER PASSING,BYPASS SR 45 46 & N WALNUT,0,0
2015,10,7,Weekend,1700,2-Car,No injury,FAILURE TO YIELD RIGHT OF WAY,E MILLER & WALNUT,0,0
2015,10,6,Weekday,1400,2-Car,No injury,FAILURE TO YIELD RIGHT OF WAY,SOUTH COLLEGE MALL,39.15118408,-86.49629211
2015,10,6,Weekend,1900,2-Car,functional,LEFT OF CENTER,N DUNN & N OLD STATE ROAD 37,39.208048,-86.528704
2015,10,7,Weekend,1700,2-Car,functional,UNSAFE BACKING,S LEONARD SPRINGS,39.142048,-86.582592
2015,10,6,Weekday,1600,2-Car,No injury,FOLLOWING TOO CLOSELY,N CURRY & VERNAL,39.096736,-86.512288
2015,10,6,Weekday,1800,1-Car,No injury,RAN OFF ROAD RIGHT,N BRUMMETTS CREEK & SR46E,39.22039032,-86.41083184
2015,10,5,Weekday,2300,2-Car,No injury,UNSAFE LANE MOVEMENT,N COLLEGE & W KIRKWOOD,39.16664,-86.5348
2015,10,7,Weekend,2000,Pedestrian,functional,UNSAFE BACKING,N TAMARACK,39.189968,-86.52128
2015,10,5,Weekday,1700,2-Car,No injury,IMPROPER PASSING,SISCOE & SR46W,39.27146912,-86.67018609
2015,10,7,Weekend,2100,Bus,No injury,IMPROPER TURNING,GOLF COURSE SERVICE & RANGE,0,0
2015,10,6,Weekend,2000,2-Car,No injury,UNSAFE BACKING,W SR 45,39.14186096,-86.5799179
2015,10,7,Weekend,300,1-Car,non-funcitonal,SPEED TOO FAST FOR WEATHER CONDITIONS,E NEHRT & E ROBINSON,39.24065016,-86.44310024
2015,10,1,Weekend,100,2-Car,No injury,UNSAFE BACKING,5TH & JEFFERSON,39.16664201,-86.506992
2015,10,1,Weekend,0,2-Car,No injury,DISREGARD SIGNAL/REG SIGN,E 10TH & N JORDAN,39.171552,-86.515728
2015,10,1,Weekend,100,2-Car,No injury,FAILURE TO YIELD RIGHT OF WAY,10TH & JORDAN,39.17141518,-86.51574311
2015,10,1,Weekend,1200,2-Car,functional,OTHER (DRIVER) - EXPLAIN IN NARRATIVE,N WALNUT & SR4546W,39.186368,-86.5344
2015,10,1,Weekend,1300,2-Car,No injury,FOLLOWING TOO CLOSELY,2300 N WALNUT & BYPASS SR 45 46,39.187179,-86.533683
2015,10,1,Weekend,1400,2-Car,No injury,FOLLOWING TOO CLOSELY,17TH & SR46E,39.17984,-86.507088
2015,10,1,Weekend,900,2-Car,No injury,FAILURE TO YIELD RIGHT OF WAY,LOVE & SR46W,39.21898572,-86.60202298
2015,10,1,Weekend,1400,2-Car,functional,FOLLOWING TOO CLOSELY,10TH & SUNRISE,39.17157993,-86.51249715
2015,10,1,Weekend,1000,2-Car,No injury,UNSAFE BACKING,EAST 7TH,40.615528,-87.313484
2015,10,1,Weekend,1700,Moped/Motorcycle,functional,UNSAFE SPEED,ATWATER & HIGH,39.14193194,-86.50846995
2015,10,1,Weekend,1800,2-Car,No injury,OTHER (ENVIRONMENTAL) - EXPLAIN IN NARR,SHUFFLE CREEK,39.23206327,-86.41446911
2015,10,1,Weekday,1900,2-Car,No injury,IMPROPER TURNING,ATWATER & FACULTY,0,0
2015,10,1,Weekday,2100,2-Car,No injury,FOLLOWING TOO CLOSELY,EAST 14TH & NORTH WALNUT,39.175952,-86.53344
2015,10,6,Weekday,1500,2-Car,No injury,LEFT OF CENTER,ROCKPORT & VICTOR,39.06010496,-86.60378321
2015,10,6,Weekday,1700,2-Car,No injury,UNSAFE LANE MOVEMENT,CONSTUSION & CURRY,0,0
2015,10,6,Weekday,1800,2-Car,No injury,FOLLOWING TOO CLOSELY,MONROE DAM & S OLD STATE RD 37,39.01866987,-86.53944008
2015,10,1,Weekend,1400,2-Car,No injury,OTHER (DRIVER) - EXPLAIN IN NARRATIVE,351 S LINCOLN & SMITH,39.162848,-86.53104
2015,10,1,Weekend,1700,2-Car,No injury,DISREGARD SIGNAL/REG SIGN,N COLLEGE & W 11TH,39.173232,-86.534752
2015,10,1,Weekend,100,1-Car,No injury,RAN OFF ROAD RIGHT,W ELWREN,39.10841805,-86.67433354
2015,10,1,Weekend,1300,2-Car,No injury,FAILURE TO YIELD RIGHT OF WAY,11TH & COLLEGE,39.173232,-86.534752
2015,10,1,Weekday,2000,2-Car,No injury,UNSAFE BACKING,BRANDON & E GRAHAM,39.10773674,-86.52556031
2015,10,7,Weekend,1300,3+ Cars,No injury,FAILURE TO YIELD RIGHT OF WAY,RHORER & SOUTH OLD37,0,0
2015,10,2,Weekday,1400,3+ Cars,functional,FOLLOWING TOO CLOSELY,3RD & WYNNEDALE,0,0
2015,10,2,Weekday,1700,2-Car,No injury,FAILURE TO YIELD RIGHT OF WAY,2ND & COLLEGE MALL,39.160944,-86.497696
2015,10,2,Weekday,1800,1-Car,No injury,OTHER (DRIVER) - EXPLAIN IN NARRATIVE,3904 SAGE & PEPPERIDGE,39.10782291,-86.524757
2015,10,2,Weekday,1900,2-Car,No injury,FOLLOWING TOO CLOSELY,17TH & JORDAN,39.178848,-86.511088
2015,10,2,Weekday,2000,3+ Cars,non-funcitonal,FOLLOWING TOO CLOSELY,STATE ROAD 37 & VERNAL,0,0
2015,10,3,Weekday,200,2-Car,No injury,OTHER (DRIVER) - EXPLAIN IN NARRATIVE,W STATE ROAD 45,39.14186,-86.579917
2015,10,3,Weekday,1000,2-Car,No injury,DISREGARD SIGNAL/REG SIGN,410 S WOODSCREST & ENTRANCE TO IUCU,0,0
2015,9,4,Weekday,1200,2-Car,No injury,OTHER (DRIVER) - EXPLAIN IN NARRATIVE,N GATES,39.16987228,-86.57498168
2015,10,3,Weekday,1100,2-Car,functional,FOLLOWING TOO CLOSELY,17TH & WALNUT,39.17896,-86.521088
2015,10,3,Weekday,1000,Cyclist,No injury,FAILURE TO YIELD RIGHT OF WAY,3RD & CLARIZZ,39.16424,-86.4908
2015,10,3,Weekday,1700,2-Car,No injury,FAILURE TO YIELD RIGHT OF WAY,3RD & PARKING LOT,0,0
2015,10,3,Weekday,1600,2-Car,No injury,OTHER (DRIVER) - EXPLAIN IN NARRATIVE,S ROGERS,39.15013123,-86.53823089
2015,10,3,Weekday,1600,2-Car,No injury,FAILURE TO YIELD RIGHT OF WAY,20TH & DUNN,39.18184,-86.5284
2015,10,6,Weekend,2200,2-Car,No injury,OTHER (DRIVER) - EXPLAIN IN NARRATIVE,LIBERTY,39.16283,-86.580238
2015,10,7,Weekend,200,1-Car,No injury,UNSAFE BACKING,N COLLEGE & W 6TH,39.167648,-86.534784
2015,10,6,Weekday,1100,1-Car,No injury,UNSAFE SPEED,FAIRFAX & SCHACHT,39.10704,-86.523488
2015,10,7,Weekend,1200,2-Car,No injury,IMPROPER TURNING,E ATWATER & S HENDERSON,39.163344,-86.5272
2015,10,5,Weekday,1700,2-Car,No injury,OTHER (DRIVER) - EXPLAIN IN NARRATIVE,SOUTH COLLEGE,39.16025925,-86.53553771
2015,10,5,Weekday,2100,3+ Cars,No injury,FOLLOWING TOO CLOSELY,N FEE & SR4546S,39.186032,-86.51984
2015,10,7,Weekend,1700,2-Car,No injury,FOLLOWING TOO CLOSELY,10TH,39.171648,-86.502096
2015,10,7,Weekend,1700,2-Car,No injury,FAILURE TO YIELD RIGHT OF WAY,17TH & LINCOLN,39.17904,-86.530848
2015,10,6,Weekday,1500,1-Car,No injury,OTHER (VEHICLE) - EXPLAIN IN NARRATIVE,S HANDY,39.092688,-86.483568