Year,Month,Day,Weekend?,Hour,Collision Type,Injury Type,Primary Factor,Reported_Location,Latitude,Longitude
2015,10,7,Weekend,600,1-Car,functional,RAN OFF ROAD RIGHT,S ROGERS & W FAIRWAY,39.132144,-86.5384
2015,10,6,Weekday,1200,2-Car,No injury,OTHER (DRIVER) - EXPLAIN IN NARRATIVE,7TH & GRANT,39.16864,-86.52916675
2015,10,1,Weekend,100,1-Car,No injury,UNSAFE BACKING,100 E DIXIE & S WALNUT,39.156544,-86.5336
2015,10,1,Weekend,1200,2-Car,No injury,UNSAFE BACKING,N MADISON & W 6TH,39.167664,-86.537296
2015,10,1,Weekend,1500,2-Car,No injury,FOLLOWING TOO CLOSELY,10TH & 45 46,0,0
2015,10,1,Weekend,1500,2-Car,No injury,FOLLOWING TOO CLOSELY,SR46 & UNIONVILLE,0,0
2015,10,4,Weekday,2000,1-Car,No injury,ANIMAL/OBJECT IN ROADWAY,E MONROE DAM & SR37,39.0146275,-86.537088
2015,10,1,Weekday,2000,1-Car,functional,UNSAFE SPEED,S YANCY & W 3RD,39.16455992,-86.56948015
2015,10,1,Weekday,2100,2-Car,No injury,FOLLOWING TOO CLOSELY,SR45 & SR46,39.1464386,-86.57504272
2015,10,6,Weekday,1400,2-Car,No injury,FOLLOWING TOO CLOSELY,ARLINGTON,39.187184,-86.551408
2015,10,1,Weekend,800,2-Car,No injury,DISREGARD SIGNAL/REG SIGN,SR37S & SR46E,39.30670166,-86.5161972
2015,10,7,Weekend,1100,2-Car,No injury,UNSAFE BACKING,DAVIS & LINCOLN,39.15417977,-86.53133115
2015,10,2,Weekday,1000,2-Car,No injury,UNSAFE BACKING,WEST 17,39.17937088,-86.5461502
2015,10,2,Weekday,1500,2-Car,No injury,UNSAFE BACKING,S BRANDON,39.13836345,-86.52552276
2015,10,2,Weekday,400,2-Car,No injury,FAILURE TO YIELD RIGHT OF WAY,E 9TH & N LICOLN,39.1704601,-86.53104007
2015,10,2,Weekday,1500,2-Car,No injury,FOLLOWING TOO CLOSELY,N DANIELS & ZENITH,39.17015031,-86.59829981
2015,10,2,Weekday,1700,2-Car,No injury,FOLLOWING TOO CLOSELY,NORTH BOUND ON RAMP 37 & WEST BLOOMFIELD,0,0
2015,10,2,Weekday,2000,3+ Cars,No injury,FOLLOWING TOO CLOSELY,10TH & WOODLAWN,39.1716399,-86.52406517
2015,10,2,Weekday,1700,2-Car,No injury,IMPROPER TURNING,N FEE,39.17250261,-86.51898354
2015,10,2,Weekday,1700,Moped/Motorcycle,non-funcitonal,FOLLOWING TOO CLOSELY,S COLLEGE & W 1ST,39.17688,-86.534736
2015,10,3,Weekday,0,1-Car,No injury,RAN OFF ROAD RIGHT,7781 KIRKSVILLE & HARMONY,0,0
2015,10,1,Weekend,0,2-Car,No injury,TIRE FAILURE OR DEFECTIVE,SR37 & SR45,39.18466483,-86.55597698
2015,10,3,Weekday,1100,Moped/Motorcycle,No injury,OTHER (DRIVER) - EXPLAIN IN NARRATIVE,ABBY & WINSLOW,39.136144,-86.51023799
2015,10,3,Weekday,1300,2-Car,No injury,UNSAFE LANE MOVEMENT,ATWATER & JORDAN,39.16304983,-86.51638595
2015,10,3,Weekday,1300,Pedestrian,non-funcitonal,FAILURE TO YIELD RIGHT OF WAY,FOURTH & INDIANA,39.16555032,-86.52691014
2015,10,3,Weekday,1600,2-Car,functional,FAILURE TO YIELD RIGHT OF WAY,EAST 3RD & PARK RIDGE,39.16424,-86.476096
2015,10,3,Weekday,1800,2-Car,No injury,UNSAFE LANE MOVEMENT,CAPITOL & SR46W,39.22377014,-86.60883578
2015,10,3,Weekday,1800,2-Car,No injury,FOLLOWING TOO CLOSELY,SR37S,0,0
2015,10,2,Weekday,1500,2-Car,No injury,FAILURE TO YIELD RIGHT OF WAY,S STRAIN RIDGE,39.07112,-86.507008
2015,10,2,Weekday,1600,2-Car,non-funcitonal,FOLLOWING TOO CLOSELY,E SCHACHT & S FAIRFAX,39.10704,-86.523488
2015,10,3,Weekday,2000,2-Car,functional,FOLLOWING TOO CLOSELY,EAST 2ND & WOODSCREST,39.16092016,-86.50244973
2015,10,3,Weekday,1500,2-Car,No injury,FOLLOWING TOO CLOSELY,N PRAIRIE GREEN & SR45E,39.17950821,-86.4755809
2015,10,3,Weekday,1700,Pedestrian,non-funcitonal,FAILURE TO YIELD RIGHT OF WAY,LEONARD SPRINGS & W ST RD 45,39.13138191,-86.58259011
2015,10,3,Weekday,2100,Pedestrian,functional,HEADLIGHT DEFECTIVE OR NOT ON,4TH & GRANT,39.165648,-86.529712
2015,10,3,Weekday,1800,2-Car,functional,UNSAFE LANE MOVEMENT,3RD & PATTERSON,39.16344009,-86.55128002
2015,10,4,Weekday,2300,3+ Cars,No injury,OTHER (DRIVER) - EXPLAIN IN NARRATIVE,PECAN & SOUTH OAKDALE,39.14676011,-86.57113976
2015,10,4,Weekday,1100,2-Car,No injury,IMPROPER TURNING,W KIRKWOOD,39.166832,-86.550992
2015,10,4,Weekday,1200,2-Car,No injury,FAILURE TO YIELD RIGHT OF WAY,LANDMARK & W 3RD,39.16442983,-86.55630983
2015,10,4,Weekday,1200,1-Car,No injury,UNSAFE LANE MOVEMENT,SR37N,39.23886381,-86.5381848
2015,10,4,Weekday,1500,2-Car,functional,FAILURE TO YIELD RIGHT OF WAY,E 6TH & N WASHINGTON,39.167664,-86.5324
2015,10,4,Weekday,1500,3+ Cars,No injury,FOLLOWING TOO CLOSELY,SUNNY SLOPES & WALNUT STREET,39.13264,-86.526688
2015,10,3,Weekday,1800,1-Car,No injury,RAN OFF ROAD RIGHT,E BETHEL & N HINKLE,39.212848,-86.505392
2015,10,4,Weekday,1200,Bus,No injury,OTHER (DRIVER) - EXPLAIN IN NARRATIVE,S PARK SQUARE,39.15704,-86.591696
2015,10,4,Weekday,1700,3+ Cars,functional,FAILURE TO YIELD RIGHT OF WAY,GATES & W 3RD,39.16459009,-86.57619975
2015,10,3,Weekday,1800,3+ Cars,non-funcitonal,FOLLOWING TOO CLOSELY,SR45W & WEST AIRPORT,39.136848,-86.593792
2015,10,4,Weekday,1600,1-Car,No injury,RAN OFF ROAD RIGHT,E SOUTHSHORE & N BEACHWOOD,39.25160255,-86.40991291
2015,10,4,Weekday,2000,2-Car,No injury,UNSAFE BACKING,E 3RD,39.16424,-86.51605714
2015,10,4,Weekday,1400,2-Car,functional,FAILURE TO YIELD RIGHT OF WAY,SALE & VINE,39.2345848,-86.62382304
2015,10,5,Weekday,500,1-Car,No injury,ANIMAL/OBJECT IN ROADWAY,KINSER & SR37N,39.22007951,-86.55078479
2015,10,5,Weekday,1200,2-Car,No injury,OTHER (DRIVER) - EXPLAIN IN NARRATIVE,MILLER & WALNUT,39.146944,-86.532544
2015,10,5,Weekday,1500,1-Car,No injury,OTHER (DRIVER) - EXPLAIN IN NARRATIVE,S EDGEWOOD,39.23539102,-86.63945697
2015,10,5,Weekday,1600,2-Car,No injury,FAILURE TO YIELD RIGHT OF WAY,KIRKWOOD & ROGERS,39.166672,-86.538608
2015,10,5,Weekday,1500,2-Car,non-funcitonal,FAILURE TO YIELD RIGHT OF WAY,CURRY & ROLL,39.14771374,-86.58262082
2015,10,5,Weekday,2100,2-Car,No injury,DRIVER DISTRACTED - EXPLAIN IN NARRATIVE,TENTH & WOODLAWN,39.17164028,-86.52349971
2015,10,6,Weekday,0,2-Car,non-funcitonal,IMPROPER LANE USAGE,E 10TH,39.176848,-86.478192
2015,10,5,Weekday,2300,1-Car,functional,UNSAFE SPEED,E KIRKWOOD & S DUNN,39.16664,-86.528192
2015,10,5,Weekday,1300,2-Car,No injury,FOLLOWING TOO CLOSELY,SR37S & SR45W,39.148144,-86.572992
2015,10,5,Weekday,800,2-Car,No injury,VIEW OBSTRUCTED,KINSER & SKYLINE,39.19074989,-86.53772024
2015,10,2,Weekday,1300,2-Car,No injury,FOLLOWING TOO CLOSELY,SMITH & SR46W,39.210144,-86.5832
2015,10,6,Weekday,900,2-Car,No injury,UNSAFE BACKING,JORDAN & PRESIDENTS LOT,0,0
2015,9,4,Weekday,1300,2-Car,No injury,UNSAFE BACKING,3RD,39.16464,-86.56905455
2015,10,6,Weekday,1100,2-Car,No injury,UNSAFE BACKING,E WOODBINE,39.15596771,-86.50253295
2015,10,6,Weekday,1200,2-Car,No injury,DISREGARD SIGNAL/REG SIGN,COTTAGE GROVE & WOODLAWN,39.17264,-86.523584
2015,10,6,Weekday,1200,1-Car,functional,RAN OFF ROAD RIGHT,N WALNUT & SR 45 46,39.186368,-86.5344
2015,10,6,Weekday,1100,Cyclist,functional,FAILURE TO YIELD RIGHT OF WAY,7TH & JORDAN,39.16916292,-86.51599183
2015,10,6,Weekday,1700,2-Car,No injury,FOLLOWING TOO CLOSELY,E 17TH & SR4546E,39.17984,-86.507088
2015,10,6,Weekend,2000,1-Car,No injury,ANIMAL/OBJECT IN ROADWAY,GIFFORD & KIRBY,39.15555954,-86.61056157
2015,10,6,Weekday,1500,3+ Cars,No injury,FOLLOWING TOO CLOSELY,S HICKORY & SR45W,39.16249847,-86.58585357
2015,10,6,Weekend,2100,2-Car,No injury,FOLLOWING TOO CLOSELY,2ND & WALKER,39.16142978,-86.54614023
2015,10,3,Weekday,2100,2-Car,non-funcitonal,FAILURE TO YIELD RIGHT OF WAY,3RD,39.164752,-86.573104
2015,10,6,Weekday,1000,2-Car,No injury,FAILURE TO YIELD RIGHT OF WAY,COUNTRY CLUB & WALNUT,39.13597025,-86.5311098
2015,10,6,Weekday,1100,2-Car,No injury,BRAKE FAILURE OR DEFECTIVE,OLD SR 37 & WALNUT,39.20704,-86.534704
2015,10,7,Weekend,1000,2-Car,functional,DISREGARD SIGNAL/REG SIGN,1ST & S WASHINGTON,39.159344,-86.5324
2015,10,5,Weekday,1300,2-Car,No injury,DRIVER DISTRACTED - EXPLAIN IN NARRATIVE,HARTSTRAIT & STATE ROAD 48,39.16494012,-86.61103025
2015,10,7,Weekend,1100,2-Car,No injury,FAILURE TO YIELD RIGHT OF WAY,N WILLIS & WESTFIELD,39.18056,-86.543968
2015,10,6,Weekend,2100,2-Car,No injury,FOLLOWING TOO CLOSELY,S COLLEGE & W 3RD,39.16464,-86.534816
2015,10,7,Weekend,1400,2-Car,No injury,UNSAFE BACKING,W 2ND,39.16153611,-86.53976784
2015,10,6,Weekday,1800,2-Car,No injury,UNSAFE BACKING,CASSANDRA & LEONARD SPRINGS,39.122288,-86.610608
2015,10,6,Weekend,2000,1-Car,non-funcitonal,RAN OFF ROAD RIGHT,BIRDIE GALYAN & SR46E,39.162656,-86.413296
2015,10,7,Weekend,1700,2-Car,No injury,FAILURE TO YIELD RIGHT OF WAY,2ND & COLLEGE MALL,0,0
2015,10,7,Weekend,1700,2-Car,functional,FAILURE TO YIELD RIGHT OF WAY,S COLLEGE MALL,39.16291428,-86.49874114
2015,10,7,Weekend,1500,Pedestrian,functional,PEDESTRIAN ACTION,E 18TH & N DUNN,39.180352,-86.5284
2015,10,7,Weekend,1700,2-Car,functional,FOLLOWING TOO CLOSELY,E 10TH & N FORREST,39.17163022,-86.52237989
2015,10,7,Weekend,2000,2-Car,No injury,UNSAFE BACKING,S INDIANA,39.16550106,-86.52684212
2015,10,1,Weekend,300,1-Car,No injury,RAN OFF ROAD RIGHT,KIRKWOOD & OAK,39.1667878,-86.54715279
2015,10,3,Weekday,700,2-Car,No injury,UNSAFE LANE MOVEMENT,FOREST PARK & SMITH,39.20841866,-86.5832
2015,10,7,Weekend,1400,2-Car,No injury,UNSAFE LANE MOVEMENT,E 3RD & S SWAIN,39.16424,-86.5152
2015,10,1,Weekend,1300,2-Car,No injury,FAILURE TO YIELD RIGHT OF WAY,BURKS & WALNUT,39.14251599,-86.53136998
2015,10,5,Weekday,1800,1-Car,non-funcitonal,RAN OFF ROAD RIGHT,SR46W & STINESVILLE,39.26321863,-86.66150699
2015,10,1,Weekend,1200,2-Car,No injury,IMPROPER TURNING,15TH & NORTH WALNUT,39.176848,-86.533424
2015,10,1,Weekend,1800,Pedestrian,functional,DISREGARD SIGNAL/REG SIGN,KIRKWOOD & WASHINGTON,39.16664,-86.5324
2015,10,1,Weekday,1900,2-Car,functional,FAILURE TO YIELD RIGHT OF WAY,CORY & WEST 3RD,39.164544,-86.560096
2015,10,1,Weekend,1800,2-Car,No injury,FAILURE TO YIELD RIGHT OF WAY,6TH & INDIANA,39.1677418,-86.52710439
2015,10,1,Weekend,1600,2-Car,No injury,FAILURE TO YIELD RIGHT OF WAY,E 3RD & KINGSTON,39.16424,-86.492944
2015,10,1,Weekend,900,2-Car,functional,FOLLOWING TOO CLOSELY,LEE PAUL & SR37N,39.29453839,-86.522789
2015,10,1,Weekend,1300,1-Car,No injury,ANIMAL/OBJECT IN ROADWAY,HARRELL ROAD & RHORER ROAD,39.121808,-86.498784
2015,10,1,Weekend,1200,1-Car,functional,RAN OFF ROAD RIGHT,GENTRY & SR446S,39.16089693,-86.47150404
2015,10,5,Weekday,1200,2-Car,No injury,UNSAFE BACKING,S FESS,39.17058971,-86.52572931
2015,10,2,Weekday,1600,2-Car,No injury,DRIVER DISTRACTED - EXPLAIN IN NARRATIVE,SR37 & VERNAL,39.17662048,-86.56252288
2015,10,2,Weekday,1600,Pedestrian,non-funcitonal,FAILURE TO YIELD RIGHT OF WAY,E JONES & JORDAN,39.16540012,-86.51640996
2015,10,7,Weekend,1500,1-Car,No injury,OVERCORRECTING/OVERSTEERING,THOMAS & VERNAL,39.18744714,-86.62606934
2015,10,7,Weekend,1900,2-Car,No injury,ANIMAL/OBJECT IN ROADWAY,ELLIS & SR37N,39.02283151,-86.53290599
2015,10,1,Weekend,1500,2-Car,No injury,OVERCORRECTING/OVERSTEERING,CARMOLA & N SMITH,39.204448,-86.583168
2015,10,2,Weekday,1700,2-Car,No injury,FOLLOWING TOO CLOSELY,CURRY & WOODYARD,39.190672,-86.582992
2015,10,2,Weekday,1500,2-Car,No injury,FOLLOWING TOO CLOSELY,MCCRACKEN & SMITH,0,0
2015,10,2,Weekday,2000,3+ Cars,functional,FOLLOWING TOO CLOSELY,SOUTH CURRY & SR45W,39.142048,-86.582592
2015,10,2,Weekday,1900,2-Car,No injury,FAILURE TO YIELD RIGHT OF WAY,EAST 5TH & NORTH CLARK,39.16681029,-86.50497972
2015,10,1,Weekend,0,1-Car,No injury,ANIMAL/OBJECT IN ROADWAY,ACUFF & SR37N,39.20686675,-86.55469409
2015,10,1,Weekend,500,1-Car,No injury,OTHER (DRIVER) - EXPLAIN IN NARRATIVE,SR446S & WALDRIP CREEK,39.58625592,-86.42356109
2015,10,3,Weekday,1200,2-Car,No injury,FAILURE TO YIELD RIGHT OF WAY,3RD & LIBERTY,39.14874854,-86.57913006
2015,10,3,Weekday,1500,Moped/Motorcycle,No injury,FAILURE TO YIELD RIGHT OF WAY,FEE & HODGE HALL SERVICE DRIVE,0,0
2015,10,3,Weekday,1700,2-Car,No injury,UNSAFE LANE MOVEMENT,N JORDAN,39.18081529,-86.511088
2015,10,3,Weekday,1700,2-Car,No injury,OTHER (ENVIRONMENTAL) - EXPLAIN IN NARR,PROFILE,39.1696474,-86.59230642
2015,10,3,Weekday,100,2-Car,No injury,OTHER (DRIVER) - EXPLAIN IN NARRATIVE,EAST WATERSEDGE,39.02558899,-86.50688934
2015,10,2,Weekday,1500,2-Car,non-funcitonal,UNSAFE SPEED,N HARTSTRAIT & W VERNAL,39.18676995,-86.6112703
2015,10,3,Weekday,2200,2-Car,No injury,UNSAFE BACKING,S FRANKLIN,39.166496,-86.571216
2015,10,7,Weekend,0,1-Car,No injury,OTHER (DRIVER) - EXPLAIN IN NARRATIVE,M SMITH & W NORWAY,0,0
2015,10,4,Weekday,300,1-Car,No injury,DRIVER ASLEEP OR FATIGUED,E MOORES & S SARE,39.04475397,-86.49918012
2015,10,3,Weekday,1300,1-Car,non-funcitonal,OTHER (DRIVER) - EXPLAIN IN NARRATIVE,N KINSER PILE,39.206688,-86.547456
2015,10,3,Weekday,1300,2-Car,No injury,FAILURE TO YIELD RIGHT OF WAY,N ROGERS & W 11TH,39.173184,-86.538528
2015,10,4,Weekday,1000,Cyclist,functional,WRONG WAY ON ONE WAY,14TH & N WALNUT,39.175952,-86.53344
2015,10,4,Weekday,1100,2-Car,No injury,FAILURE TO YIELD RIGHT OF WAY,E MAXWELL & S WOODLAWN,39.15781014,-86.52264006
2015,10,7,Weekend,1800,2-Car,No injury,FAILURE TO YIELD RIGHT OF WAY,DUNN & SR45,39.18635204,-86.52602555
2015,10,4,Weekday,1600,1-Car,functional,OTHER (ENVIRONMENTAL) - EXPLAIN IN NARR,DUNN & SR37N,39.17863846,-86.52835845
2015,10,4,Weekday,1600,2-Car,No injury,FOLLOWING TOO CLOSELY,ATWATER & PARK,39.1631179,-86.52403492
2015,10,3,Weekday,2100,2-Car,No injury,FOLLOWING TOO CLOSELY,17TH & INDIANA,39.179024,-86.5272
2015,10,4,Weekday,1600,2-Car,No injury,FOLLOWING TOO CLOSELY,SOUTH LANDMARK & WEST 3RD,39.16442983,-86.55630983
2015,10,4,Weekday,1700,2-Car,No injury,FAILURE TO YIELD RIGHT OF WAY,8TH & JEFFERSON,39.169552,-86.507056
2015,10,4,Weekday,2000,2-Car,functional,FOLLOWING TOO CLOSELY,ATWATER & HENDERSON,39.16313969,-86.52727022
2015,10,4,Weekday,1600,2-Car,No injury,FOLLOWING TOO CLOSELY,CORY & WEST 3RD,39.164544,-86.560096
2015,10,4,Weekday,2000,2-Car,No injury,FAILURE TO YIELD RIGHT OF WAY,FEE & LAW,39.174048,-86.518896
2015,10,4,Weekday,2200,1-Car,No injury,ANIMAL/OBJECT IN ROADWAY,S STANFORD & W ELWREN,39.10824,-86.666192
2015,10,4,Weekday,2200,2-Car,No injury,DRIVER DISTRACTED - EXPLAIN IN NARRATIVE,W VERNAL,39.179248,-86.58292
2015,10,3,Weekday,1300,2-Car,non-funcitonal,DISREGARD SIGNAL/REG SIGN,SR37S & SR46E,39.194144,-86.554592
2015,10,5,Weekday,700,Bus,non-funcitonal,FOLLOWING TOO CLOSELY,2876 S WALNUT & PINEWOOD,39.1526518,-86.53142587
2015,10,5,Weekday,1100,2-Car,No injury,UNSAFE LANE MOVEMENT,E 3RD & N WALNUT,39.16464,-86.5336
2015,10,5,Weekday,1000,2-Car,No injury,FAILURE TO YIELD RIGHT OF WAY,W CASCADE & W GOURLEY,39.1852,-86.541952
2015,10,5,Weekday,1200,2-Car,No injury,OTHER (DRIVER) - EXPLAIN IN NARRATIVE,1ST & WALNUT,39.159344,-86.5336
2015,10,5,Weekday,1200,Pedestrian,non-funcitonal,DISREGARD SIGNAL/REG SIGN,S FAIRVIEW & W 4TH,39.165712,-86.5408
2015,10,4,Weekday,1600,2-Car,No injury,UNSAFE BACKING,W WYLIE,39.15944,-86.55776914
2015,10,4,Weekday,1700,Moped/Motorcycle,No injury,UNSAFE SPEED,SMITH & SR46W,39.210144,-86.5832
2015,10,5,Weekday,1700,2-Car,No injury,FAILURE TO YIELD RIGHT OF WAY,SIMPSON CHAPEL & SR37N,39.26616,-86.522752
2015,10,5,Weekday,1700,1-Car,No injury,ANIMAL/OBJECT IN ROADWAY,S OLD STATE ROAD 37 & S ROGERS,39.099408,-86.537904
2015,10,4,Weekday,2300,1-Car,No injury,DRIVER DISTRACTED - EXPLAIN IN NARRATIVE,2ND & WOODCREST,39.160944,-86.5024
2015,10,6,Weekday,0,1-Car,No injury,RAN OFF ROAD RIGHT,MT CARMEL & STINESVILLE,39.29611928,-86.65930657
2015,10,4,Weekday,900,2-Car,No injury,UNSAFE BACKING,E 2ND,39.16144,-86.5324
2015,10,1,Weekend,1400,2-Car,No injury,DRIVER DISTRACTED - EXPLAIN IN NARRATIVE,SAMPLE & SR37N,39.26890488,-86.52287361
2015,10,2,Weekday,1300,2-Car,No injury,UNSAFE LANE MOVEMENT,N CURRY & W VERNAL,39.2003166,-86.58308029
2015,10,6,Weekday,1200,2-Car,No injury,IMPROPER LANE USAGE,S WALNUT,39.16464,-86.5336
2015,10,6,Weekday,1500,Bus,No injury,FAILURE TO YIELD RIGHT OF WAY,SOUTH WALNUT & WINSLOW,39.13597025,-86.5311098
2015,10,6,Weekday,1400,2-Car,No injury,FAILURE TO YIELD RIGHT OF WAY,8TH & GRANT,39.169552,-86.529696
2015,10,5,Weekday,1600,3+ Cars,No injury,FOLLOWING TOO CLOSELY,3RD & WYNNEDALE,39.16455992,-86.57019026
2015,10,6,Weekday,1500,Pedestrian,non-funcitonal,RAN OFF ROAD RIGHT,2951 N BANKERS & E RUSGAN,39.200752,-86.532592
2015,10,6,Weekday,1500,2-Car,No injury,FAILURE TO YIELD RIGHT OF WAY,GOURLEY & KINSER,39.185392,-86.537856
2015,10,6,Weekend,1900,2-Car,No injury,FAILURE TO YIELD RIGHT OF WAY,3RD & PETE ELLIS,39.16424,-86.495088
2015,10,6,Weekend,2000,2-Car,No injury,FAILURE TO YIELD RIGHT OF WAY,EAST 2ND & HIGH,39.1609899,-86.50846995
2015,10,6,Weekend,2100,2-Car,No injury,FAILURE TO YIELD RIGHT OF WAY,EAST 10TH & NORTH WALNUT,39.171744,-86.53352
2015,10,4,Weekday,1000,2-Car,No injury,IMPROPER TURNING,SR446S & WALDRIP CREEK,39.33315386,-86.42356109
2015,10,6,Weekday,800,2-Car,non-funcitonal,FAILURE TO YIELD RIGHT OF WAY,KINSER & SR4546W,39.186544,-86.537888
2015,10,5,Weekday,1000,2-Car,No injury,FOLLOWING TOO CLOSELY,SR37N & TAPP,39.13704,-86.572896
2015,10,5,Weekday,1200,2-Car,No injury,UNSAFE BACKING,ROLLING RIDGE,39.133744,-86.50592
2015,10,7,Weekend,900,2-Car,non-funcitonal,FAILURE TO YIELD RIGHT OF WAY,7TH & SR45E,39.167648,-86.500096
2015,10,6,Weekday,1300,2-Car,functional,FOLLOWING TOO CLOSELY,EAST 10TH & NORTH PETE ELLIS,39.171504,-86.495312
2015,10,7,Weekend,1300,2-Car,No injury,SPEED TOO FAST FOR WEATHER CONDITIONS,OLDSTATE ROAD 37 S & STATE ROAD 37 S,0,0
2015,10,6,Weekday,1600,2-Car,No injury,IMPROPER TURNING,HICKORY & SR48W,39.164832,-86.585856
2015,10,7,Weekend,1400,2-Car,No injury,UNSAFE LANE MOVEMENT,3RD & COLLEGE MALL,39.16424,-86.4984
2015,10,7,Weekend,1400,2-Car,No injury,SPEED TOO FAST FOR WEATHER CONDITIONS,OLD SR 37 & RHORER,39.121552,-86.531296
2015,10,7,Weekend,1600,1-Car,non-funcitonal,SPEED TOO FAST FOR WEATHER CONDITIONS,DUNN & SR37N,39.17863846,-86.52834115
2015,10,7,Weekend,1700,1-Car,No injury,IMPROPER TURNING,7TH & HIGHWAY 45 46,39.167648,-86.500096
2015,10,7,Weekend,1600,2-Car,No injury,SPEED TOO FAST FOR WEATHER CONDITIONS,DUNN & OLD STATE ROAD 37 N,39.20801975,-86.52873294
2015,10,7,Weekend,1600,2-Car,No injury,LEFT OF CENTER,E SCHACHT & S FAIRFAX,39.10704,-86.523488
2015,10,7,Weekend,1700,2-Car,No injury,SPEED TOO FAST FOR WEATHER CONDITIONS,N HARTSTRAIT & W VERNAL,39.186752,-86.611504
2015,10,7,Weekend,1800,1-Car,No injury,RAN OFF ROAD RIGHT,E MARTIN & E STATE ROAD 45,39.20474008,-86.46328441
2015,10,7,Weekend,2000,1-Car,No injury,ANIMAL/OBJECT IN ROADWAY,E STATE ROAD 45 & N PATHWAYS,39.24077593,-86.38299354
2015,10,7,Weekend,1600,1-Car,No injury,RAN OFF ROAD RIGHT,W REEVES,39.24152825,-86.68116535
2015,10,7,Weekend,1800,2-Car,No injury,FAILURE TO YIELD RIGHT OF WAY,BLACK OAKS & ROBINSON,39.24069106,-86.44136351
2015,10,7,Weekend,1900,2-Car,No injury,SPEED TOO FAST FOR WEATHER CONDITIONS,S OLD RICHARDSON & SR446S,0,0
2015,10,7,Weekend,500,1-Car,No injury,ANIMAL/OBJECT IN ROADWAY,SR45N & W 3RD,39.164752,-86.573104
2015,10,1,Weekend,700,2-Car,No injury,FAILURE TO YIELD RIGHT OF WAY,SR37S & VERNAL,39.17856339,-86.56000817
2015,10,7,Weekend,800,Pedestrian,functional,PEDESTRIAN ACTION,KINSER & SR4546W,39.186544,-86.537888
2015,10,7,Weekend,1500,2-Car,No injury,FOLLOWING TOO CLOSELY,E 3RD ST & S PETE ELLIS,39.16424,-86.495088
2015,10,7,Weekend,1100,2-Car,No injury,OTHER (DRIVER) - EXPLAIN IN NARRATIVE,E MAXWELL & S STULL,39.15792,-86.52472
2015,10,1,Weekend,1500,2-Car,No injury,FAILURE TO YIELD RIGHT OF WAY,FEE & SR4546W,39.186032,-86.51984
2015,10,7,Weekend,1500,2-Car,non-funcitonal,OVERCORRECTING/OVERSTEERING,SR37N & WINERY,39.24858074,-86.52267895
2015,10,1,Weekend,1400,1-Car,No injury,UNSAFE SPEED,MAIN FOREST & ROSENBAUM,0,0
2015,10,1,Weekend,1600,2-Car,No injury,FOLLOWING TOO CLOSELY,BURMA & SR37N,39.31561299,-86.51117113
2015,10,1,Weekend,1700,2-Car,functional,FOLLOWING TOO CLOSELY,S WYNNEDALE & W 3RD,39.16455992,-86.57019026
2015,10,2,Weekday,700,2-Car,No injury,FOLLOWING TOO CLOSELY,WALNUT ST & WINSLOW,0,0
2015,10,2,Weekday,600,1-Car,No injury,ANIMAL/OBJECT IN ROADWAY,BRYANTS CREEK & SR37,0,0
2015,10,2,Weekday,800,2-Car,No injury,FAILURE TO YIELD RIGHT OF WAY,SALE & SR46,39.23384,-86.624704
2015,10,2,Weekday,1100,2-Car,No injury,UNSAFE BACKING,S LIBERTY,39.145264,-86.577616
2015,10,2,Weekday,700,Bus,non-funcitonal,LEFT OF CENTER,COOPERATIVE & TAPP,0,0
2015,10,2,Weekday,1200,2-Car,No injury,FAILURE TO YIELD RIGHT OF WAY,N COLLEGE & W 9TH,39.170544,-86.534768
2015,10,1,Weekend,1300,2-Car,No injury,UNSAFE BACKING,STATE ROAD 48,39.16435242,-86.61186981
2015,10,2,Weekday,1200,2-Car,No injury,FAILURE TO YIELD RIGHT OF WAY,E HILLSIDE & OLIVE,39.150656,-86.5188
2015,10,1,Weekend,1100,3+ Cars,No injury,FOLLOWING TOO CLOSELY,BRYANTS CREEK & SR37N,0,0
2015,10,2,Weekday,1700,2-Car,No injury,FOLLOWING TOO CLOSELY,EAST 17TH & WALNUT GROVE,39.1790197,-86.5210998
2015,10,2,Weekday,1700,2-Car,No injury,UNSAFE BACKING,E LINGELBACH,39.17782679,-86.50843776
2015,10,2,Weekday,1900,2-Car,No injury,UNSAFE BACKING,EAST 3RD,39.0803238,-86.51676334
2015,10,2,Weekday,1600,2-Car,functional,FAILURE TO YIELD RIGHT OF WAY,E ATWATER & S HENDERSON,39.16313969,-86.52727022
2015,10,2,Weekday,500,2-Car,No injury,FOLLOWING TOO CLOSELY,S BUNGER & SR45W,39.12936,-86.604336
2015,10,4,Weekday,1100,2-Car,No injury,FAILURE TO YIELD RIGHT OF WAY,CURRY & VERNAL,0,0
2015,10,2,Weekday,1200,2-Car,No injury,OTHER (DRIVER) - EXPLAIN IN NARRATIVE,GRIMES & WALNUT,39.15335029,-86.53371021
2015,10,3,Weekday,800,2-Car,functional,FOLLOWING TOO CLOSELY,E 10TH & N SMITH,39.172752,-86.482288
2015,10,3,Weekday,900,Bus,No injury,FOLLOWING TOO CLOSELY,ADAMS & KIRKWOOD,39.166816,-86.549488
2015,10,6,Weekday,1300,2-Car,No injury,FOLLOWING TOO CLOSELY,CAPITOL & SR46W,39.22319326,-86.60910588