Year,Month,Day,Weekend?,Hour,Collision Type,Injury Type,Primary Factor,Reported_Location,Latitude,Longitude
2015,10,3,Weekday,1100,2-Car,No injury,FOLLOWING TOO CLOSELY,E 3RD & MITCHELL,39.16424,-86.514096
2015,10,3,Weekday,1100,1-Car,No injury,ROADWAY SURFACE CONDITION,N DUNN & N OLD STATE ROAD 37,39.208048,-86.528704
2015,10,3,Weekday,1100,2-Car,No injury,OVERCORRECTING/OVERSTEERING,BASSWOOD & BLOOMFIELD,39.14977205,-86.56891458
2015,11,3,Weekday,1300,2-Car,No injury,FAILURE TO YIELD RIGHT OF WAY,SMITH & WOODYARD,0,0
2015,11,5,Weekday,800,1-Car,No injury,OTHER (DRIVER) - EXPLAIN IN NARRATIVE,MATTHEWS & VINE,39.23532177,-86.62544776
2015,11,4,Weekday,1500,2-Car,No injury,SPEED TOO FAST FOR WEATHER CONDITIONS,S BREEDEN & SR45W,39.0881573,-86.66901213
2015,11,5,Weekday,1700,2-Car,No injury,FAILURE TO YIELD RIGHT OF WAY,10TH & WOODLAWN,39.171632,-86.523536
2015,11,5,Weekday,1400,3+ Cars,functional,DRIVER DISTRACTED - EXPLAIN IN NARRATIVE,1ST & COLLEGE,39.16026391,-86.53486682
2015,11,5,Weekday,1700,2-Car,No injury,FOLLOWING TOO CLOSELY,E 10TH & N JORDAN,39.171552,-86.515728
2015,11,3,Weekday,1700,1-Car,No injury,ANIMAL/OBJECT IN ROADWAY,W WOODYARD & WOLCOT,0,0
2015,11,5,Weekday,1800,3+ Cars,No injury,FOLLOWING TOO CLOSELY,NORTH KINSER & SR46E,39.18662255,-86.53964972
2015,11,6,Weekday,0,1-Car,No injury,RAN OFF ROAD RIGHT,WEST WALCOTT & WEST WOODYARD,39.201488,-86.601968
2015,11,5,Weekday,2100,2-Car,No injury,FAILURE TO YIELD RIGHT OF WAY,E MOORES PIKE & S CLARIZZ,39.15033948,-86.49132414
2015,11,5,Weekday,1100,2-Car,functional,FAILURE TO YIELD RIGHT OF WAY,3RD & LIBERTY,39.16461021,-86.57908677
2015,11,6,Weekday,900,2-Car,No injury,IMPROPER TURNING,S HIGHLAND,39.14185333,-86.51425933
2015,11,4,Weekday,700,3+ Cars,No injury,RAN OFF ROAD RIGHT,MOFFETT,39.09947968,-86.51124579
2015,11,6,Weekday,1200,2-Car,No injury,UNSAFE BACKING,EAST THIRD,39.163619,-86.49514
2015,11,6,Weekday,1200,2-Car,non-funcitonal,FAILURE TO YIELD RIGHT OF WAY,N FRITIZ & N WALNUT,39.22312501,-86.53308995
2015,11,4,Weekday,1700,2-Car,No injury,UNSAFE BACKING,SOUTH WALNUT,39.13630217,-86.53103537
2015,11,6,Weekday,1500,2-Car,No injury,FAILURE TO YIELD RIGHT OF WAY,MONROE & SR46W,39.186944,-86.5468
2015,11,6,Weekday,1600,2-Car,No injury,FAILURE TO YIELD RIGHT OF WAY,EAST 3RD & KINGSTON,39.16424,-86.492944
2015,11,6,Weekday,1700,2-Car,No injury,FAILURE TO YIELD RIGHT OF WAY,3RD & SWAIN,39.16425012,-86.51525996
2015,11,6,Weekend,2000,2-Car,No injury,FOLLOWING TOO CLOSELY,LOVE & SR46W,39.2187363,-86.60160144
2015,11,6,Weekend,2300,1-Car,No injury,ANIMAL/OBJECT IN ROADWAY,SR46 & WOODVIEW,39.15156773,-86.38607313
2015,10,3,Weekday,1100,2-Car,No injury,OTHER (DRIVER) - EXPLAIN IN NARRATIVE,BLOOMFIELD & SR37N,0,0
2015,10,3,Weekday,900,Cyclist,functional,FAILURE TO YIELD RIGHT OF WAY,ALLEN & MORTON,0,0
2015,10,3,Weekday,1200,2-Car,No injury,FOLLOWING TOO CLOSELY,S LANDMARK & W BLOOMFIELD,39.15993981,-86.55382007
2015,10,3,Weekday,1300,2-Car,No injury,SPEED TOO FAST FOR WEATHER CONDITIONS,CLUBHOUSE & KINSER,0,0
2015,10,3,Weekday,1500,1-Car,functional,IMPROPER TURNING,3RD & SR4546E,39.164448,-86.471888
2015,10,2,Weekday,1900,1-Car,No injury,IMPROPER TURNING,KINSER,0,0
2015,10,3,Weekday,1700,Bus,No injury,FAILURE TO YIELD RIGHT OF WAY,BLOOMFIELD & LIBERTY,0,0
2015,10,3,Weekday,1700,2-Car,functional,FOLLOWING TOO CLOSELY,CONSTITUTION & LIBERTY,39.14872891,-86.57591446
2015,10,3,Weekday,1500,2-Car,No injury,FOLLOWING TOO CLOSELY,KIRKWOOD & WALNUT,39.16664,-86.5336
2015,10,3,Weekday,1700,2-Car,non-funcitonal,FOLLOWING TOO CLOSELY,CURRY & WOODLYN,0,0
2015,10,3,Weekday,1800,2-Car,non-funcitonal,SPEED TOO FAST FOR WEATHER CONDITIONS,KINSER & SR46W,39.186544,-86.537888
2015,10,3,Weekday,1900,2-Car,functional,SPEED TOO FAST FOR WEATHER CONDITIONS,10TH & JORDAN,39.1723724,-86.51562955
2015,10,3,Weekday,1900,2-Car,No injury,IMPROPER TURNING,10TH & COLLEGE,39.171744,-86.534768
2015,10,3,Weekday,1800,2-Car,No injury,DRIVER DISTRACTED - EXPLAIN IN NARRATIVE,ATWATER & WOODLAWN,39.16312024,-86.52261432
2015,10,2,Weekday,1900,2-Car,non-funcitonal,DISREGARD SIGNAL/REG SIGN,KINSER & SR45E,39.186544,-86.537888
2015,10,3,Weekday,2000,2-Car,functional,SPEED TOO FAST FOR WEATHER CONDITIONS,HILLSIDE & NANCY,39.15050983,-86.51106029
2015,10,3,Weekday,1400,2-Car,No injury,BRAKE FAILURE OR DEFECTIVE,14TH & N WALNUT,39.175952,-86.53344
2015,10,3,Weekday,1900,3+ Cars,No injury,SPEED TOO FAST FOR WEATHER CONDITIONS,S FRANKLIN & W 3RD,39.164688,-86.5712
2015,10,4,Weekday,600,2-Car,No injury,FAILURE TO YIELD RIGHT OF WAY,LEONARD SPRINGS & MAYBURY,0,0
2015,10,4,Weekday,1000,2-Car,No injury,FOLLOWING TOO CLOSELY,COLLEGE MALL & E3RD,39.16424,-86.4984
2015,10,4,Weekday,700,2-Car,non-funcitonal,OTHER (DRIVER) - EXPLAIN IN NARRATIVE,PATTERSON & ROGERS,39.15379018,-86.53875008
2015,10,4,Weekday,1000,2-Car,No injury,FOLLOWING TOO CLOSELY,2ND & PATTERSON,39.16074984,-86.54850997
2015,10,3,Weekday,1600,2-Car,No injury,SPEED TOO FAST FOR WEATHER CONDITIONS,S WALNUT & W GRIMES,39.15344,-86.5336
2015,10,4,Weekday,1300,2-Car,No injury,BRAKE FAILURE OR DEFECTIVE,17TH & SR4546E,39.17984,-86.507088
2015,10,3,Weekday,1400,2-Car,non-funcitonal,DISREGARD SIGNAL/REG SIGN,3RD & SR37S,39.164752,-86.573104
2015,10,4,Weekday,1300,2-Car,non-funcitonal,UNSAFE LANE MOVEMENT,EAST 17TH & SR46,0,0
2015,10,2,Weekday,1400,2-Car,No injury,FAILURE TO YIELD RIGHT OF WAY,LEONARD SPRINGS & SR45W,39.14184549,-86.5830501
2015,10,3,Weekday,1700,2-Car,No injury,SPEED TOO FAST FOR WEATHER CONDITIONS,E RHORER & S WALNUT STREET,39.12141648,-86.53135125
2015,10,3,Weekday,1900,1-Car,functional,RAN OFF ROAD RIGHT,FAIRFAX & WALNUT STREET,39.24442432,-86.52650724
2015,10,4,Weekday,1400,2-Car,No injury,SPEED TOO FAST FOR WEATHER CONDITIONS,HENDERSON & HILLSIDE,39.15064,-86.52696
2015,10,4,Weekday,1300,2-Car,No injury,FOLLOWING TOO CLOSELY,S LIBERTY & W 3RD,0,0
2015,10,4,Weekday,1600,Pedestrian,non-funcitonal,FAILURE TO YIELD RIGHT OF WAY,JORDAN & LAW,39.173552,-86.515488
2015,10,4,Weekday,2000,1-Car,non-funcitonal,DRIVER DISTRACTED - EXPLAIN IN NARRATIVE,E KIRKWOOD & N DUNN,39.16664,-86.528192
2015,10,4,Weekday,1200,2-Car,No injury,FOLLOWING TOO CLOSELY,S ADAMS & W TAPP,0,0
2015,10,5,Weekday,800,2-Car,No injury,FOLLOWING TOO CLOSELY,E3RD & S WALNUT,39.16464,-86.5336
2015,10,4,Weekday,800,2-Car,No injury,FOLLOWING TOO CLOSELY,ANNA LEE & BLOOMFIELD,39.15802002,-86.55759997
2015,10,5,Weekday,1000,2-Car,functional,DISREGARD SIGNAL/REG SIGN,SR 37 & W 3RD,0,0
2015,10,5,Weekday,1600,2-Car,No injury,FAILURE TO YIELD RIGHT OF WAY,15TH & DUNN,39.176944,-86.528272
2015,10,5,Weekday,2200,2-Car,No injury,FOLLOWING TOO CLOSELY,17TH,39.17984,-86.507088
2015,10,5,Weekday,2100,2-Car,No injury,UNSAFE BACKING,S LIBERTY,39.189248,-86.531472
2015,10,5,Weekday,2300,2-Car,No injury,UNSAFE BACKING,N WOODBURN & W 13TH,39.17549998,-86.5360102
2015,10,6,Weekday,800,Bus,No injury,RAN OFF ROAD RIGHT,E WINSLOW & S HENDERSON,39.136144,-86.5268
2015,10,5,Weekday,1400,2-Car,No injury,FAILURE TO YIELD RIGHT OF WAY,FLATWOODS & SR46W,39.24949408,-86.65024812
2015,10,6,Weekday,900,2-Car,functional,DISREGARD SIGNAL/REG SIGN,DODDS & ROGERS,39.15747017,-86.53869979
2015,10,6,Weekday,1400,2-Car,functional,FOLLOWING TOO CLOSELY,3RD & CLIFTON,39.1642803,-86.50968968
2015,10,6,Weekday,1400,3+ Cars,No injury,FOLLOWING TOO CLOSELY,ATWATER & S PARK,39.16311018,-86.52403877
2015,10,5,Weekday,100,1-Car,No injury,IMPROPER LANE USAGE,ACADIA,39.13603116,-86.518496
2015,10,6,Weekday,1300,2-Car,No injury,FOLLOWING TOO CLOSELY,11TH & ROGERS,39.173184,-86.538528
2015,10,5,Weekday,2100,2-Car,No injury,UNSAFE LANE MOVEMENT,4TH & INDIANA,39.16619692,-86.52687456
2015,10,5,Weekday,2200,2-Car,No injury,IMPROPER TURNING,BROWNSTONE,0,0
2015,10,6,Weekend,2000,3+ Cars,No injury,FOLLOWING TOO CLOSELY,RANGE,39.171504,-86.495312
2015,10,6,Weekday,1700,2-Car,No injury,FOLLOWING TOO CLOSELY,HEATHER & WALNUT ST,39.123856,-86.526656
2015,10,6,Weekend,2100,2-Car,functional,FAILURE TO YIELD RIGHT OF WAY,E 10TH & N INDIANA,39.17168,-86.527024
2015,10,6,Weekend,2000,1-Car,No injury,ANIMAL/OBJECT IN ROADWAY,ROGERS & S OLD SR 37,0,0
2015,10,6,Weekend,2300,2-Car,No injury,DISREGARD SIGNAL/REG SIGN,3RD & COLLEGE MALL,39.16424,-86.4984
2015,10,6,Weekend,2200,2-Car,No injury,IMPROPER LANE USAGE,BLOOMFIELD & HIGHWAY 37 OFF RAMP,0,0
2015,10,6,Weekend,2300,Pedestrian,functional,PEDESTRIAN ACTION,ATWATER & JORDAN,39.16304983,-86.51638984
2015,10,7,Weekend,400,1-Car,No injury,HOLES/RUTS IN SURFACE,DAISY,39.22788754,-86.60496175
2015,10,7,Weekend,900,1-Car,No injury,OTHER (DRIVER) - EXPLAIN IN NARRATIVE,S ROLLING RIDGE & W BLOOMFIELD,39.15496029,-86.56322993
2015,10,5,Weekday,1600,2-Car,No injury,UNSAFE BACKING,SOUTH ENDWRIGHT,39.14486311,-86.59636996
2015,10,5,Weekday,1400,2-Car,No injury,FOLLOWING TOO CLOSELY,SR37S & W VICTOR,39.105552,-86.551104
2015,10,5,Weekday,1600,3+ Cars,non-funcitonal,FOLLOWING TOO CLOSELY,SR45W & W AIRPORT,39.13591678,-86.59513562
2015,10,5,Weekday,100,1-Car,No injury,IMPROPER TURNING,ACADIA & EAST WINSLOW,39.136048,-86.518496
2015,10,7,Weekend,1900,2-Car,functional,FAILURE TO YIELD RIGHT OF WAY,E 10TH & N INDIANA,39.17168,-86.527024
2015,10,7,Weekend,2000,2-Car,No injury,FAILURE TO YIELD RIGHT OF WAY,S MADISON & W KIRKWOOD,39.166656,-86.537296
2015,10,7,Weekend,1500,2-Car,No injury,UNSAFE SPEED,1600 N WILLIS TRAILER 224 & W 17TH,0,0
2015,10,7,Weekend,1900,2-Car,No injury,FAILURE TO YIELD RIGHT OF WAY,E 2ND & S WOODSCREST,0,0
2015,10,7,Weekend,2000,2-Car,No injury,IMPROPER PASSING,S LEONARD SPRINGS & W STATE ROAD 45,0,0
2015,10,7,Weekend,2000,1-Car,No injury,OTHER (DRIVER) - EXPLAIN IN NARRATIVE,6TH & WALDRON,39.167696,-86.5436
2015,10,7,Weekend,2000,2-Car,No injury,FAILURE TO YIELD RIGHT OF WAY,E 3RD & S OVERHILL,39.164272,-86.501488
2015,11,1,Weekend,100,2-Car,No injury,FAILURE TO YIELD RIGHT OF WAY,E 10TH & N INDIANA,39.17168,-86.527024
2015,11,1,Weekend,0,1-Car,No injury,SPEED TOO FAST FOR WEATHER CONDITIONS,E 19TH & N DUNN,39.18104,-86.5284
2015,11,1,Weekend,100,1-Car,No injury,SPEED TOO FAST FOR WEATHER CONDITIONS,ELM & KIRKWOOD,39.166768,-86.5452
2015,10,7,Weekend,2300,2-Car,No injury,FAILURE TO YIELD RIGHT OF WAY,E 3RD & S WASHINGTON,39.16464,-86.5324
2015,11,1,Weekend,1300,2-Car,No injury,IMPROPER TURNING,AZALEA & HIGHLAND,39.14445341,-86.51739825
2015,11,1,Weekend,1700,2-Car,No injury,FOLLOWING TOO CLOSELY,10 TH & SR46E,38.96016476,-86.53102874
2015,11,1,Weekend,1700,2-Car,No injury,FOLLOWING TOO CLOSELY,SOUTH PATTERSON & WEST 3RD,39.16344009,-86.55128002
2015,10,4,Weekday,2100,1-Car,No injury,UNSAFE BACKING,W HENNESSEY,39.12535477,-86.55380249
2015,11,1,Weekday,2100,1-Car,No injury,ANIMAL/OBJECT IN ROADWAY,POPLAR & SR46W,39.23852734,-86.62993739
2015,11,1,Weekend,100,1-Car,No injury,SPEED TOO FAST FOR WEATHER CONDITIONS,LAW & UNION,39.17234033,-86.50966018
2015,11,2,Weekday,700,2-Car,No injury,FOLLOWING TOO CLOSELY,E WINSLOW & S WALNUT,39.136144,-86.528688
2015,11,2,Weekday,700,2-Car,No injury,FOLLOWING TOO CLOSELY,HENDERSON & SOUTH,39.14200667,-86.5268
2015,10,6,Weekday,1500,2-Car,No injury,DISREGARD SIGNAL/REG SIGN,HARTSTRAIGHT & TEMPERANCE,39.22766022,-86.61594003
2015,11,2,Weekday,800,2-Car,No injury,UNSAFE SPEED,10TH & WALNUT,39.1716,-86.520896
2015,11,2,Weekday,1000,2-Car,No injury,UNSAFE BACKING,S COLLEGE MALL,39.16394547,-86.49833535
2015,11,2,Weekday,1200,2-Car,No injury,FOLLOWING TOO CLOSELY,SR37N & VERNAL,39.17635934,-86.56266121
2015,11,2,Weekday,1200,2-Car,No injury,FAILURE TO YIELD RIGHT OF WAY,3RD & SWAIN,39.16425012,-86.51525996
2015,11,2,Weekday,1300,2-Car,No injury,FOLLOWING TOO CLOSELY,N WALNUT & W 8TH,39.169552,-86.533552
2015,11,1,Weekday,2100,1-Car,non-funcitonal,RAN OFF ROAD RIGHT,E CHAMBERS,39.30432,-86.5168
2015,11,2,Weekday,1400,2-Car,functional,FAILURE TO YIELD RIGHT OF WAY,MILLER & WALNUT,39.14681026,-86.53250397
2015,11,2,Weekday,1500,1-Car,No injury,UNSAFE LANE MOVEMENT,ADAMS HILL & COUNTRYSIDE,39.14240018,-86.55079265
2015,11,2,Weekday,1300,2-Car,No injury,UNSAFE LANE MOVEMENT,3RD & WALNUT,39.16464,-86.5336
2015,11,2,Weekday,1600,3+ Cars,non-funcitonal,DRIVER DISTRACTED - EXPLAIN IN NARRATIVE,CURRY & WOODLYN,39.145856,-86.582592
2015,11,2,Weekday,1600,3+ Cars,non-funcitonal,FOLLOWING TOO CLOSELY,ROCKPORT & TAPP,39.136448,-86.548704
2015,10,6,Weekend,1900,1-Car,No injury,UNSAFE BACKING,WEST JACOBS,39.1652565,-86.57553863
2015,11,2,Weekday,1800,2-Car,No injury,IMPROPER LANE USAGE,EAST HIGH & EAST MOORES,39.15048257,-86.50844643
2015,11,3,Weekday,0,1-Car,No injury,UNSAFE SPEED,N MORTON,39.173216,-86.536
2015,11,3,Weekday,100,3+ Cars,No injury,OTHER (DRIVER) - EXPLAIN IN NARRATIVE,11TH & SUMMIT,39.173344,-86.548192
2015,10,7,Weekend,100,1-Car,No injury,SPEED TOO FAST FOR WEATHER CONDITIONS,DUNN & SR37N,39.17863846,-86.52835845
2015,11,3,Weekday,500,1-Car,No injury,ANIMAL/OBJECT IN ROADWAY,FORRESTVIEW & LAKEVIEW,0,0
2015,10,7,Weekend,2300,2-Car,No injury,UNSAFE LANE MOVEMENT,SOUTH LEONARD SPRINGS & SR45W,39.14190066,-86.5828886
2015,10,7,Weekend,2300,2-Car,No injury,LEFT OF CENTER,EAST BURKS & SOUTH WALNUT STREET,39.17949145,-86.53136314
2015,11,1,Weekday,2300,1-Car,functional,ANIMAL/OBJECT IN ROADWAY,GRIFFITH CEMETERY & SR37N,39.32830777,-86.53163909
2015,11,3,Weekday,800,2-Car,No injury,UNSAFE BACKING,S WALNUT,39.14841,-86.532966
2015,11,3,Weekday,800,2-Car,No injury,FAILURE TO YIELD RIGHT OF WAY,LONGVIEW & PETE ELLIS,39.166944,-86.495056
2015,10,6,Weekday,1000,1-Car,No injury,RAN OFF ROAD RIGHT,FULLERTON & SR37,39.27730306,-86.57208251
2015,11,3,Weekday,800,2-Car,No injury,FAILURE TO YIELD RIGHT OF WAY,S LIBERTY,39.145264,-86.577616
2015,11,3,Weekday,900,2-Car,No injury,UNSAFE LANE MOVEMENT,HAWTHORNE & THIRD,0,0
2015,11,3,Weekday,1000,Pedestrian,functional,IMPROPER TURNING,W ALLEN,39.156128,-86.560912
2015,11,3,Weekday,1300,3+ Cars,non-funcitonal,FAILURE TO YIELD RIGHT OF WAY,N CURRY & WELMIR,39.16686997,-86.58297032
2015,11,3,Weekday,1700,Cyclist,non-funcitonal,FAILURE TO YIELD RIGHT OF WAY,HICKORY & SR48W,39.164832,-86.585856
2015,11,3,Weekday,1800,2-Car,functional,FAILURE TO YIELD RIGHT OF WAY,S CURRY & W 3RD,39.16463971,-86.58292002
2015,11,3,Weekday,1400,Pedestrian,functional,FAILURE TO YIELD RIGHT OF WAY,N WALNUT & W 7TH,39.16864,-86.533568
2015,11,3,Weekday,2200,2-Car,No injury,IMPROPER TURNING,15TH & N WALNUT,39.176848,-86.533424
2015,11,3,Weekday,2200,Pedestrian,functional,OTHER (DRIVER) - EXPLAIN IN NARRATIVE,E 3RD & S FESS,39.164448,-86.525792
2015,11,4,Weekday,900,2-Car,No injury,FAILURE TO YIELD RIGHT OF WAY,CATHCART & WILCOX,39.14356512,-86.49986006
2015,11,4,Weekday,1100,2-Car,functional,UNSAFE SPEED,CLARIZZ,39.15260696,-86.49272918
2015,11,4,Weekday,1000,2-Car,No injury,FOLLOWING TOO CLOSELY,E 2ND & SO WALNUT,39.16144,-86.5336
2015,11,4,Weekday,1200,2-Car,No injury,FAILURE TO YIELD RIGHT OF WAY,E WINSLOW & SO WALNUT STREET,39.136144,-86.528688
2015,10,3,Weekday,1900,2-Car,No injury,FAILURE TO YIELD RIGHT OF WAY,INDUSTRIAL & SR45W,39.143552,-86.580528
2015,10,5,Weekday,1600,2-Car,No injury,FOLLOWING TOO CLOSELY,BENT PINE & SR45E,39.21178818,-86.45251211
2015,11,4,Weekday,1300,2-Car,No injury,UNSAFE BACKING,E KIRKWOOD,39.16625595,-86.53031158
2015,11,4,Weekday,1500,Pedestrian,non-funcitonal,FAILURE TO YIELD RIGHT OF WAY,E 17TH & FEE,39.178928,-86.518992
2015,11,4,Weekday,1900,2-Car,No injury,DISREGARD SIGNAL/REG SIGN,2ND & COLLEGE,39.16138016,-86.53492994
2015,11,4,Weekday,1700,1-Car,No injury,ANIMAL/OBJECT IN ROADWAY,N OLD STATE ROAD 37 & S GORE,39.032544,-86.541696
2015,11,4,Weekday,1800,2-Car,No injury,UNSAFE BACKING,S OLD STATE ROAD 37,39.137088,-86.53056
2015,11,3,Weekday,1500,1-Car,No injury,RAN OFF ROAD RIGHT,FAIRFAX & SCHACHT,39.10704,-86.523488
2015,11,3,Weekday,1600,3+ Cars,No injury,FAILURE TO YIELD RIGHT OF WAY,N CURRY & WOODYARD,39.12679203,-86.58252976
2015,11,4,Weekday,500,1-Car,functional,RAN OFF ROAD RIGHT,N CURRY & W JONATHON,39.16835994,-86.58299702
2015,10,3,Weekday,2300,2-Car,No injury,OVERCORRECTING/OVERSTEERING,E KIRKWOOD,39.16680492,-86.52200505
2015,10,4,Weekday,900,2-Car,No injury,FAILURE TO YIELD RIGHT OF WAY,DILLMAN & SR37S,39.09023917,-86.54535097
2015,11,2,Weekday,1200,2-Car,No injury,UNSAFE BACKING,LIBERTY,39.189248,-86.531472
2015,11,3,Weekday,800,2-Car,non-funcitonal,FOLLOWING TOO CLOSELY,MATHEWS & MCNEELY,39.23821557,-86.62395146
2015,10,6,Weekday,1000,2-Car,No injury,FOLLOWING TOO CLOSELY,BELLE & HICKORY,39.16344,-86.58584
2015,11,3,Weekday,100,2-Car,No injury,OTHER (DRIVER) - EXPLAIN IN NARRATIVE,4TH & COLLEGE,39.16593866,-86.5348
2015,11,5,Weekday,1100,1-Car,No injury,RAN OFF ROAD RIGHT,2100 BLK MOORES & S HIGH,0,0
2015,11,5,Weekday,1000,2-Car,non-funcitonal,DISREGARD SIGNAL/REG SIGN,HARTSTRAIGHT & SR46W,39.21759033,-86.61190795
2015,11,5,Weekday,1200,2-Car,functional,FOLLOWING TOO CLOSELY,E 3RD & S BRYAN,39.16432,-86.50824
2015,11,4,Weekday,1400,2-Car,No injury,UNSAFE LANE MOVEMENT,N WALNUT & W STATE 45,0,0
2015,11,5,Weekday,1600,2-Car,non-funcitonal,FOLLOWING TOO CLOSELY,3RD & WOODCREST,39.164272,-86.502416
2015,11,5,Weekday,1900,2-Car,No injury,FOLLOWING TOO CLOSELY,PATTERSON & W 2ND,39.16074984,-86.54850997
2015,11,5,Weekday,1900,2-Car,No injury,UNSAFE BACKING,N FEE,39.17612549,-86.51898236
2015,11,5,Weekday,2000,Moped/Motorcycle,non-funcitonal,ANIMAL/OBJECT IN ROADWAY,KETCHAM & POPCORN,39.01174977,-86.56190608
2015,11,5,Weekday,1700,2-Car,No injury,FOLLOWING TOO CLOSELY,E HILLSIDE & S WALNUT,39.150544,-86.5336
2015,11,5,Weekday,1900,2-Car,No injury,FAILURE TO YIELD RIGHT OF WAY,EAST 17TH & JORDAN,39.17882994,-86.51244029
2015,11,5,Weekday,2200,1-Car,No injury,OTHER (DRIVER) - EXPLAIN IN NARRATIVE,1285 LIBERTY & CONSTITUTION,39.2644305,-86.574913
2015,11,4,Weekday,100,1-Car,No injury,ANIMAL/OBJECT IN ROADWAY,SR37N & WAYPORT,39.25794294,-86.52503846
2015,11,5,Weekday,1100,2-Car,No injury,FAILURE TO YIELD RIGHT OF WAY,ACCESS TO JOANN FABRICS & S LIBERTY,0,0
2015,11,6,Weekday,800,2-Car,No injury,DRIVER DISTRACTED - EXPLAIN IN NARRATIVE,10TH & SR4546N,39.176848,-86.478192
2015,11,5,Weekday,1100,2-Car,No injury,UNSAFE BACKING,SR 45 46 BYPASS,39.18641724,-86.534193
2015,11,5,Weekday,1700,2-Car,No injury,IMPROPER TURNING,EAST EASTGATE,39.1700618,-86.50115557
2015,11,6,Weekday,800,1-Car,No injury,RAN OFF ROAD RIGHT,SMITHVILLE & ZYKES,39.07113992,-86.52544332
2015,11,6,Weekday,1200,2-Car,No injury,FOLLOWING TOO CLOSELY,600 BLK COLLEGE & W 2ND,39.11908444,-86.53492982
2015,10,7,Weekend,2300,1-Car,No injury,RAN OFF ROAD RIGHT,WALNUT STREET & WINSLOW,39.136144,-86.528688
2015,11,5,Weekday,1700,2-Car,No injury,IMPROPER TURNING,S COLLEGE MALL,39.15427029,-86.49764657
2015,11,6,Weekday,1400,2-Car,No injury,FOLLOWING TOO CLOSELY,E DIXIE & S HENDERSON,39.15664,-86.527072
2015,11,6,Weekday,1800,2-Car,No injury,FOLLOWING TOO CLOSELY,10TH & CAMPBELL,39.17158999,-86.51393166
2015,11,6,Weekday,1500,3+ Cars,non-funcitonal,FOLLOWING TOO CLOSELY,17TH & SR46E,39.18077171,-86.50838423
2015,11,6,Weekday,300,1-Car,No injury,ANIMAL/OBJECT IN ROADWAY,W WALCOTT & W WOODYARD,39.201488,-86.601968
2015,11,6,Weekday,500,1-Car,No injury,ANIMAL/OBJECT IN ROADWAY,SR37N & W ARLINGTON,39.19359469,-86.554592
2015,11,6,Weekday,1200,2-Car,No injury,LEFT OF CENTER,NORTH MORTON,39.16874313,-86.53587341
2015,10,7,Weekend,2300,Bus,No injury,WRONG WAY ON ONE WAY,6TH & WASHINGTON,39.167664,-86.5324
2015,11,7,Weekend,1100,2-Car,No injury,UNSAFE BACKING,E 3RD,39.16424,-86.49425989
2015,11,6,Weekday,1700,2-Car,No injury,FAILURE TO YIELD RIGHT OF WAY,3RD & HIGHLAND,39.16427024,-86.51772022
2015,11,7,Weekend,1400,2-Car,No injury,FOLLOWING TOO CLOSELY,KINSER & SR45,39.186772,-86.54317373
2015,11,5,Weekday,1800,2-Car,No injury,UNSAFE BACKING,SOUTH VICTOR,39.1069603,-86.55136871
2015,11,5,Weekday,2100,1-Car,No injury,SPEED TOO FAST FOR WEATHER CONDITIONS,EAST 3RD & FAIRFAX,39.10883953,-86.51451028
2015,11,6,Weekday,1600,1-Car,No injury,RAN OFF ROAD RIGHT,OLD STATE ROAD 37 & SAMPLE,39.25884886,-86.50462726
2015,11,7,Weekend,1900,2-Car,No injury,UNSAFE BACKING,E 17TH & N FORREST,39.178976,-86.5224
2015,11,1,Weekend,1300,1-Car,functional,DRIVER DISTRACTED - EXPLAIN IN NARRATIVE,SR37S & VERNAL,39.22950892,-86.56252288
2015,11,1,Weekend,300,2-Car,functional,DISREGARD SIGNAL/REG SIGN,10TH & COLLEGE,39.171744,-86.534768
2015,11,7,Weekend,1000,3+ Cars,functional,FOLLOWING TOO CLOSELY,HENDERSON & THIRD,0,0
2015,11,6,Weekday,800,1-Car,No injury,OVERCORRECTING/OVERSTEERING,8999 W ELWREN & S STANFORD,39.10824,-86.666192
2015,11,1,Weekend,1100,2-Car,functional,DISREGARD SIGNAL/REG SIGN,3RD & WASHINGTON,39.16464,-86.5324
2015,11,1,Weekend,1100,2-Car,No injury,FAILURE TO YIELD RIGHT OF WAY,N COLLEGE,39.18157757,-86.53471023
2015,11,1,Weekend,1500,2-Car,No injury,IMPROPER TURNING,E 3RD & SWAIN,39.16425012,-86.51525996
2015,11,6,Weekend,2000,1-Car,No injury,IMPROPER TURNING,N LOWER BIRDIE GALYAN & SR46E,39.16574097,-86.41192626
2015,11,7,Weekend,1800,2-Car,No injury,FOLLOWING TOO CLOSELY,FOSTER FISCUS & SR46W,0,0
2015,11,1,Weekend,1500,2-Car,No injury,LEFT OF CENTER,KENT & SR46E,39.152448,-86.400288
2015,11,1,Weekend,1800,2-Car,No injury,UNSAFE BACKING,S CURRY & W 3RD,0,0
2015,11,1,Weekend,1400,2-Car,functional,FOLLOWING TOO CLOSELY,2ND & PATTERSON,0,0
2015,11,1,Weekend,1600,Moped/Motorcycle,non-funcitonal,UNSAFE SPEED,DUNN & OLD STATE ROAD 37 N,39.20802621,-86.52875469
2015,11,1,Weekday,2100,2-Car,No injury,FOLLOWING TOO CLOSELY,TENTH & UNION,0,0