Year,Month,Day,Weekend?,Hour,Collision Type,Injury Type,Primary Factor,Reported_Location,Latitude,Longitude
2015,12,7,Weekend,100,1-Car,No injury,SPEED TOO FAST FOR WEATHER CONDITIONS,3RD & GATES,39.16459009,-86.57619975
2015,12,6,Weekend,2300,1-Car,No injury,ANIMAL/OBJECT IN ROADWAY,SR46W & STINESVILLE,39.26716926,-86.66605959
2015,12,7,Weekend,100,Pedestrian,non-funcitonal,PEDESTRIAN ACTION,E 3RD & S WOODLAWN,39.164352,-86.522592
2015,12,6,Weekend,2000,1-Car,No injury,RAN OFF ROAD RIGHT,CLARIZZ & COVENANTER,39.15246986,-86.49050264
2015,12,7,Weekend,1200,2-Car,No injury,SPEED TOO FAST FOR WEATHER CONDITIONS,E ROGERS & THE STANDS,39.1364,-86.504896
2015,12,7,Weekend,1200,2-Car,No injury,FOLLOWING TOO CLOSELY,3RD & PETE ELLIS,39.16423826,-86.49526439
2015,12,6,Weekday,1300,2-Car,No injury,UNSAFE BACKING,N MADISON & W 17TH,39.17903982,-86.53775028
2015,12,7,Weekend,1800,1-Car,No injury,ANIMAL/OBJECT IN ROADWAY,SR37N & SR46W,39.19551723,-86.55460661
2015,12,7,Weekend,1600,2-Car,No injury,FOLLOWING TOO CLOSELY,EAST ATWATER & NORTH DUNN,39.164448,-86.528096
2015,12,6,Weekday,1800,1-Car,No injury,ANIMAL/OBJECT IN ROADWAY,GARRISON CHAPEL & SR48W,39.16377142,-86.64091963
2015,12,7,Weekend,1400,2-Car,No injury,FOLLOWING TOO CLOSELY,COLLEGE MALL & COVENANTER,39.155152,-86.497888
2015,12,7,Weekend,1600,2-Car,No injury,IMPROPER PASSING,3RD & COLLEGE MALL,39.16424,-86.4984
2015,12,7,Weekend,1500,2-Car,No injury,UNSAFE LANE MOVEMENT,NORTH COLLEGE & WEST 6TH,39.167648,-86.534784
2015,12,6,Weekday,1700,1-Car,No injury,UNSAFE SPEED,MONROE DAM & VALLEY MISSION,39.00721915,-86.51232665
2015,12,7,Weekend,2100,2-Car,No injury,DISREGARD SIGNAL/REG SIGN,3RD & COLLEGE,39.16464,-86.534816
2015,12,7,Weekend,300,2-Car,No injury,OTHER (DRIVER) - EXPLAIN IN NARRATIVE,S YOST,39.14554339,-86.58072088
2015,12,1,Weekend,200,1-Car,No injury,RAN OFF ROAD RIGHT,3RD & JORDAN,39.16426018,-86.5163999
2015,12,1,Weekend,1100,2-Car,No injury,FAILURE TO YIELD RIGHT OF WAY,E 5TH & S JEFFERSON,39.166848,-86.506992
2015,12,5,Weekday,800,2-Car,No injury,DISREGARD SIGNAL/REG SIGN,FAIRFAX & OLD STATE ROAD 37,39.10725988,-86.53149001
2015,12,1,Weekend,1300,2-Car,No injury,FAILURE TO YIELD RIGHT OF WAY,WALMART,0,0
2015,12,7,Weekend,1400,2-Car,No injury,UNSAFE LANE MOVEMENT,3RD,39.16464,-86.56905455
2015,12,7,Weekend,1700,1-Car,No injury,OVERCORRECTING/OVERSTEERING,HIGHLAND & HILLSIDE,39.15055007,-86.51695981
2015,12,1,Weekend,1500,2-Car,No injury,FAILURE TO YIELD RIGHT OF WAY,ALLEN & PATTERSON,39.15563017,-86.54330983
2015,12,7,Weekend,1900,2-Car,No injury,IMPROPER LANE USAGE,KINSER,39.20057297,-86.5491333
2015,12,1,Weekend,100,2-Car,No injury,FAILURE TO YIELD RIGHT OF WAY,BLOOMFIELD & LANDMARK,39.15993981,-86.55384603
2015,12,7,Weekend,200,1-Car,No injury,RAN OFF ROAD RIGHT,FAIRFAX & SOUTH WALNUT,0,0
2015,12,7,Weekend,100,1-Car,No injury,RAN OFF ROAD RIGHT,SR46E & TRAILWAY,39.16355934,-86.42589328
2015,12,2,Weekday,700,1-Car,No injury,RAN OFF ROAD RIGHT,ASSOCIATION & EDGEWOOD,39.235952,-86.629696
2015,12,5,Weekday,900,2-Car,No injury,FAILURE TO YIELD RIGHT OF WAY,FAIRWAY & ROGERS,39.1332411,-86.53836812
2015,12,6,Weekday,1400,2-Car,No injury,DISREGARD SIGNAL/REG SIGN,RHORER & WALNUT,39.12144,-86.526496
2015,12,2,Weekday,1100,2-Car,No injury,FOLLOWING TOO CLOSELY,3RD & SR37N,39.164752,-86.573104
2015,12,2,Weekday,1200,1-Car,No injury,RAN OFF ROAD RIGHT,NORTH KINSER & WEST CLUBHOUSE,39.20082003,-86.54285989
2015,12,2,Weekday,1200,2-Car,No injury,UNSAFE BACKING,E HOMESTEAD & MEADOWBROOK,39.154544,-86.4872
2015,12,2,Weekday,1200,2-Car,No injury,FAILURE TO YIELD RIGHT OF WAY,GRAHAM & HENDERSON,39.13943969,-86.52692019
2015,12,6,Weekday,1700,2-Car,No injury,FAILURE TO YIELD RIGHT OF WAY,SR45W & W ELLER,39.12419172,-86.61191905
2015,12,7,Weekend,1900,1-Car,functional,ANIMAL/OBJECT IN ROADWAY,KETCHEM & S OLD STATE ROAD 37,39.12548805,-86.54444977
2015,12,2,Weekday,1200,3+ Cars,non-funcitonal,UNSAFE SPEED,E 3RD & ST RD 45 46 BYPASS,0,0
2015,12,2,Weekday,700,2-Car,No injury,SPEED TOO FAST FOR WEATHER CONDITIONS,OLD SR37,0,0
2015,12,2,Weekday,1100,2-Car,No injury,OTHER (VEHICLE) - EXPLAIN IN NARRATIVE,FOX HOLLOW & SR37,39.20286006,-86.51890971
2015,12,2,Weekday,1900,2-Car,No injury,OTHER (DRIVER) - EXPLAIN IN NARRATIVE,E KIRKWOOD,39.16664,-86.53211265
2015,12,3,Weekday,600,1-Car,No injury,LEFT OF CENTER,E SMITH & S WASHINGTON,39.16283995,-86.53238989
2015,12,1,Weekend,900,1-Car,No injury,OVERCORRECTING/OVERSTEERING,PAYNETOWN & SR446S,39.25007815,-86.42302189
2015,12,2,Weekday,1900,2-Car,No injury,IMPROPER TURNING,NORTH GATES & WEST JONATHON,39.16876025,-86.57641969
2015,12,3,Weekday,1100,3+ Cars,No injury,OTHER (DRIVER) - EXPLAIN IN NARRATIVE,GOURLEY,39.18501779,-86.53806947
2015,12,3,Weekday,1100,2-Car,No injury,UNSAFE BACKING,NORTH FEE,39.17245835,-86.51898421
2015,12,3,Weekday,2200,2-Car,No injury,ACCELERATOR FAILURE OR DEFECTIVE,SR46W,39.2512,-86.652504
2015,12,3,Weekday,2100,1-Car,non-funcitonal,RAN OFF ROAD RIGHT,ROGERS & STANDS,39.13599975,-86.50407401
2015,12,4,Weekday,900,2-Car,No injury,DISREGARD SIGNAL/REG SIGN,FESS & HUNTER,39.16224986,-86.52590967
2015,12,4,Weekday,900,2-Car,No injury,UNSAFE LANE MOVEMENT,SR37S & VERNAL,39.17469734,-86.56501204
2015,12,4,Weekday,900,2-Car,No injury,VIEW OBSTRUCTED,CORY & THIRD,39.164544,-86.560096
2015,12,4,Weekday,1100,2-Car,functional,OTHER (DRIVER) - EXPLAIN IN NARRATIVE,GATES & JACOB,39.16562006,-86.57599993
2015,12,3,Weekday,1900,2-Car,No injury,FAILURE TO YIELD RIGHT OF WAY,N KINSER PIKE & STATE ROAD 45 46,39.186544,-86.537888
2015,12,2,Weekday,1900,2-Car,No injury,OTHER (DRIVER) - EXPLAIN IN NARRATIVE,SOUTH OLD STATE ROAD 37,39.120239,-86.52938
2015,12,4,Weekday,1500,1-Car,No injury,UNSAFE BACKING,N UNION,39.171472,-86.509376
2015,12,4,Weekday,1700,Bus,No injury,FOLLOWING TOO CLOSELY,FEE & MCNUTT,0,0
2015,12,4,Weekday,1700,2-Car,No injury,FOLLOWING TOO CLOSELY,SR45 & SR46,39.22119141,-86.60566711
2015,12,4,Weekday,1800,2-Car,No injury,FAILURE TO YIELD RIGHT OF WAY,RAMP 14 & W BLOOMFIELD,0,0
2015,12,2,Weekday,1700,2-Car,No injury,UNSAFE BACKING,SR45W,39.125312,-86.610496
2015,12,4,Weekday,1600,2-Car,No injury,IMPROPER PASSING,S VICTOR & SR37S,39.105552,-86.551104
2015,12,4,Weekday,1500,2-Car,functional,FAILURE TO YIELD RIGHT OF WAY,GRIMES & WALNUT,39.15344,-86.5336
2015,12,4,Weekday,1900,2-Car,No injury,WRONG WAY ON ONE WAY,BLOOMFIELD & LIBERTY,0,0
2015,12,5,Weekday,600,1-Car,No injury,ANIMAL/OBJECT IN ROADWAY,HEDRICK & STINESVILLE,39.28037081,-86.66297393
2015,12,5,Weekday,700,1-Car,No injury,RAN OFF ROAD RIGHT,E WINSLOW,39.136144,-86.52418483
2015,12,4,Weekday,800,1-Car,No injury,DISREGARD SIGNAL/REG SIGN,I69,0,0
2015,12,4,Weekday,1200,2-Car,No injury,SPEED TOO FAST FOR WEATHER CONDITIONS,N GATES & W RUNKLE,39.16635968,-86.57600998
2015,12,5,Weekday,1100,2-Car,No injury,FAILURE TO YIELD RIGHT OF WAY,ARCH HAVEN & S LANDMARK,39.14504993,-86.55405007
2015,12,5,Weekday,800,1-Car,No injury,DRIVER ASLEEP OR FATIGUED,LAKEVIEW,39.22591782,-86.60546875
2015,12,5,Weekday,1500,2-Car,No injury,UNSAFE BACKING,S OLD STATE ROAD 37,39.10851331,-86.53132114
2015,12,5,Weekday,1700,2-Car,No injury,FAILURE TO YIELD RIGHT OF WAY,ROGERS & SARE,0,0
2015,12,5,Weekday,1600,2-Car,No injury,ENGINE FAILURE OR DEFECTIVE,ALLEN & PATTERSON,39.15563017,-86.54330983
2015,12,5,Weekday,1800,2-Car,No injury,UNSAFE LANE MOVEMENT,E ATWATER & S MITCHELL,39.16308001,-86.5141797
2015,12,5,Weekday,2100,2-Car,No injury,UNSAFE LANE MOVEMENT,JORDAN & THIRD,39.16426018,-86.5163999
2015,12,5,Weekday,400,1-Car,No injury,RAN OFF ROAD RIGHT,CATHCART & SARE,39.14882004,-86.49905003
2015,12,6,Weekend,2300,1-Car,No injury,TIRE FAILURE OR DEFECTIVE,LAKEVIEW & SR46W,39.22148334,-86.60616326
2015,12,6,Weekday,800,2-Car,No injury,OTHER (DRIVER) - EXPLAIN IN NARRATIVE,E BUCKINGHAM & WESTMINSTER,39.134752,-86.521792
2015,12,6,Weekday,1100,3+ Cars,No injury,FOLLOWING TOO CLOSELY,3RD & COLLEGE MALL,39.16424,-86.4984
2015,12,6,Weekday,400,1-Car,No injury,RAN OFF ROAD RIGHT,SHEFFIELD,39.16975403,-86.4761734
2015,12,5,Weekday,800,2-Car,No injury,FOLLOWING TOO CLOSELY,BASSWOOD & SR45,39.15153122,-86.57220605
2015,12,5,Weekday,1800,2-Car,No injury,UNSAFE BACKING,S OLD STATE ROAD 37,39.137088,-86.53056
2015,12,6,Weekday,1200,2-Car,non-funcitonal,FAILURE TO YIELD RIGHT OF WAY,HARRELL & SCHACHT,39.10844526,-86.49855535
2015,12,6,Weekday,1500,2-Car,No injury,FAILURE TO YIELD RIGHT OF WAY,KMART & W 3RD,39.16461684,-86.57481413
2015,12,6,Weekday,1300,2-Car,No injury,IMPROPER LANE USAGE,3RD,39.16470933,-86.57183467
2015,12,6,Weekday,1800,Pedestrian,non-funcitonal,PEDESTRIAN ACTION,S PATTERSON & W 3RD,39.16344009,-86.55128002
2015,12,6,Weekday,1300,2-Car,No injury,FOLLOWING TOO CLOSELY,2750 S WALNUT & WINSLOW,39.10165998,-86.532684
2015,12,5,Weekday,1000,2-Car,No injury,UNSAFE LANE MOVEMENT,STATE ROAD 45,39.14186,-86.57995163
2015,12,6,Weekday,1000,2-Car,No injury,UNSAFE BACKING,SR45W,39.125312,-86.610496
2015,12,6,Weekday,1600,Pedestrian,functional,FAILURE TO YIELD RIGHT OF WAY,S LIBERTY,39.145264,-86.577616
2015,12,7,Weekend,100,1-Car,No injury,RAN OFF ROAD RIGHT,7769 S ZIKES & STATE ROAD 37,0,0
2015,12,6,Weekday,700,3+ Cars,No injury,DRIVER DISTRACTED - EXPLAIN IN NARRATIVE,KINSER & SR4546W,39.186544,-86.537888
2015,12,7,Weekend,1000,2-Car,No injury,UNSAFE BACKING,SOUTH WALNUT,39.14648987,-86.53246164
2015,12,7,Weekend,1100,2-Car,No injury,FAILURE TO YIELD RIGHT OF WAY,E 3RD & SO GRANT,39.16464,-86.529728
2015,12,7,Weekend,1200,3+ Cars,No injury,FOLLOWING TOO CLOSELY,3RD & KINGSTON,39.16424,-86.492944
2015,12,6,Weekday,1400,2-Car,No injury,FAILURE TO YIELD RIGHT OF WAY,WALNUT & WINSLOW,39.13597025,-86.5311098
2015,12,6,Weekday,1800,2-Car,non-funcitonal,FAILURE TO YIELD RIGHT OF WAY,SMITHVILLE & SR37S,39.16424,-86.480688
2015,12,4,Weekday,1400,2-Car,No injury,UNSAFE BACKING,3RD,39.16464,-86.56913891
2015,12,6,Weekday,1600,2-Car,No injury,FAILURE TO YIELD RIGHT OF WAY,CONSTITUTION & CURRY,39.15127024,-86.58265059
2015,12,6,Weekend,1900,2-Car,No injury,DRIVER DISTRACTED - EXPLAIN IN NARRATIVE,BURMA & SR37N,39.31763107,-86.51064363
2015,12,7,Weekend,1600,2-Car,No injury,FOLLOWING TOO CLOSELY,BURMA & SR37N,39.31831096,-86.51055935
2015,12,7,Weekend,2000,1-Car,non-funcitonal,RAN OFF ROAD RIGHT,BLOOMFIELD & SR37S,39.15473522,-86.5731008
2015,12,7,Weekend,1400,Pedestrian,non-funcitonal,FAILURE TO YIELD RIGHT OF WAY,N GATES & W JACOB,39.16562006,-86.57600425
2015,12,7,Weekend,2200,1-Car,No injury,RAN OFF ROAD RIGHT,SR 45 & SR37S,39.19928629,-86.57504272
2015,12,7,Weekend,1100,2-Car,No injury,FAILURE TO YIELD RIGHT OF WAY,SR37S & W SR 45,39.1464386,-86.57504272
2015,12,6,Weekday,1300,1-Car,No injury,IMPROPER TURNING,SR46W,39.245574,-86.635658
2015,12,1,Weekend,1100,2-Car,No injury,IMPROPER TURNING,N GATES,39.16781209,-86.57606229
2015,12,7,Weekend,1600,1-Car,No injury,ANIMAL/OBJECT IN ROADWAY,1712 S HIGH & ARDEN,39.16385694,-86.508674
2015,12,5,Weekday,1200,2-Car,No injury,FAILURE TO YIELD RIGHT OF WAY,ALEXANDER & GATES,39.16876025,-86.57641969
2015,12,6,Weekday,1100,2-Car,No injury,OVERSIZE/OVERWEIGHT LOAD,BURMA & SR37N,39.16432,-86.50824
2015,12,7,Weekend,1900,2-Car,No injury,FAILURE TO YIELD RIGHT OF WAY,N GATES & W 3RD,39.16458497,-86.57620081
2015,12,1,Weekend,1400,2-Car,No injury,FOLLOWING TOO CLOSELY,COLLEGE MALL & E 3RD,39.16424,-86.4984
2015,12,1,Weekday,2200,2-Car,No injury,IMPROPER TURNING,E 3RD,39.16423674,-86.49805388
2015,12,1,Weekend,1300,1-Car,No injury,OTHER (VEHICLE) - EXPLAIN IN NARRATIVE,S FAIRFAX & SCHACHT,39.10704,-86.523488
2015,12,6,Weekday,1300,2-Car,No injury,OTHER (DRIVER) - EXPLAIN IN NARRATIVE,W GORDON,39.121648,-86.539088
2015,12,2,Weekday,1000,2-Car,No injury,FOLLOWING TOO CLOSELY,SR46 & UNIONVILLE,0,0
2015,12,2,Weekday,900,2-Car,No injury,UNSAFE BACKING,1800 N RANGE RD & RANGE,39.184208,-86.492816
2015,12,2,Weekday,900,2-Car,non-funcitonal,FOLLOWING TOO CLOSELY,CURRY & PROFILE,0,0
2015,12,2,Weekday,1000,2-Car,No injury,OTHER (DRIVER) - EXPLAIN IN NARRATIVE,8TH & COLLEGE,39.169552,-86.534784
2015,12,2,Weekday,1100,2-Car,No injury,UNSAFE LANE MOVEMENT,14TH & WALNUT,39.175952,-86.53344
2015,12,2,Weekday,1500,2-Car,functional,FOLLOWING TOO CLOSELY,E 3RD & S SMITH,39.16424,-86.480688
2015,12,2,Weekday,1700,1-Car,No injury,OVERCORRECTING/OVERSTEERING,DUNN & SR37N,39.17863846,-86.52835845
2015,12,2,Weekday,1800,1-Car,No injury,ANIMAL/OBJECT IN ROADWAY,ARLINGTON & SR46W,39.20891792,-86.58132778
2015,12,2,Weekday,2200,2-Car,No injury,FOLLOWING TOO CLOSELY,SR46W & UNIONVALLEY,0,0
2015,12,2,Weekday,1600,2-Car,No injury,FOLLOWING TOO CLOSELY,FORREST PARK & SMITH,0,0
2015,12,2,Weekday,1700,2-Car,No injury,FOLLOWING TOO CLOSELY,SR4400W & UNIONVALLEY,0,0
2015,12,2,Weekday,2100,2-Car,functional,FOLLOWING TOO CLOSELY,E HILLSIDE & S OLIVE,39.15056013,-86.51882998
2015,12,3,Weekday,2000,2-Car,No injury,UNSAFE BACKING,COOLIDGE & S MADISON,39.13064182,-86.53767988
2015,12,2,Weekday,1800,2-Car,No injury,FOLLOWING TOO CLOSELY,EAST 3RD & SOUTH SMITH,39.16424,-86.480688
2015,12,3,Weekday,1400,2-Car,non-funcitonal,FAILURE TO YIELD RIGHT OF WAY,LONGVIEW & PETE ELLIS,39.166944,-86.495056
2015,12,3,Weekday,1500,2-Car,No injury,FAILURE TO YIELD RIGHT OF WAY,3RD & LIBERTY,39.12759965,-86.57913006
2015,12,3,Weekday,1600,2-Car,No injury,UNSAFE BACKING,3400 INDIAN CREEK & FARINTON,39.13438,-86.57640301
2015,12,2,Weekday,1800,2-Car,No injury,VIEW OBSTRUCTED,E 4TH & S WASHINGTON,39.16557983,-86.53235033
2015,12,3,Weekday,1500,2-Car,No injury,FOLLOWING TOO CLOSELY,S KEGG & W TAPP,0,0
2015,12,1,Weekend,1600,1-Car,No injury,RAN OFF ROAD RIGHT,E GROSS & S FRIENDSHIP,39.139344,-86.401088
2015,12,2,Weekday,1500,2-Car,No injury,FAILURE TO YIELD RIGHT OF WAY,N CURRY & W VERNAL,39.179248,-86.5832
2015,12,3,Weekday,1700,Moped/Motorcycle,No injury,IMPROPER PASSING,SOUTH GORE & SOUTH OLD SR 37,39.032544,-86.541696
2015,12,3,Weekday,1900,2-Car,No injury,FAILURE TO YIELD RIGHT OF WAY,SR45W,39.125312,-86.610496
2015,12,4,Weekday,100,1-Car,No injury,RAN OFF ROAD RIGHT,3RD & PETE ELLIS,39.16533862,-86.495088
2015,12,4,Weekday,700,2-Car,No injury,UNSAFE LANE MOVEMENT,SR37S,0,0
2015,12,4,Weekday,900,2-Car,functional,FAILURE TO YIELD RIGHT OF WAY,SR37N & SR45W,39.148144,-86.572992
2015,12,4,Weekday,1200,2-Car,No injury,FOLLOWING TOO CLOSELY,E 3RD & PETE ELLIS,39.16424,-86.495088
2015,12,4,Weekday,1600,2-Car,non-funcitonal,FOLLOWING TOO CLOSELY,DUNN & SR 45 46 BYPASS,39.186352,-86.528496
2015,12,4,Weekday,1600,3+ Cars,No injury,FOLLOWING TOO CLOSELY,SOUTH LIBERTY & WEST 3RD,39.05886576,-86.57913006
2015,12,4,Weekday,1900,1-Car,non-funcitonal,OBSTRUCTION NOT MARKED,S PATTERSON & W PROSPECT,0,0
2015,12,4,Weekday,500,2-Car,No injury,LEFT OF CENTER,HARTSTRAIT & SR46W,39.22766271,-86.61588976
2015,12,3,Weekday,100,1-Car,non-funcitonal,UNSAFE SPEED,W MAY,39.09349863,-86.59996102
2015,12,5,Weekday,100,2-Car,No injury,UNSAFE BACKING,E 10TH,39.17149326,-86.51131082
2015,12,4,Weekday,2100,2-Car,No injury,FAILURE TO YIELD RIGHT OF WAY,E WINSLOW & S WALNUT STREET,39.1359897,-86.52879975
2015,12,5,Weekday,600,2-Car,No injury,DISREGARD SIGNAL/REG SIGN,KIRKWOOD & S WALNUT,39.16658029,-86.53361029
2015,12,4,Weekday,1200,2-Car,No injury,UNSAFE SPEED,10TH & SR46E,39.171648,-86.502096
2015,12,4,Weekday,1200,2-Car,No injury,FOLLOWING TOO CLOSELY,GORDON & OLD 37,39.12141994,-86.53134986
2015,12,3,Weekday,1700,2-Car,No injury,UNSAFE BACKING,E 3RD,39.16423861,-86.49522852
2015,12,5,Weekday,2300,1-Car,No injury,RAN OFF ROAD RIGHT,N MAPLE GROVE & W ARLINGTON,39.19968,-86.55968
2015,12,5,Weekday,1100,2-Car,No injury,UNSAFE BACKING,OLD 37 S,39.12023926,-86.52938079
2015,12,4,Weekday,900,1-Car,No injury,RAN OFF ROAD RIGHT,ANDERSON & DORA,39.2701267,-86.48186315
2015,12,4,Weekday,1100,1-Car,No injury,RAN OFF ROAD RIGHT,HAYS & SR446S,39.04660773,-86.40828939
2015,12,5,Weekday,1200,2-Car,No injury,FOLLOWING TOO CLOSELY,NORTH & WALNUT,39.144752,-86.531888
2015,12,5,Weekday,1000,2-Car,No injury,FAILURE TO YIELD RIGHT OF WAY,GATES,39.16803807,-86.57621853
2015,12,7,Weekend,200,1-Car,No injury,ANIMAL/OBJECT IN ROADWAY,S BREEDEN & SR45W,39.08693531,-86.67113914
2015,12,7,Weekend,0,1-Car,No injury,ANIMAL/OBJECT IN ROADWAY,E BAYLESS & N SR 37 BUSINESS,0,0
2015,12,5,Weekday,1000,2-Car,No injury,OTHER (ENVIRONMENTAL) - EXPLAIN IN NARR,INGRAM & SR37S,38.99476252,-86.53728083
2015,12,4,Weekday,1700,2-Car,non-funcitonal,FAILURE TO YIELD RIGHT OF WAY,DILLMAN & S OLD SR 37,39.092944,-86.544
2015,12,5,Weekday,2200,2-Car,No injury,UNSAFE BACKING,W FESTIVE,39.130144,-86.577024
2015,12,7,Weekend,200,1-Car,No injury,ANIMAL/OBJECT IN ROADWAY,INGRAM & SR37,38.99366392,-86.5372677
2015,12,1,Weekend,0,1-Car,No injury,IMPROPER LANE USAGE,NORTH & WALNUT,39.14555447,-86.53212815
2015,12,1,Weekend,0,1-Car,No injury,SPEED TOO FAST FOR WEATHER CONDITIONS,BASSWOOD & BLOOMFIELD,39.20263248,-86.56889006
2015,12,1,Weekend,1100,2-Car,No injury,SPEED TOO FAST FOR WEATHER CONDITIONS,10 & SR46E,39.280386,-84.94479
2015,12,2,Weekday,900,2-Car,No injury,FAILURE TO YIELD RIGHT OF WAY,OLD STATE ROAD 37 & SR37S,39.28445816,-86.49533081
2015,12,1,Weekend,600,1-Car,No injury,ANIMAL/OBJECT IN ROADWAY,SR37 & ZIKES,39.04918134,-86.53588594
2015,12,1,Weekend,1600,1-Car,non-funcitonal,UNSAFE SPEED,I69S,0,0
2015,12,2,Weekday,700,1-Car,No injury,ROADWAY SURFACE CONDITION,FARR ROAD & FISH ROAD,39.306768,-86.476816
2015,12,2,Weekday,1400,2-Car,No injury,DISREGARD SIGNAL/REG SIGN,ASSOCIATION & SALE,39.233056,-86.6256
2015,12,2,Weekday,1700,3+ Cars,No injury,FOLLOWING TOO CLOSELY,E 3RD & WALNUT,39.16464,-86.5336
2015,12,2,Weekday,1700,2-Car,No injury,LEFT OF CENTER,RUNKLE & S WELMIR,0,0
2015,12,2,Weekday,700,2-Car,No injury,OTHER (DRIVER) - EXPLAIN IN NARRATIVE,FARRINGTON & MARKET,39.136144,-86.580704
2015,12,7,Weekend,1500,1-Car,non-funcitonal,RAN OFF ROAD RIGHT,E MARIE & S FAIRFAX,39.10568006,-86.5224798
2015,12,1,Weekend,1600,3+ Cars,No injury,UNSAFE SPEED,W SR 45,39.14186096,-86.5799179
2015,12,3,Weekday,600,1-Car,No injury,ANIMAL/OBJECT IN ROADWAY,MONROE DAM & SR37S,39.02059174,-86.53601714
2015,12,2,Weekday,1200,2-Car,No injury,SPEED TOO FAST FOR WEATHER CONDITIONS,BASSWOOD & MULLER,39.15858999,-86.56790971
2015,12,2,Weekday,700,1-Car,No injury,RAN OFF ROAD RIGHT,FAIRFAX & WALNUT STREET,39.10715819,-86.52650724
2015,12,2,Weekday,1500,Bus,No injury,UNSAFE LANE MOVEMENT,S COLLEGE & W KIRKWOOD,39.16664,-86.5348
2015,12,3,Weekday,1700,1-Car,No injury,OVERCORRECTING/OVERSTEERING,SR37S & W 3RD,39.16747214,-86.57272682
2015,12,3,Weekday,1800,2-Car,No injury,FOLLOWING TOO CLOSELY,BLOOMFIELD & STATE ROAD 37 RAMP 15,0,0
2015,12,3,Weekday,2100,2-Car,functional,FAILURE TO YIELD RIGHT OF WAY,3RD & LIBERTY,39.16461021,-86.57913006
2015,10,1,Weekend,1200,2-Car,No injury,UNSAFE LANE MOVEMENT,ATWATER & MITCHELL,39.16308001,-86.5141797
2015,12,4,Weekday,1200,3+ Cars,No injury,IMPROPER TURNING,NORTH CURRY PIKE & PROFILE PARKWAY,39.14023084,-86.5829797
2015,12,4,Weekday,1800,2-Car,No injury,FOLLOWING TOO CLOSELY,SOUTH FAIRFAX & SOUTH WALNUT STREET,0,0
2015,12,2,Weekday,2200,1-Car,non-funcitonal,RAN OFF ROAD RIGHT,ALLEN & BLOOMFIELD,39.156144,-86.561296
2015,12,4,Weekday,1800,1-Car,No injury,ANIMAL/OBJECT IN ROADWAY,I69,0,0
2015,12,2,Weekday,1300,2-Car,No injury,FAILURE TO YIELD RIGHT OF WAY,CURRY & FARMER,0,0
2015,12,3,Weekday,500,1-Car,No injury,RAN OFF ROAD RIGHT,MCNEELY,39.238513,-86.613235
2015,12,5,Weekday,1200,2-Car,No injury,FAILURE TO YIELD RIGHT OF WAY,LONGVIEW & PETE ELLIS,39.166944,-86.495056
2015,12,5,Weekday,1100,2-Car,No injury,FOLLOWING TOO CLOSELY,CONSTITUTION & LIBERTY,39.149552,-86.575936
2015,12,5,Weekday,1400,2-Car,No injury,FOLLOWING TOO CLOSELY,E 4TH & WALNUT,39.165648,-86.5336
2015,12,4,Weekday,1600,2-Car,No injury,FOLLOWING TOO CLOSELY,CONSTITUTION & LIBERTY,39.25690807,-86.5768703
2015,12,3,Weekday,1600,1-Car,No injury,OTHER (DRIVER) - EXPLAIN IN NARRATIVE,N DANIELS,39.16936111,-86.59674835
2015,12,5,Weekday,1500,2-Car,No injury,OTHER (VEHICLE) - EXPLAIN IN NARRATIVE,SUMMIT & W 13TH,39.175152,-86.548048
2015,12,4,Weekday,2100,2-Car,No injury,UNSAFE BACKING,RAUBS,39.22990074,-86.635728
2015,12,4,Weekday,900,1-Car,No injury,ANIMAL/OBJECT IN ROADWAY,BURMA & SR37,39.31359897,-86.51172699
2015,12,3,Weekday,1400,2-Car,No injury,ANIMAL/OBJECT IN ROADWAY,INGRAM & SR37S,39.09734018,-86.59564208
2014,4,5,Weekday,900,3+ Cars,functional,FAILURE TO YIELD RIGHT OF WAY,SR45W & WALMART,40.89924136,-85.51386595
2014,1,5,Weekday,1700,2-Car,No injury,UNSAFE BACKING,EAST 7TH ST,40.615528,-87.313484
2014,10,3,Weekday,1200,1-Car,No injury,OVERSIZE/OVERWEIGHT LOAD,S 3RD & W 4TH,40.48158309,-85.63315222
2014,9,6,Weekend,2000,2-Car,No injury,DRIVER DISTRACTED - EXPLAIN IN NARRATIVE,ADAMS & MONROE ST,40.1918609,-85.38064135
2014,10,6,Weekday,700,3+ Cars,non-funcitonal,FOLLOWING TOO CLOSELY,S WALNUT & SOUTH,40.03117049,-86.12608024
2014,3,6,Weekday,800,2-Car,No injury,FOLLOWING TOO CLOSELY,CROSSOVER ROAD & SR37N,39.56472121,-86.51947021
2014,10,2,Weekday,1300,Moped/Motorcycle,non-funcitonal,LEFT OF CENTER,OLD RICHARDSON & SR446S,39.5315596,-86.42645263
2014,9,2,Weekday,1600,1-Car,functional,RAN OFF ROAD RIGHT,HACKERS CREEK RD & MAIN FOREST,39.51752291,-86.47167988
2014,9,1,Weekend,300,1-Car,No injury,RAN OFF ROAD RIGHT,OLD DUTCH CHURCH RD & RED HILL ROAD RD,39.48158564,-86.63486972
2014,5,3,Weekday,500,1-Car,No injury,RAN OFF ROAD RIGHT,WOODCREST DR,39.43796158,-86.39395141