Year,Month,Day,Weekend?,Hour,Collision Type,Injury Type,Primary Factor,Reported_Location,Latitude,Longitude
2014,3,6,Weekend,2000,1-Car,No injury,ANIMAL/OBJECT IN ROADWAY,BOTTOM & SR37S,39.43547095,-86.55792236
2014,10,5,Weekday,0,1-Car,No injury,UNSAFE SPEED,GOURLEY PK & OLD STATE ROAD 37,39.39678004,-86.53521023
2014,7,7,Weekend,800,1-Car,No injury,RAN OFF ROAD RIGHT,E MAIN FORREST & N ROSENBAUM  RD,39.38752459,-86.42219656
2014,1,6,Weekend,2000,2-Car,No injury,UNSAFE LANE MOVEMENT,N CROSSOVER & SR37N,39.38283344,-86.51870072
2014,3,2,Weekday,600,1-Car,functional,ROADWAY SURFACE CONDITION,BOTTOM ROAD & SR37N,39.3824478,-86.55792236
2014,2,6,Weekday,1500,2-Car,No injury,LEFT OF CENTER,HWY 37 SOUTH & OLD ST RD 37 SOUTH RD,39.36887546,-86.48436457
2014,10,2,Weekday,1100,1-Car,No injury,ANIMAL/OBJECT IN ROADWAY,BUSKIRK & FRY,39.36269731,-86.55248179
2014,9,1,Weekend,400,1-Car,non-funcitonal,RAN OFF ROAD RIGHT,NORTH UNION VALLEY RD & WEST TANGLEWOOD,39.34305607,-86.59276977
2014,4,7,Weekend,100,1-Car,,OBSTRUCTION NOT MARKED,MOON RD & W SAND COLLEGE,39.34234251,-86.65127245
2014,3,7,Weekend,1000,1-Car,functional,ANIMAL/OBJECT IN ROADWAY,BURMA RD & SALEM,39.3392379,-86.54964776
2014,1,4,Weekday,1800,1-Car,No injury,ANIMAL/OBJECT IN ROADWAY,OLD ST RD 37S & SR37S,39.33749218,-86.49533081
2014,10,6,Weekend,2200,1-Car,No injury,SPEED TOO FAST FOR WEATHER CONDITIONS,BRYANTS CREEK & SR37N,39.33650147,-86.51086393
2014,3,1,Weekday,2200,1-Car,functional,RAN OFF ROAD RIGHT,BURMA RD & SPRADLING,39.33346643,-86.53310219
2014,1,7,Weekend,2300,1-Car,No injury,RAN OFF ROAD RIGHT,OLD STATE RD 37 RD & SAMPLE,39.33281908,-86.50128029
2014,12,6,Weekday,1500,1-Car,functional,DRIVER ILLNESS,BRYANTS CREEK & SR37N,39.33184541,-86.51438677
2014,1,1,Weekday,2200,1-Car,No injury,ANIMAL/OBJECT IN ROADWAY,BRYANTS CREEK & SR37N,39.32998958,-86.51525817
2014,4,1,Weekend,1400,2-Car,functional,UNSAFE LANE MOVEMENT,BURMA & SR37N,39.32828874,-86.51388174
2014,1,2,Weekday,1500,1-Car,No injury,SPEED TOO FAST FOR WEATHER CONDITIONS,BURMA & SR37N,39.31968099,-86.51067443
2014,4,7,Weekend,200,1-Car,No injury,RAN OFF ROAD RIGHT,NORTH MOUNT PLEASANT & WEST BURMA RD,39.317216,-86.57976
2014,2,3,Weekday,700,2-Car,No injury,SPEED TOO FAST FOR WEATHER CONDITIONS,SR37S,39.31700127,-86.5108666
2014,12,7,Weekend,300,1-Car,No injury,SPEED TOO FAST FOR WEATHER CONDITIONS,BURMA & SR37N,39.31614939,-86.51101878
2014,11,1,Weekday,1900,1-Car,No injury,ANIMAL/OBJECT IN ROADWAY,BURMA & SR37N,39.31561299,-86.51117113
2014,2,3,Weekday,800,1-Car,No injury,SPEED TOO FAST FOR WEATHER CONDITIONS,BURMA & SR37S,39.3148084,-86.51139966
2014,6,2,Weekday,500,1-Car,No injury,ANIMAL/OBJECT IN ROADWAY,SR37N & WEST BURMA,39.314272,-86.511552
2014,10,5,Weekday,700,1-Car,No injury,ANIMAL/OBJECT IN ROADWAY,SR37,39.31416208,-86.51167738
2014,7,7,Weekend,2100,1-Car,No injury,ANIMAL/OBJECT IN ROADWAY,BURMA & SR37N,39.31400279,-86.511622
2014,4,4,Weekday,600,Pedestrian,functional,PEDESTRIAN ACTION,WEST WOLF MOUNTAIN RD,39.31304932,-86.666893
2014,3,3,Weekday,1400,1-Car,No injury,RAN OFF ROAD RIGHT,N COUNTY LINE RD & N WOLF MOUNTAIN,39.310928,-86.685424
2014,8,3,Weekday,2100,1-Car,No injury,UNSAFE SPEED,BEAN BLOSSOM & MAIN FOREST RD,39.31077361,-86.42810277
2014,3,3,Weekday,800,2-Car,No injury,IMPROPER LANE USAGE,N CROSSOVER & SR37S,39.31006077,-86.51947021
2014,2,6,Weekday,1500,1-Car,No injury,RAN OFF ROAD RIGHT,N BUSKIRK & W FRY RD,39.30962931,-86.55243851
2014,2,4,Weekday,900,Bus,No injury,UNSAFE BACKING,8223 N BOTTOM RD & W PRATHER,39.308592,-86.602176
2014,10,1,Weekend,1300,2-Car,No injury,FOLLOWING TOO CLOSELY,SR37 & SR45W,39.30670166,-86.5161972
2014,3,1,Weekend,500,2-Car,functional,SPEED TOO FAST FOR WEATHER CONDITIONS,E CHAMBERS & SR37N,39.30565079,-86.51636386
2014,4,3,Weekday,1500,2-Car,No injury,FAILURE TO YIELD RIGHT OF WAY,CHAMBERS & SR37N,39.30432,-86.5168
2014,10,4,Weekday,1300,2-Car,No injury,OVERCORRECTING/OVERSTEERING,DILLMAN & VICTOR,39.30412235,-86.55929983
2014,11,3,Weekday,1900,1-Car,No injury,RAN OFF ROAD RIGHT,CHAMBERS & SR37N,39.30406189,-86.51651001
2014,1,1,Weekend,1600,1-Car,No injury,SPEED TOO FAST FOR WEATHER CONDITIONS,CHAMBERS PIKE & SR37,39.30404015,-86.51626295
2014,12,5,Weekday,1700,3+ Cars,non-funcitonal,DRIVER DISTRACTED - EXPLAIN IN NARRATIVE,SR37S & W VERNAL,39.30355273,-86.56252289
2014,9,2,Weekday,200,1-Car,No injury,RAN OFF ROAD RIGHT,CHAMBERS & SR37N,39.30218905,-86.51748921
2014,6,5,Weekday,0,1-Car,No injury,ANIMAL/OBJECT IN ROADWAY,BURMA & SR37S,39.30152476,-86.51770406
2014,7,2,Weekday,1100,2-Car,No injury,TIRE FAILURE OR DEFECTIVE,CROSSOVER & SR37N,39.29944992,-86.51947021
2014,1,5,Weekday,800,1-Car,No injury,SPEED TOO FAST FOR WEATHER CONDITIONS,CHAMBERS & SR37N,39.29897788,-86.51843531
2014,10,7,Weekend,1400,1-Car,No injury,ANIMAL/OBJECT IN ROADWAY,8600 STINSVILLE RD & MAIN,39.298944,-86.6532
2014,4,4,Weekday,1700,2-Car,non-funcitonal,FAILURE TO YIELD RIGHT OF WAY,N OLD DUTCH CHURCH & N RED HILL RD,39.2986878,-86.63486972
2014,7,2,Weekday,800,2-Car,functional,FOLLOWING TOO CLOSELY,SMITH PIKE PIKE & WOODYARD ROAD,39.29645443,-86.58308029
2014,1,5,Weekday,1600,1-Car,No injury,RAN OFF ROAD RIGHT,N RED HILL & W WALKER LN,39.295952,-86.639808
2014,3,2,Weekday,1300,1-Car,No injury,RAN OFF ROAD RIGHT,MOUNT TABOR RD,39.29093552,-86.62451171
2014,6,4,Weekday,600,2-Car,No injury,FOLLOWING TOO CLOSELY,NORTH FOX HOLLOW & SR37N,39.29042148,-86.51795556
2014,1,6,Weekday,900,2-Car,No injury,IMPROPER LANE USAGE,NORTH BOTTOM & NORTH WOODALL RD,39.290288,-86.576992
2014,10,4,Weekday,700,1-Car,No injury,FAILURE TO YIELD RIGHT OF WAY,BOTTOM RDS & DITTEMORE,39.28949104,-86.56278428
2014,10,7,Weekend,1800,1-Car,No injury,RAN OFF ROAD RIGHT,N FISH,39.288544,-86.480816
2014,12,5,Weekday,1700,1-Car,No injury,DRIVER DISTRACTED - EXPLAIN IN NARRATIVE,STATE ROAD 37 N,39.28844,-86.518728
2014,5,7,Weekend,1500,1-Car,functional,RAN OFF ROAD RIGHT,BOTTOM RD & WOODALL,39.28492649,-86.57690668
2014,10,4,Weekday,700,1-Car,No injury,RAN OFF ROAD RIGHT,HEDRICK & STINESVILLE,39.28449039,-86.66302773
2014,5,3,Weekday,800,2-Car,No injury,FOLLOWING TOO CLOSELY,OLD STATE 37 & SR37S,39.28445816,-86.49533081
2014,1,1,Weekend,900,1-Car,No injury,RAN OFF ROAD RIGHT,MOUNT TABOR RD & WOODLAND,39.28344,-86.624192
2014,4,7,Weekend,1600,1-Car,functional,UNSAFE SPEED,MT TABOR RD & WOODLAND,39.28344,-86.624192
2014,7,3,Weekday,900,1-Car,No injury,RAN OFF ROAD RIGHT,WOODALL RD & WOODLAND,39.28339463,-86.58291793
2014,7,4,Weekday,600,1-Car,No injury,RAN OFF ROAD RIGHT,E ANDERSON RD & N LOW GAP RD RD,39.282576,-86.411808
2014,11,2,Weekday,500,1-Car,No injury,ANIMAL/OBJECT IN ROADWAY,SR36N & W VERNAL,39.28239736,-86.56252289
2014,8,5,Weekday,600,2-Car,No injury,FOLLOWING TOO CLOSELY,COUNTY LINE & SR46W,39.281744,-86.6848
2014,12,5,Weekday,0,1-Car,No injury,RAN OFF ROAD RIGHT,HEDRICK,39.2814064,-86.67684174
2014,1,5,Weekday,1900,1-Car,No injury,OVERCORRECTING/OVERSTEERING,N MT GILEAD & SR45E,39.28106985,-86.46720886
2014,2,1,Weekend,1200,2-Car,non-funcitonal,FAILURE TO YIELD RIGHT OF WAY,SR37N & WINERY,39.28076172,-86.52158355
2014,7,2,Weekday,2000,1-Car,functional,RAN OFF ROAD RIGHT,WOODALL & WOODLAND RD,39.28068012,-86.58320686
2014,9,7,Weekend,1400,2-Car,No injury,UNSAFE SPEED,SR37N & WINERY RD,39.28039983,-86.52268029
2014,10,6,Weekday,1400,3+ Cars,functional,LEFT OF CENTER,MERRITT & SR446S,39.27911703,-86.42514778
2014,2,5,Weekday,1500,2-Car,No injury,TIRE FAILURE OR DEFECTIVE,HEDRICK & SR46W,39.27761903,-86.67732778
2014,11,1,Weekend,1100,1-Car,No injury,ANIMAL/OBJECT IN ROADWAY,BOTTOM & SR37,39.27640152,-86.55792236
2014,7,6,Weekday,1300,1-Car,No injury,ANIMAL/OBJECT IN ROADWAY,BOTTOM & SR37N,39.27640152,-86.55792236
2014,8,2,Weekday,500,1-Car,functional,RAN OFF ROAD RIGHT,BOTTOM RD,39.27640152,-86.55792236
2014,6,6,Weekend,2100,2-Car,functional,FAILURE TO YIELD RIGHT OF WAY,SR37N & THAMES,39.27473068,-86.51846313
2014,7,6,Weekday,500,1-Car,No injury,RAN OFF ROAD RIGHT,N BARR & N MT TABOR,39.273888,-86.621456
2014,7,4,Weekday,2200,1-Car,No injury,RAN OFF ROAD RIGHT,WOODALL RD & WOODLAND,39.27368641,-86.58162091
2014,1,7,Weekend,2100,1-Car,No injury,RAN OFF ROAD RIGHT,SR46 & STINESVILLE RD,39.2719099,-86.66333225
2014,4,1,Weekend,1200,2-Car,No injury,UNSAFE BACKING,37 HWY,39.27168,-86.522992
2014,5,7,Weekend,2300,1-Car,No injury,ANIMAL/OBJECT IN ROADWAY,SR46E & STINESVILLE ROAD,39.27157583,-86.6708465
2014,11,3,Weekday,1200,1-Car,No injury,RAN OFF ROAD RIGHT,NORTHSHORE,39.27069855,-86.40746307
2014,3,7,Weekend,1100,2-Car,No injury,IMPROPER TURNING,S LIBERTY DR & W 3RD,39.27035465,-86.57913006
2014,11,2,Weekday,2000,2-Car,No injury,INSECURE/LEAKY LOAD,N PURCELL & SR37N,39.26973827,-86.52761719
2014,8,2,Weekday,1700,2-Car,No injury,FAILURE TO YIELD RIGHT OF WAY,SR37N,39.26891991,-86.52287428
2014,9,1,Weekend,1400,1-Car,No injury,ACCELERATOR FAILURE OR DEFECTIVE,SR37N,39.26891991,-86.52287428
2014,9,5,Weekday,1500,2-Car,No injury,FOLLOWING TOO CLOSELY,SAMPLE & SR37N,39.26890488,-86.52287361
2014,3,1,Weekend,300,1-Car,No injury,RAN OFF ROAD RIGHT,E SAMPLE & SR37N,39.2686304,-86.52286144
2014,3,2,Weekday,1700,2-Car,No injury,OTHER (DRIVER) - EXPLAIN IN NARRATIVE,E ANDERSON RD,39.2676891,-86.48645667
2014,1,7,Weekend,2300,1-Car,functional,ANIMAL/OBJECT IN ROADWAY,SAMPLE & SR37S,39.26766969,-86.52281888
2014,9,1,Weekend,1500,Moped/Motorcycle,functional,RAN OFF ROAD RIGHT,COYLE & SHILO RD,39.26735305,-86.44578108
2014,12,4,Weekday,1000,2-Car,No injury,FOLLOWING TOO CLOSELY,SR46W & STINESVILLE,39.26681667,-86.66570028
2014,11,7,Weekend,0,1-Car,No injury,ANIMAL/OBJECT IN ROADWAY,SAMPLE & SR37N,39.26670898,-86.52277632
2014,8,1,Weekend,1100,1-Car,functional,DRIVER DISTRACTED - EXPLAIN IN NARRATIVE,COWDEN RD & MT TABOR,39.2667052,-86.6212264
2014,10,7,Weekend,400,1-Car,No injury,RAN OFF ROAD RIGHT,SR46W & STINESVILLE,39.26631271,-86.66517575
2014,7,4,Weekday,1100,1-Car,functional,RAN OFF ROAD RIGHT,E ANDERSON RD & N OLD STATE ROAD 37,39.266,-86.501696
2014,8,6,Weekday,800,1-Car,No injury,RAN OFF ROAD RIGHT,E ANDERSON RD & N OLD STATE ROAD 37,39.266,-86.501696
2014,10,5,Weekday,1100,1-Car,No injury,RAN OFF ROAD RIGHT,E ANDERSON RD & N OLD STATE 37,39.266,-86.501696
2014,1,4,Weekday,1900,1-Car,No injury,ANIMAL/OBJECT IN ROADWAY,ANDERSON RD & DORA,39.26592158,-86.49001527
2014,9,2,Weekday,1200,2-Car,No injury,FAILURE TO YIELD RIGHT OF WAY,N WAYPORT & SR37S,39.26576946,-86.52273805
2014,4,1,Weekend,500,2-Car,No injury,UNSAFE LANE MOVEMENT,45 46 BYPASS & NORTH WALNUT ST,39.26568238,-86.53453968
2014,8,1,Weekend,1600,1-Car,functional,RAN OFF ROAD RIGHT,NORTH MAPLE GROVE RD & WEST DELAP,39.265456,-86.569392
2014,3,1,Weekend,1600,1-Car,No injury,UNSAFE BACKING,DELAP RD,39.26374817,-86.57717895
2014,1,4,Weekday,1300,2-Car,functional,FAILURE TO YIELD RIGHT OF WAY,SR37 & WAYPORT,39.26307137,-86.52255833
2014,1,6,Weekday,1400,2-Car,No injury,UNSAFE SPEED,N WAYPORT & SR37N,39.263024,-86.52264
2014,8,2,Weekday,2100,2-Car,No injury,FAILURE TO YIELD RIGHT OF WAY,SR37N & WAYPORT,39.263024,-86.52264
2014,9,1,Weekend,0,2-Car,No injury,FAILURE TO YIELD RIGHT OF WAY,SR37N & WAYPORT,39.263024,-86.52264
2014,9,3,Weekday,500,Moped/Motorcycle,No injury,UNSAFE LANE MOVEMENT,SR37N & WAYPORT,39.263024,-86.52264
2014,11,6,Weekday,1800,2-Car,non-funcitonal,FAILURE TO YIELD RIGHT OF WAY,SR37N & WAYPORT,39.263024,-86.52264
2014,11,2,Weekday,1200,2-Car,No injury,TIRE FAILURE OR DEFECTIVE,SR37 & SR37N,39.26193629,-86.52270895
2014,12,4,Weekday,1600,2-Car,No injury,DRIVER DISTRACTED - EXPLAIN IN NARRATIVE,SR37 & WEST FULLERTON,39.26164302,-86.57353973
2014,12,5,Weekday,700,1-Car,No injury,RAN OFF ROAD RIGHT,MOUNT TABOR,39.26144131,-86.62067145
2014,5,6,Weekday,1800,1-Car,functional,UNSAFE LANE MOVEMENT,N WAYPORT & SR37N,39.26135336,-86.52291349
2014,1,4,Weekday,1600,2-Car,No injury,ROADWAY SURFACE CONDITION,DELAP & WOODALL RD,39.261296,-86.583248
2014,4,3,Weekday,300,1-Car,non-funcitonal,RAN OFF ROAD RIGHT,N MT GILEAD RD & UPPER BIRDIE GALYAN,39.26059067,-86.42372019
2014,7,4,Weekday,2200,1-Car,No injury,RAN OFF ROAD RIGHT,SR37N & WAYPORT,39.26041222,-86.52349167
2014,8,6,Weekend,1900,1-Car,functional,SPEED TOO FAST FOR WEATHER CONDITIONS,SR37N & WAYPORT,39.2597949,-86.52387837
2014,11,2,Weekday,800,Bus,functional,LEFT OF CENTER,CHAFIN CHAPEL & SR46W,39.25962636,-86.65763204
2014,9,5,Weekday,1800,2-Car,No injury,FOLLOWING TOO CLOSELY,CHAFIN CHAPEL & SR46W,39.25962636,-86.65754537
2014,1,5,Weekday,100,1-Car,No injury,RAN OFF ROAD RIGHT,CHAFIN CHAPEL & SR46W,39.25960159,-86.64379365
2014,10,4,Weekday,800,1-Car,No injury,RAN OFF ROAD RIGHT,OLD ST RD 37 & S ROGERS,39.25766202,-86.53789982
2014,10,4,Weekday,1500,1-Car,functional,RAN OFF ROAD RIGHT,MILLER,39.255568,-86.469632
2014,1,7,Weekend,2000,1-Car,No injury,ANIMAL/OBJECT IN ROADWAY,EAST SPARKS & SR37N,39.25531635,-86.51507479
2014,5,2,Weekday,1500,2-Car,non-funcitonal,LEFT OF CENTER,SR46W & W FLATWOODS,39.25516621,-86.65524513
2014,2,7,Weekend,0,2-Car,,LEFT OF CENTER,FLATWOODS & SR46W,39.25501235,-86.65516921
2014,8,4,Weekday,700,2-Car,non-funcitonal,FAILURE TO YIELD RIGHT OF WAY,COWDEN & DELAP RD,39.254128,-86.592464
2014,11,7,Weekend,100,1-Car,No injury,ANIMAL/OBJECT IN ROADWAY,FLATWOODS & STARNES,39.25248,-86.659104
2014,6,1,Weekend,700,1-Car,No injury,ANIMAL/OBJECT IN ROADWAY,FLATWOODS & SR46E,39.252448,-86.653904
2014,6,5,Weekday,900,2-Car,No injury,FOLLOWING TOO CLOSELY,FLATWOODS & SR46W,39.252448,-86.653904
2014,1,7,Weekend,1200,2-Car,,LEFT OF CENTER,FLATWOODS & SR46W,39.25224102,-86.6536718
2014,9,1,Weekend,0,1-Car,No injury,RAN OFF ROAD RIGHT,EAST WYLIE RD & SR37N,39.251648,-86.529056
2014,9,1,Weekend,0,1-Car,non-funcitonal,RAN OFF ROAD RIGHT,EAST WYLIE RD & SR37N,39.251648,-86.529056
2014,10,5,Weekday,1700,2-Car,functional,OTHER (DRIVER) - EXPLAIN IN NARRATIVE,E SOUTHSHORE & N SHUFFLE CREEK,39.25137709,-86.40089632
2014,1,7,Weekend,1800,1-Car,No injury,RAN OFF ROAD RIGHT,NORTH RICHARDSON & SOUTH SHORE DR,39.25128,-86.388368
2014,1,1,Weekday,2000,2-Car,No injury,UNSAFE BACKING,SR46W RD,39.2512,-86.652504
2014,3,3,Weekday,1800,2-Car,No injury,UNSAFE BACKING,W STATE ROAD 46 HWY,39.2512,-86.652504
2014,3,2,Weekday,1200,2-Car,No injury,UNSAFE BACKING,SR  46 HWY,39.2512,-86.652504
2014,4,3,Weekday,0,2-Car,No injury,UNSAFE BACKING,SR46W,39.2512,-86.652504
2014,7,3,Weekday,1700,2-Car,No injury,FAILURE TO YIELD RIGHT OF WAY,W STATE ROAD 46 HWY,39.2512,-86.652504
2014,7,3,Weekday,1600,2-Car,No injury,UNSAFE BACKING,W STATE ROAD 46 RD,39.2512,-86.652504
2014,8,4,Weekday,1000,2-Car,No injury,UNSAFE BACKING,WEST STATE ROAD 46 RD,39.2512,-86.652504
2014,10,7,Weekend,2000,Cyclist,functional,HEADLIGHT DEFECTIVE OR NOT ON,SR46W,39.2512,-86.652504
2014,10,5,Weekday,2300,1-Car,No injury,RAN OFF ROAD RIGHT,SR46W,39.2512,-86.652504
2014,11,6,Weekday,1600,2-Car,No injury,UNSAFE BACKING,SR46W,39.2512,-86.652504
2014,6,1,Weekend,1100,1-Car,No injury,RAN OFF ROAD RIGHT,E SOUTHSHORE DR & N RICHARDSON,39.25114131,-86.38886766
2014,11,1,Weekend,0,1-Car,No injury,OTHER (DRIVER) - EXPLAIN IN NARRATIVE,SR37N & WALNUT,39.250688,-86.529744
2014,11,6,Weekday,1500,2-Car,No injury,FOLLOWING TOO CLOSELY,NORTH WALNUT,39.250688,-86.529744
2014,1,5,Weekday,2000,1-Car,No injury,RAN OFF ROAD RIGHT,FLATWOODS RD & SR46W,39.25037815,-86.65158204
2014,9,5,Weekday,2000,2-Car,functional,FOLLOWING TOO CLOSELY,MATTHEWS & N MOUNT TABOR RD,39.250048,-86.621664
2014,12,1,Weekend,1000,1-Car,No injury,ANIMAL/OBJECT IN ROADWAY,E ROBINSON & HUDOFF,39.249248,-86.463888
2014,10,6,Weekend,2100,2-Car,functional,LEFT OF CENTER,SHUFFLE CREEK & SR45E,39.24893188,-86.40267296
2014,2,3,Weekday,1800,1-Car,functional,RAN OFF ROAD RIGHT,N UNION VALLEY RD & W MCNEELEY,39.24809403,-86.59277983
2014,5,5,Weekday,700,2-Car,No injury,FOLLOWING TOO CLOSELY,N MAPLE GROVE & W MAPLE GROVE RD,39.24744,-86.547792
2014,5,5,Weekday,2000,1-Car,No injury,RAN OFF ROAD RIGHT,BOTTOM & W MAPLE GROVE RD,39.24744,-86.547792
2014,12,1,Weekday,1900,1-Car,No injury,DRIVER DISTRACTED - EXPLAIN IN NARRATIVE,N BOTTOM & W MAPLE GROVE,39.24744,-86.547792
2014,10,5,Weekday,1700,1-Car,No injury,RAN OFF ROAD RIGHT,N MAPLE GROVE & W MAPLE GROVE,39.24744,-86.547792
2014,11,1,Weekend,1500,2-Car,No injury,FAILURE TO YIELD RIGHT OF WAY,N BOTTOM & W MAPLE GROVE,39.24744,-86.547792
2014,2,3,Weekday,900,1-Car,functional,UNSAFE SPEED,E ROBINSON & N OLD SR37 RD,39.24629637,-86.49941683
2014,1,3,Weekday,500,1-Car,No injury,RAN OFF ROAD RIGHT,SHILO RD & TUNNEL,39.246208,-86.431904
2014,1,3,Weekday,1000,1-Car,No injury,RAN OFF ROAD RIGHT,N RED HILL RD & W STATE 46,39.245744,-86.636896
2014,4,2,Weekday,1700,2-Car,No injury,FAILURE TO YIELD RIGHT OF WAY,REDHILL & SR46W,39.24573911,-86.6367148
2014,4,3,Weekday,1400,2-Car,No injury,IMPROPER TURNING,RED HILL & SR46W,39.24570968,-86.63679967
2014,1,5,Weekday,2000,1-Car,No injury,OVERCORRECTING/OVERSTEERING,N MATTHEWS DR & W MAPLE GROVE,39.245408,-86.6204
2014,5,7,Weekend,1400,2-Car,No injury,UNSAFE BACKING,MAPLE GROVE RD,39.244848,-86.60839618
2014,1,4,Weekday,1600,1-Car,No injury,RAN OFF ROAD RIGHT,N UNION VALLEY RD & W MAPLE GROVE,39.244752,-86.5928
2014,8,1,Weekend,600,1-Car,No injury,RAN OFF ROAD RIGHT,UNION VALLEY RD & W MAPLE GROVE RD,39.244752,-86.5928
2014,9,2,Weekday,1600,2-Car,No injury,RAN OFF ROAD RIGHT,MATTEWS & SR46W,39.2437706,-86.6211142
2014,9,2,Weekday,1200,Moped/Motorcycle,functional,RAN OFF ROAD RIGHT,N PATHWAYS & SR45E,39.24370956,-86.38459777
2014,9,7,Weekend,700,Moped/Motorcycle,functional,RAN OFF ROAD RIGHT,N PATHWAYS & SR45E,39.24370956,-86.38454594
2014,10,4,Weekday,2000,2-Car,non-funcitonal,LEFT OF CENTER,OLD 37 & ROBINSON RD,39.24355713,-86.49343967
2014,10,6,Weekend,2300,1-Car,non-funcitonal,RAN OFF ROAD RIGHT,MAPLE GROVE & UNION VALLEY,39.24310411,-86.59278706
2014,3,3,Weekday,1400,2-Car,No injury,IMPROPER TURNING,N MATHEWS DR,39.242544,-86.622304
2014,8,7,Weekend,1500,1-Car,No injury,RAN OFF ROAD RIGHT,COUNTY LINE & WEST REEVES RD,39.24172799,-86.68436718
2014,11,3,Weekday,1000,2-Car,No injury,RAN OFF ROAD RIGHT,N TUNNEL,39.24108891,-86.43607295
2014,2,2,Weekday,1500,2-Car,No injury,OTHER (DRIVER) - EXPLAIN IN NARRATIVE,1 & TEMPERANCE ST,39.24106979,-86.63207244
2014,2,5,Weekday,700,1-Car,No injury,ANIMAL/OBJECT IN ROADWAY,SR37N & WYLIE,39.24082118,-86.5226593
2014,10,5,Weekday,1300,2-Car,No injury,OTHER (DRIVER) - EXPLAIN IN NARRATIVE,NEHRT & ROBINSON,39.24065016,-86.4434028
2014,6,7,Weekend,1200,2-Car,No injury,BRAKE FAILURE OR DEFECTIVE,NEHRT & ROBINSON RD,39.24065016,-86.44322991
2014,8,2,Weekday,1100,1-Car,non-funcitonal,SPEED TOO FAST FOR WEATHER CONDITIONS,E ROBINSON RD & NEHRT,39.24065016,-86.44321262
2014,12,3,Weekday,800,1-Car,No injury,ANIMAL/OBJECT IN ROADWAY,E ROBINSON & N OLD STATE RD 37,39.24028002,-86.49909698
2014,7,7,Weekend,1100,1-Car,functional,RAN OFF ROAD RIGHT,N RICHARDSON & SR45E,39.23984,-86.387696
2014,2,4,Weekday,800,1-Car,No injury,RAN OFF ROAD RIGHT,EAST DOLEN & OLD IN 37 HWY,39.23947404,-86.49948975
2014,8,3,Weekday,2100,2-Car,No injury,FOLLOWING TOO CLOSELY,MAIN ST & TEMPERANCE,39.238848,-86.630096
2014,9,3,Weekday,1200,2-Car,No injury,LEFT OF CENTER,MCNEELY & RIDGEWAY DR,39.23765011,-86.60691976
2014,10,2,Weekday,1700,2-Car,No injury,FAILURE TO YIELD RIGHT OF WAY,POPLAR & SR46W,39.23763013,-86.62949361
2014,1,7,Weekend,2000,1-Car,No injury,SPEED TOO FAST FOR WEATHER CONDITIONS,N UNION VALLEY & W MCNEELY ST,39.23749936,-86.59283608
2014,12,7,Weekend,1700,2-Car,No injury,FOLLOWING TOO CLOSELY,POPLAR & SR46W,39.23736097,-86.62936048
2014,1,7,Weekend,400,1-Car,No injury,RAN OFF ROAD RIGHT,LENTZ RD & NEHRT,39.23712,-86.463408
2014,4,2,Weekday,1800,2-Car,No injury,UNSAFE BACKING,W REEVES RD,39.23645501,-86.67777494
2014,9,2,Weekday,1500,2-Car,No injury,OTHER (DRIVER) - EXPLAIN IN NARRATIVE,EDGEWOOD DR,39.2364,-86.631248
2014,10,1,Weekend,1400,Moped/Motorcycle,No injury,RAN OFF ROAD RIGHT,EDGEWOOD  PARKING LOT DR,39.2364,-86.631248
2014,1,6,Weekday,1400,2-Car,No injury,ROADWAY SURFACE CONDITION,EDGEWOOD & EDGEWOOD DR,39.236288,-86.628336
2014,3,5,Weekday,700,1-Car,No injury,RAN OFF ROAD RIGHT,DELAP & MATHEWS DR,39.23613303,-86.6206701
2014,2,6,Weekend,2300,2-Car,functional,DISREGARD SIGNAL/REG SIGN,MAIN ST & MATTHEWS,39.236096,-86.625168
2014,2,5,Weekday,1400,1-Car,functional,RAN OFF ROAD RIGHT,ROBINSON & TUNNEL RD,39.235147,-86.436288
2014,5,3,Weekday,1500,2-Car,functional,FOLLOWING TOO CLOSELY,CHANDLER & SR46W,39.23506165,-86.61779785
2014,6,1,Weekday,2200,1-Car,No injury,UNSAFE BACKING,MATTHEWS & SR46W,39.23496393,-86.62663149
2014,12,4,Weekday,0,2-Car,No injury,UNSAFE LANE MOVEMENT,MATTHEWS & SR46E,39.23496393,-86.62663149
2014,1,6,Weekday,700,2-Car,No injury,UNSAFE BACKING,ASSOCIATION ST & SALE,39.23489967,-86.62821765
2014,1,3,Weekday,1300,3+ Cars,No injury,ROADWAY SURFACE CONDITION,MATTHEWS & SR46W,39.234768,-86.626384
2014,8,6,Weekday,1300,2-Car,No injury,OTHER (ENVIRONMENTAL) - EXPLAIN IN NARR,MATTHEWS & SR46W,39.234768,-86.626384
2014,11,5,Weekday,1100,2-Car,No injury,FOLLOWING TOO CLOSELY,MATTHEWS & SR46W,39.234768,-86.626384
2014,3,1,Weekend,1600,1-Car,No injury,SPEED TOO FAST FOR WEATHER CONDITIONS,SR37S,39.23438854,-86.5415463
2014,5,5,Weekday,2000,2-Car,No injury,UNSAFE SPEED,ASSOCIATION & CHERRY ST,39.23418,-86.62702019
2014,12,4,Weekday,1600,2-Car,No injury,UNSAFE BACKING,WEST TEMPERANCE,39.23403394,-86.62519693
2014,11,4,Weekday,900,2-Car,No injury,UNSAFE LANE MOVEMENT,KELLI & SR46W,39.23389053,-86.61813355