Year,Month,Day,Weekend?,Hour,Collision Type,Injury Type,Primary Factor,Reported_Location,Latitude,Longitude
2014,5,3,Weekday,800,2-Car,No injury,FAILURE TO YIELD RIGHT OF WAY,RUSSELL RD,39.17527603,-86.48120966
2014,10,2,Weekday,1200,2-Car,No injury,UNSAFE BACKING,S COLLEGE MALL,39.17525388,-86.53475004
2014,2,1,Weekend,1500,2-Car,functional,TRAFFIC CONTROL INOPERATIVE/MISSING/OBSC,INDIANA AVE & THIRTEENTH,39.17524746,-86.52701896
2014,7,5,Weekday,800,2-Car,No injury,UNSAFE BACKING,NORTH FEE LN,39.17524114,-86.51896409
2014,8,2,Weekday,2300,2-Car,No injury,OTHER (DRIVER) - EXPLAIN IN NARRATIVE,NORTH FEE LN,39.17524114,-86.51896409
2014,5,3,Weekday,1000,2-Car,No injury,IMPROPER TURNING,13TH & WALNUT GRV,39.175232,-86.520976
2014,11,3,Weekday,600,2-Car,No injury,FAILURE TO YIELD RIGHT OF WAY,13TH & WALNUT GROVE,39.175232,-86.520976
2014,2,3,Weekday,1600,Bus,No injury,UNSAFE LANE MOVEMENT,NORTH ILLINOIS ST & WEST 13TH,39.175152,-86.55152
2014,10,6,Weekday,1800,2-Car,No injury,UNSAFE BACKING,N ILLINOIS ST & W 13TH,39.175152,-86.55152
2014,9,3,Weekday,1400,2-Car,No injury,IMPROPER TURNING,13TH & JACKSON ST,39.175152,-86.53976
2014,6,5,Weekday,1300,2-Car,No injury,UNSAFE BACKING,N FEE LN,39.175152,-86.518992
2014,8,5,Weekday,1500,2-Car,No injury,UNSAFE BACKING,N FEE LN,39.175152,-86.518992
2014,12,2,Weekday,300,1-Car,No injury,RAN OFF ROAD RIGHT,E 10TH,39.175152,-86.4812
2014,8,2,Weekday,1100,1-Car,No injury,DRIVER DISTRACTED - EXPLAIN IN NARRATIVE,INDIANA AVE & THIRTEENTH,39.17507496,-86.52701385
2014,8,7,Weekend,1500,3+ Cars,No injury,UNSAFE SPEED,SR37N & VERNAL,39.17506668,-86.56448965
2014,8,3,Weekday,1500,2-Car,No injury,FOLLOWING TOO CLOSELY,N CRESCENT & W VERNAL PIKE,39.17504,-86.556496
2014,4,4,Weekday,800,Bus,No injury,FOLLOWING TOO CLOSELY,N BLAIR & W 14TH ST,39.17504,-86.543792
2014,2,3,Weekday,1600,2-Car,No injury,FOLLOWING TOO CLOSELY,SR37 & SR45,39.17492206,-86.56444722
2014,8,1,Weekend,1400,3+ Cars,functional,FAILURE TO YIELD RIGHT OF WAY,JORDAN AVE & LAW,39.17476808,-86.51466999
2014,1,4,Weekday,1000,2-Car,functional,IMPROPER LANE USAGE,14TH & COLLEGE AVE,39.17461081,-86.534752
2014,3,5,Weekday,1400,3+ Cars,No injury,UNSAFE SPEED,SR37N & VERNAL,39.17458591,-86.56491925
2014,9,2,Weekday,1200,2-Car,No injury,UNSAFE BACKING,E 12TH ST & N WASHINGTO,39.17438015,-86.53229138
2014,4,3,Weekday,900,2-Car,No injury,FAILURE TO YIELD RIGHT OF WAY,E 12TH ST & WASHINGTON,39.174368,-86.5324
2014,5,3,Weekday,1800,Cyclist,functional,FAILURE TO YIELD RIGHT OF WAY,E 12TH ST & N INDIANA,39.174368,-86.527088
2014,11,4,Weekday,1100,Moped/Motorcycle,functional,FAILURE TO YIELD RIGHT OF WAY,12TH & INDIANA,39.174368,-86.527088
2014,11,4,Weekday,900,2-Car,No injury,FAILURE TO YIELD RIGHT OF WAY,12TH & INDIANA,39.174368,-86.527088
2014,8,5,Weekday,1600,2-Car,No injury,UNSAFE BACKING,INDIANA & TWELVETH ST,39.17436283,-86.52699273
2014,3,6,Weekday,1800,Moped/Motorcycle,non-funcitonal,RAN OFF ROAD RIGHT,12TH & NORTH OOLITIC DR,39.174352,-86.5536
2014,3,1,Weekend,300,1-Car,No injury,ROADWAY SURFACE CONDITION,N LINDBERGH & W 12TH ST,39.174352,-86.552592
2014,8,3,Weekday,1800,Moped/Motorcycle,functional,DISREGARD SIGNAL/REG SIGN,N LINDBERGH DR & W 12TH,39.174352,-86.552592
2014,11,2,Weekday,2100,2-Car,No injury,UNSAFE BACKING,W 12TH,39.174352,-86.552592
2014,1,1,Weekend,800,2-Car,No injury,UNSAFE BACKING,N SUMMIT ST & W 12TH,39.174352,-86.548
2014,3,1,Weekend,1700,2-Car,No injury,FAILURE TO YIELD RIGHT OF WAY,N MONROE ST & W 12TH,39.174352,-86.547104
2014,2,3,Weekday,1000,2-Car,No injury,WRONG WAY ON ONE WAY,E 12TH & N WALNUT ST,39.174352,-86.533472
2014,5,6,Weekday,300,Cyclist,functional,FAILURE TO YIELD RIGHT OF WAY,12TH & N WALNUT ST,39.174352,-86.533472
2014,12,6,Weekday,1200,2-Car,No injury,FOLLOWING TOO CLOSELY,JORDAN & LAW,39.17428336,-86.51500043
2014,9,5,Weekday,800,Cyclist,functional,FAILURE TO YIELD RIGHT OF WAY,FEE LN & LAW,39.174048,-86.518896
2014,12,5,Weekday,1400,Bus,No injury,OTHER (DRIVER) - EXPLAIN IN NARRATIVE,FEE & LAW,39.174048,-86.518896
2014,5,6,Weekday,1700,2-Car,No injury,SPEED TOO FAST FOR WEATHER CONDITIONS,FEE & LAW LN,39.1739436,-86.51820314
2014,7,3,Weekday,1700,2-Car,No injury,FOLLOWING TOO CLOSELY,SR37N & VERNAL,39.17377399,-86.56631801
2014,9,4,Weekday,1900,2-Car,No injury,OTHER (DRIVER) - EXPLAIN IN NARRATIVE,E LAW LN & N FOSTER,39.17374496,-86.5174614
2014,7,4,Weekday,700,2-Car,No injury,UNSAFE BACKING,NORTH WALNUT GRV,39.17363048,-86.52095496
2014,1,3,Weekday,1500,Pedestrian,functional,PEDESTRIAN ACTION,E LAW LN & FEE,39.17360135,-86.51666031
2014,1,6,Weekday,100,2-Car,No injury,VIEW OBSTRUCTED,JORDAN AVE & LAW,39.173552,-86.515488
2014,4,5,Weekday,1400,2-Car,No injury,FAILURE TO YIELD RIGHT OF WAY,JORDAN AVE & LAW,39.173552,-86.515488
2014,10,5,Weekday,100,2-Car,No injury,UNSAFE BACKING,E LAW & N JORDAN,39.173552,-86.515488
2014,8,4,Weekday,1500,2-Car,No injury,SPEED TOO FAST FOR WEATHER CONDITIONS,SR45 & SR46,39.17344351,-86.5032716
2014,9,2,Weekday,900,2-Car,No injury,UNSAFE BACKING,E 11TH & N WASHINGTON ST,39.17344,-86.5324
2014,3,6,Weekday,200,2-Car,No injury,OTHER (DRIVER) - EXPLAIN IN NARRATIVE,11TH ST & LINCOLN,39.17344,-86.530992
2014,3,4,Weekday,2300,2-Car,No injury,OTHER (DRIVER) - EXPLAIN IN NARRATIVE,N GRANT ST,39.17344,-86.529696
2014,11,2,Weekday,800,2-Car,No injury,FAILURE TO YIELD RIGHT OF WAY,DUNN & E 11TH,39.17344,-86.528288
2014,8,2,Weekday,1000,2-Car,functional,WRONG WAY ON ONE WAY,11TH & INDIANA AVE,39.17344,-86.527056
2014,3,4,Weekday,1200,2-Car,No injury,FAILURE TO YIELD RIGHT OF WAY,11TH ST & PARK,39.17344,-86.524672
2014,5,6,Weekday,1700,2-Car,No injury,FOLLOWING TOO CLOSELY,S COLLEGE AVE & SMITH,39.17342398,-86.53494
2014,2,1,Weekend,0,2-Car,No injury,SPEED TOO FAST FOR WEATHER CONDITIONS,JORDAN AVE & LAW,39.17341527,-86.51550441
2014,3,2,Weekday,1500,Pedestrian,functional,DRIVER DISTRACTED - EXPLAIN IN NARRATIVE,1200 BLK W 11TH ST & ADAMS,39.173344,-86.54802772
2014,6,1,Weekday,2000,2-Car,No injury,FAILURE TO YIELD RIGHT OF WAY,11TH ST & MONROE,39.173344,-86.54745686
2014,3,1,Weekend,800,1-Car,No injury,UNSAFE SPEED,11TH & VERNAL PIKE,39.173344,-86.555104
2014,8,2,Weekday,1500,Cyclist,functional,FOLLOWING TOO CLOSELY,N LINDBERGH & W 11TH ST,39.173344,-86.552592
2014,7,3,Weekday,1000,2-Car,No injury,UNSAFE BACKING,NORTH ALEXANDER & WEST 11TH ST,39.173344,-86.549296
2014,8,6,Weekend,2100,2-Car,No injury,UNSAFE BACKING,W 11TH ST,39.173344,-86.54734825
2014,12,5,Weekday,1800,Bus,No injury,FAILURE TO YIELD RIGHT OF WAY,ELEVENTH & WOODLAWN,39.1732988,-86.52353958
2014,10,3,Weekday,1500,2-Car,functional,FOLLOWING TOO CLOSELY,11TH & FEE,39.1732908,-86.51898623
2014,5,6,Weekday,1700,2-Car,functional,FAILURE TO YIELD RIGHT OF WAY,11TH ST & N MORTON,39.17326972,-86.53605982
2014,7,5,Weekday,1400,2-Car,No injury,IMPROPER TURNING,11TH & N WALNUT ST,39.173248,-86.533488
2014,10,3,Weekday,1300,Bus,No injury,FOLLOWING TOO CLOSELY,N WALNUT & W 11TH,39.173248,-86.533488
2014,12,2,Weekday,1900,1-Car,No injury,IMPROPER LANE USAGE,11TH & WALNUT,39.173248,-86.533488
2014,5,4,Weekday,1300,2-Car,No injury,UNSAFE BACKING,11TH ST & WALNUT,39.17324465,-86.53375261
2014,1,5,Weekday,1800,Pedestrian,functional,FAILURE TO YIELD RIGHT OF WAY,11TH & COLLEGE AVE,39.173232,-86.534752
2014,6,3,Weekday,1500,2-Car,No injury,DISREGARD SIGNAL/REG SIGN,N COLLEGE AVE & W 11TH,39.173232,-86.534752
2014,8,6,Weekday,1600,3+ Cars,No injury,FOLLOWING TOO CLOSELY,S COLLEGE AVE & W 11TH,39.173232,-86.534752
2014,9,6,Weekday,1500,2-Car,No injury,VIEW OBSTRUCTED,11TH & COLLEGE AVE,39.173232,-86.534752
2014,10,3,Weekday,2200,3+ Cars,No injury,SPEED TOO FAST FOR WEATHER CONDITIONS,N COLLEGE AVE & W 11TH,39.173232,-86.534752
2014,12,1,Weekday,2100,2-Car,No injury,OTHER (DRIVER) - EXPLAIN IN NARRATIVE,N COLLEGE,39.173232,-86.534752
2014,9,4,Weekday,1400,Bus,functional,DISREGARD SIGNAL/REG SIGN,11TH ST & MORTON,39.173216,-86.536
2014,9,6,Weekend,2000,2-Car,No injury,FAILURE TO YIELD RIGHT OF WAY,11TH ST & MORTON,39.173216,-86.536
2014,10,6,Weekend,2100,2-Car,No injury,FAILURE TO YIELD RIGHT OF WAY,N MORTON & W 11TH ST,39.173216,-86.536
2014,10,7,Weekend,1600,2-Car,No injury,FAILURE TO YIELD RIGHT OF WAY,11TH & MORTON,39.173216,-86.536
2014,5,2,Weekday,2100,3+ Cars,No injury,OTHER (DRIVER) - EXPLAIN IN NARRATIVE,N WOODBRIDGE DR,39.17319998,-86.49275287
2014,7,3,Weekday,1200,Cyclist,No injury,DISREGARD SIGNAL/REG SIGN,11TH & ROGERS ST,39.173184,-86.538528
2014,7,4,Weekday,1100,Cyclist,functional,RAN OFF ROAD RIGHT,N ROGERS ST & W 11TH,39.173184,-86.538528
2014,11,3,Weekday,1500,Bus,No injury,LEFT OF CENTER,11TH & ROGERS,39.173184,-86.538528
2014,11,5,Weekday,700,2-Car,functional,FAILURE TO YIELD RIGHT OF WAY,N ROGERS & W 11TH,39.173184,-86.538528
2014,11,3,Weekday,1900,2-Car,non-funcitonal,IMPROPER TURNING,11TH & ROGERS,39.173184,-86.538528
2014,2,7,Weekend,1600,1-Car,functional,RAN OFF ROAD RIGHT,N FAIRVIEW ST ST & W 11TH,39.173152,-86.5408
2014,2,7,Weekend,1600,1-Car,functional,RAN OFF ROAD RIGHT,N FAIRVIEW & W 11TH ST,39.173152,-86.5408
2014,2,7,Weekend,1600,2-Car,functional,RAN OFF ROAD RIGHT,N FAIRVIEW & W 11TH ST,39.173152,-86.5408
2014,10,3,Weekday,900,Bus,No injury,FAILURE TO YIELD RIGHT OF WAY,N FAIRVIEW & W 11TH,39.173152,-86.5408
2014,9,6,Weekday,1600,3+ Cars,functional,FOLLOWING TOO CLOSELY,10TH & SR46S,39.17314781,-86.50297321
2014,3,5,Weekday,1600,2-Car,No injury,UNSAFE BACKING,EAST LAW LN,39.17302832,-86.51339918
2014,7,2,Weekday,1000,2-Car,No injury,UNSAFE BACKING,LAW LN,39.17302832,-86.51339918
2014,9,3,Weekday,1400,2-Car,No injury,UNSAFE BACKING,LAW LN,39.17302832,-86.51339918
2014,5,5,Weekday,1100,Cyclist,No injury,FAILURE TO YIELD RIGHT OF WAY,11TH & COLLEGE AVE,39.17302602,-86.53475422
2014,1,1,Weekday,1900,1-Car,No injury,RAN OFF ROAD RIGHT,11TH & WALNUT ST,39.1729734,-86.53349523
2014,8,4,Weekday,2000,2-Car,No injury,UNSAFE BACKING,NORTH FORREST AVE,39.17291755,-86.5224431
2014,10,3,Weekday,1700,2-Car,No injury,UNSAFE SPEED,SR37 & VERNAL,39.17286022,-86.56731864
2014,9,6,Weekday,1600,2-Car,No injury,FOLLOWING TOO CLOSELY,SR37N & VERNAL,39.17285105,-86.56762445
2014,7,5,Weekday,0,2-Car,No injury,UNSAFE BACKING,N FEE LN,39.17281455,-86.51879273
2014,8,1,Weekend,1500,2-Car,No injury,UNSAFE BACKING,N FEE LN,39.17281455,-86.51879273
2014,9,3,Weekday,1800,2-Car,No injury,UNSAFE BACKING,N FEE LN,39.17281455,-86.51879273
2014,2,6,Weekday,1500,2-Car,No injury,FAILURE TO YIELD RIGHT OF WAY,10TH ST & SMITH,39.172752,-86.482288
2014,2,2,Weekday,1500,2-Car,No injury,FOLLOWING TOO CLOSELY,10TH & SMITH RD,39.172752,-86.482288
2014,5,7,Weekend,1700,2-Car,No injury,FAILURE TO YIELD RIGHT OF WAY,10TH ST & SMITH,39.172752,-86.482288
2014,6,5,Weekday,1700,2-Car,functional,FOLLOWING TOO CLOSELY,E 10TH & N SMITH RD,39.172752,-86.482288
2014,9,4,Weekday,1800,2-Car,No injury,FOLLOWING TOO CLOSELY,10TH & SMITH RD,39.172752,-86.482288
2014,10,4,Weekday,300,1-Car,No injury,DISREGARD SIGNAL/REG SIGN,10TH ST & SMITH,39.172752,-86.482288
2014,11,5,Weekday,2000,2-Car,No injury,FAILURE TO YIELD RIGHT OF WAY,E 10TH & SMITH,39.172752,-86.482288
2014,3,1,Weekend,300,1-Car,No injury,RAN OFF ROAD RIGHT,W VERNAL PIKE,39.172704,-86.655888
2014,10,5,Weekday,900,1-Car,No injury,RAN OFF ROAD RIGHT,W VERNAL PIKE,39.172704,-86.655888
2014,7,4,Weekday,1300,1-Car,No injury,OTHER (VEHICLE) - EXPLAIN IN NARRATIVE,NORTH WALNUT GROVE AVE,39.17265013,-86.52094356
2014,9,4,Weekday,1300,2-Car,functional,UNSAFE SPEED,10TH & SR46E,39.17264788,-86.5026808
2014,9,6,Weekday,1200,2-Car,No injury,WRONG WAY ON ONE WAY,COTTAGE GROVE AVE & GRANT,39.17264,-86.529696
2014,9,3,Weekday,1600,2-Car,No injury,FAILURE TO YIELD RIGHT OF WAY,COTTAGE GROVE & DUNN ST,39.17264,-86.528272
2014,12,4,Weekday,1200,2-Car,No injury,FAILURE TO YIELD RIGHT OF WAY,E COTTAGE GROVE & N INDIANA,39.17264,-86.52704
2014,4,2,Weekday,1700,1-Car,No injury,RAN OFF ROAD RIGHT,COTTAGE GROVE AVE & PARK,39.17264,-86.52464
2014,10,4,Weekday,1800,2-Car,No injury,FAILURE TO YIELD RIGHT OF WAY,COTTAGE GROVE & PARK AVE,39.17264,-86.52464
2014,1,6,Weekday,1500,2-Car,No injury,FAILURE TO YIELD RIGHT OF WAY,COTTAGE GROVE & WOODLAWN AVE,39.17264,-86.523584
2014,2,4,Weekday,1800,2-Car,No injury,FAILURE TO YIELD RIGHT OF WAY,COTTAGE GROVE & WOODLAWN AVE,39.17264,-86.523584
2014,11,2,Weekday,900,2-Car,No injury,DISREGARD SIGNAL/REG SIGN,E COTTAGE GROVE & N WOODLAWN,39.17264,-86.523584
2014,8,7,Weekend,1300,2-Car,No injury,SPEED TOO FAST FOR WEATHER CONDITIONS,SR46 & UNIONVILLE,39.17259918,-86.50282808
2014,12,5,Weekday,1000,2-Car,No injury,UNSAFE BACKING,WHITEHALL CROSSING,39.17259598,-86.57152557
2014,9,5,Weekday,1400,2-Car,No injury,IMPROPER TURNING,W WHITEHALL CROSSING DR,39.17259598,-86.57152557
2014,5,5,Weekday,1700,2-Car,No injury,FAILURE TO YIELD RIGHT OF WAY,COTTAGE GROVE ST & PARK,39.17253545,-86.52467126
2014,11,1,Weekend,1600,2-Car,No injury,UNSAFE BACKING,NORTH FEE,39.17250261,-86.51898354
2014,1,5,Weekday,1800,2-Car,No injury,IMPROPER LANE USAGE,NORTH FEE LN,39.17250261,-86.51898354
2014,2,6,Weekday,1200,1-Car,No injury,UNSAFE LANE MOVEMENT,NORTH FEE LN,39.17250261,-86.51898354
2014,3,6,Weekday,1700,2-Car,No injury,UNSAFE BACKING,NORTH UNION ST,39.17247444,-86.50959178
2014,2,6,Weekday,1600,2-Car,No injury,SPEED TOO FAST FOR WEATHER CONDITIONS,11TH & COLLEGE AVE,39.17240806,-86.53476086
2014,9,3,Weekday,1600,2-Car,No injury,UNSAFE BACKING,RANGE & SR45,39.17239897,-86.4967649
2014,10,4,Weekday,1200,2-Car,No injury,UNSAFE SPEED,10TH & SR46S,39.17239791,-86.5025346
2014,2,6,Weekday,1600,2-Car,No injury,LEFT OF CENTER,10TH ST & SMITH,39.17237698,-86.48280365
2014,4,5,Weekday,1300,Pedestrian,functional,OTHER (DRIVER) - EXPLAIN IN NARRATIVE,COTTAGE GROVE AVE & SUMMIT,39.172336,-86.548192
2014,2,7,Weekend,200,2-Car,No injury,LEFT OF CENTER,BARRINGTON DR,39.17226188,-86.48843452
2014,2,5,Weekday,1700,1-Car,No injury,VIEW OBSTRUCTED,NORTH UNION ST,39.172144,-86.509392
2014,7,4,Weekday,1500,2-Car,No injury,UNSAFE BACKING,N UNION CT,39.172144,-86.509392
2014,12,4,Weekday,1800,1-Car,No injury,UNSAFE BACKING,N UNION,39.172144,-86.509392
2014,12,4,Weekday,1400,2-Car,No injury,UNSAFE BACKING,N UNION,39.172144,-86.509392
2014,3,6,Weekday,1000,1-Car,No injury,UNSAFE BACKING,NORTH RANGE RD,39.17209692,-86.4954552
2014,9,6,Weekend,2200,2-Car,No injury,UNSAFE BACKING,SMITH RD,39.172048,-86.4816
2014,4,1,Weekend,300,1-Car,No injury,ANIMAL/OBJECT IN ROADWAY,PARK RIDGE RD & WILTSHIRE,39.172048,-86.4732
2014,4,4,Weekday,2100,Cyclist,No injury,HEADLIGHT DEFECTIVE OR NOT ON,SMITH & SR45,39.17203189,-86.48503696
2014,6,3,Weekday,1800,2-Car,No injury,UNSAFE LANE MOVEMENT,E 10TH & SR46E,39.17202295,-86.5023153
2014,12,6,Weekday,1200,2-Car,No injury,OTHER (DRIVER) - EXPLAIN IN NARRATIVE,10TH & SR46W,39.17202295,-86.5023153
2014,1,7,Weekend,200,2-Car,No injury,UNSAFE SPEED,10TH & COLLEGE AVE,39.17201865,-86.53476505
2014,1,5,Weekday,1300,2-Car,No injury,UNSAFE BACKING,S ROGERS ST,39.17200261,-86.53854563
2014,3,4,Weekday,1700,2-Car,No injury,UNSAFE BACKING,S ROGERS ST,39.17200261,-86.53854563
2014,6,2,Weekday,900,2-Car,No injury,OTHER (DRIVER) - EXPLAIN IN NARRATIVE,S ROGERS ST,39.17200261,-86.53854563
2014,4,7,Weekend,400,1-Car,No injury,RAN OFF ROAD RIGHT,SR37S & W WHITEHALL CROSSING,39.17198944,-86.5701065
2014,8,5,Weekday,1600,2-Car,functional,DISREGARD SIGNAL/REG SIGN,CURRY PIKE & PROFILE,39.17196013,-86.5829797
2014,2,6,Weekday,100,1-Car,No injury,RAN OFF ROAD RIGHT,10TH & MORTON ST,39.17193626,-86.536
2014,4,2,Weekday,1300,3+ Cars,No injury,UNSAFE SPEED,10TH & SR46S,39.17189797,-86.5022422
2014,11,5,Weekday,1800,2-Car,No injury,UNSAFE LANE MOVEMENT,10TH & FEE,39.17185806,-86.51871132
2014,6,1,Weekend,900,2-Car,No injury,FOLLOWING TOO CLOSELY,10TH ST & GRANDVIEW,39.17184,-86.487488
2014,4,4,Weekday,900,2-Car,No injury,OTHER (DRIVER) - EXPLAIN IN NARRATIVE,10TH & SR46E,39.17182298,-86.50219834
2014,12,3,Weekday,1800,2-Car,No injury,UNSAFE LANE MOVEMENT,DANIELS & SR48W,39.17177963,-86.59832764
2014,1,7,Weekend,0,1-Car,No injury,IMPROPER TURNING,N WALNUT ST,39.17176229,-86.53351967
2014,1,5,Weekday,1100,2-Car,No injury,FAILURE TO YIELD RIGHT OF WAY,10TH & N MORTON ST,39.171744,-86.536
2014,8,3,Weekday,1200,2-Car,No injury,DRIVER ILLNESS,W 10TH ST,39.171744,-86.536
2014,2,6,Weekday,1700,2-Car,No injury,SPEED TOO FAST FOR WEATHER CONDITIONS,10TH & COLLEGE AVE,39.171744,-86.534768
2014,2,2,Weekday,0,2-Car,No injury,DISREGARD SIGNAL/REG SIGN,10TH ST & COLLEGE,39.171744,-86.534768
2014,4,7,Weekend,1800,2-Car,No injury,DISREGARD SIGNAL/REG SIGN,10TH ST & COLLEGE,39.171744,-86.534768
2014,5,6,Weekday,100,2-Car,No injury,IMPROPER TURNING,N COLLEGE AVE,39.171744,-86.534768
2014,9,6,Weekday,1700,2-Car,No injury,UNSAFE LANE MOVEMENT,N COLLEGE AVE & W 10TH,39.171744,-86.534768
2014,10,1,Weekend,900,2-Car,No injury,FAILURE TO YIELD RIGHT OF WAY,10TH ST & COLLEGE,39.171744,-86.534768
2014,10,3,Weekday,2100,2-Car,No injury,IMPROPER TURNING,10TH & S COLLEGE,39.171744,-86.534768
2014,12,2,Weekday,2300,2-Car,No injury,UNSAFE LANE MOVEMENT,10TH & COLLEGE,39.171744,-86.534768
2014,12,3,Weekday,1300,2-Car,No injury,FAILURE TO YIELD RIGHT OF WAY,10TH & COLLEGE,39.171744,-86.534768
2014,3,4,Weekday,1600,2-Car,No injury,FOLLOWING TOO CLOSELY,10TH & N WALNUT ST,39.171744,-86.53352
2014,3,6,Weekday,600,2-Car,No injury,DISREGARD SIGNAL/REG SIGN,N WALNUT ST & W 10TH,39.171744,-86.53352
2014,7,3,Weekday,1500,2-Car,No injury,IMPROPER TURNING,E 10TH & N WALNUT ST,39.171744,-86.53352
2014,10,6,Weekday,1600,2-Car,No injury,IMPROPER LANE USAGE,N WALNUT & W 10TH,39.171744,-86.53352
2014,12,6,Weekday,1100,2-Car,No injury,DISREGARD SIGNAL/REG SIGN,E 10TH & N WALNUT,39.171744,-86.53352
2014,1,5,Weekday,1200,2-Car,No injury,UNSAFE BACKING,E 10TH ST,39.171728,-86.5324
2014,7,4,Weekday,900,2-Car,functional,FOLLOWING TOO CLOSELY,10TH ST & WASHINGTON,39.171728,-86.5324
2014,4,6,Weekend,2100,2-Car,No injury,UNSAFE SPEED,TENTH & UNIONVILLE RD,39.17172643,-86.50641986
2014,11,2,Weekday,2200,2-Car,No injury,UNSAFE LANE MOVEMENT,10TH & JORDAN,39.17171608,-86.51570831
2014,1,7,Weekend,2300,2-Car,No injury,FAILURE TO YIELD RIGHT OF WAY,10TH ST & LINCOLN,39.171712,-86.530992
2014,2,2,Weekday,1600,2-Car,No injury,FAILURE TO YIELD RIGHT OF WAY,10TH ST & LINCOLN,39.171712,-86.530992
2014,7,2,Weekday,1300,2-Car,No injury,UNSAFE BACKING,10TH & LINCOLN ST,39.171712,-86.530992
2014,9,6,Weekday,800,Moped/Motorcycle,non-funcitonal,FAILURE TO YIELD RIGHT OF WAY,10TH ST & LINCOLN,39.171712,-86.530992
2014,12,3,Weekday,1600,2-Car,No injury,FAILURE TO YIELD RIGHT OF WAY,10TH & LINCOLN,39.171712,-86.530992
2014,3,3,Weekday,100,2-Car,No injury,IMPROPER LANE USAGE,E 10TH ST,39.17170808,-86.53067461
2014,12,4,Weekday,1000,1-Car,No injury,DRIVER ASLEEP OR FATIGUED,BUSINEESS 37 N STATE & WISNAND,39.17170688,-86.53976999
2014,1,7,Weekend,2100,1-Car,functional,VIEW OBSTRUCTED,N WALNUT GROVE ST,39.17170612,-86.52089927
2014,2,7,Weekend,1700,2-Car,No injury,FOLLOWING TOO CLOSELY,E 10TH ST & GRANT,39.171696,-86.529696
2014,3,7,Weekend,1200,2-Car,functional,FAILURE TO YIELD RIGHT OF WAY,E 10TH ST & N GRANT,39.171696,-86.529696
2014,5,6,Weekday,1400,Cyclist,functional,FAILURE TO YIELD RIGHT OF WAY,E 10TH ST & N GRANT,39.171696,-86.529696
2014,9,4,Weekday,1800,2-Car,No injury,FAILURE TO YIELD RIGHT OF WAY,10TH ST & GRANT AVE,39.171696,-86.529696
2014,10,4,Weekday,1300,2-Car,No injury,FAILURE TO YIELD RIGHT OF WAY,10TH & GRANT ST,39.171696,-86.529696
2014,10,6,Weekend,1900,2-Car,No injury,FAILURE TO YIELD RIGHT OF WAY,EAST 10TH ST & NORTH GRANT,39.171696,-86.529696
2014,2,1,Weekend,1800,1-Car,No injury,DRIVER DISTRACTED - EXPLAIN IN NARRATIVE,10TH ST & PROW,39.171696,-86.528896
2014,9,5,Weekday,1500,Bus,No injury,UNSAFE BACKING,TENTH ST & WOODLAWN,39.17169367,-86.52351692
2014,4,2,Weekday,600,2-Car,No injury,IMPROPER TURNING,SR46N & TENTH,39.17169189,-86.53102874
2014,7,5,Weekday,600,1-Car,No injury,WRONG WAY ON ONE WAY,COLLEGE AVE & TENTH,39.17168832,-86.53483448
2014,2,4,Weekday,1200,2-Car,No injury,UNSAFE BACKING,EAST TENTH ST,39.17168118,-86.50658033
2014,7,5,Weekday,1400,2-Car,No injury,FOLLOWING TOO CLOSELY,E 10TH ST & N DUNN,39.17168,-86.528256
2014,12,6,Weekday,1500,2-Car,No injury,FAILURE TO YIELD RIGHT OF WAY,10TH & DUNN,39.17168,-86.528256
2014,5,3,Weekday,2100,1-Car,No injury,IMPROPER TURNING,10TH ST & INDIANA,39.17168,-86.527024
2014,5,3,Weekday,1300,3+ Cars,functional,UNSAFE SPEED,10TH ST & INDIANA,39.17168,-86.527024
2014,10,7,Weekend,1700,2-Car,No injury,FOLLOWING TOO CLOSELY,10TH & INDIANA AVE,39.17168,-86.527024
2014,10,7,Weekend,1200,2-Car,No injury,DRIVER DISTRACTED - EXPLAIN IN NARRATIVE,10TH & INDIANA,39.17168,-86.527024
2014,12,5,Weekday,2300,2-Car,No injury,UNSAFE LANE MOVEMENT,10TH & INDIANA,39.17168,-86.527024
2014,11,2,Weekday,1800,1-Car,No injury,ANIMAL/OBJECT IN ROADWAY,SR37N & WILLIAMS,39.17167917,-86.54695129
2014,10,6,Weekday,1200,2-Car,No injury,SPEED TOO FAST FOR WEATHER CONDITIONS,10TH & INDIANA,39.1716733,-86.5264948
2014,10,3,Weekday,1500,2-Car,No injury,FOLLOWING TOO CLOSELY,INDIANA & TENTH,39.17166866,-86.52698015
2014,2,5,Weekday,900,2-Car,No injury,FOLLOWING TOO CLOSELY,E 10TH ST & N FESS,39.171664,-86.52576
2014,3,4,Weekday,1700,3+ Cars,No injury,FOLLOWING TOO CLOSELY,10TH ST & FESS,39.171664,-86.52576
2014,4,6,Weekday,1700,2-Car,No injury,IMPROPER TURNING,10TH & FESS AVE,39.171664,-86.52576