Year,Month,Day,Weekend?,Hour,Collision Type,Injury Type,Primary Factor,Reported_Location,Latitude,Longitude
2014,9,5,Weekday,1500,2-Car,No injury,UNSAFE LANE MOVEMENT,8TH & COLLEGE AVE,39.169552,-86.534784
2014,9,6,Weekday,1200,2-Car,No injury,IMPROPER TURNING,8TH & N COLLEGE AVE,39.169552,-86.534784
2014,11,6,Weekday,1100,2-Car,No injury,UNSAFE LANE MOVEMENT,N COLLEGE & W 8TH,39.169552,-86.534784
2014,5,5,Weekday,700,2-Car,No injury,FAILURE TO YIELD RIGHT OF WAY,E 8TH & N WALNUT ST,39.169552,-86.533552
2014,9,1,Weekend,1600,2-Car,No injury,UNSAFE BACKING,N WALNUT ST,39.169552,-86.533552
2014,11,1,Weekend,300,2-Car,No injury,RAN OFF ROAD RIGHT,8TH & N WALNUT,39.169552,-86.533552
2014,4,5,Weekday,2100,2-Car,No injury,FAILURE TO YIELD RIGHT OF WAY,8TH & WASHINGTON ST,39.169552,-86.5324
2014,2,1,Weekend,1400,2-Car,No injury,FAILURE TO YIELD RIGHT OF WAY,EAST 8TH & NORTH LINCOLN ST,39.169552,-86.530992
2014,4,4,Weekday,1400,2-Car,No injury,FAILURE TO YIELD RIGHT OF WAY,8TH & LINCOLN ST,39.169552,-86.530992
2014,1,5,Weekday,1900,2-Car,No injury,FAILURE TO YIELD RIGHT OF WAY,8TH ST & WOODLAWN,39.169552,-86.52344
2014,2,6,Weekend,2000,1-Car,No injury,RAN OFF ROAD RIGHT,BUSKIRK RD & FRY,39.16952979,-86.55248179
2014,6,7,Weekend,1700,2-Car,No injury,FAILURE TO YIELD RIGHT OF WAY,COLLEGE AVE & EIGHTH,39.16950572,-86.53484886
2014,11,7,Weekend,100,2-Car,No injury,UNSAFE BACKING,8TH & NORTH CLARK,39.169472,-86.504864
2014,2,3,Weekday,1700,2-Car,No injury,UNSAFE BACKING,E 8TH ST & N FORREST,39.16946503,-86.52243684
2014,9,3,Weekday,700,Pedestrian,No injury,UNSAFE SPEED,E 8TH & N FORREST AVE,39.16945928,-86.52238299
2014,6,7,Weekend,0,Moped/Motorcycle,functional,ROADWAY SURFACE CONDITION,8TH & WASHINGTON ST,39.16934601,-86.5324
2014,10,1,Weekend,400,1-Car,No injury,OVERCORRECTING/OVERSTEERING,E AMY & N PETE ELLIS DR,39.169312,-86.495888
2014,9,3,Weekday,2100,2-Car,No injury,OTHER (DRIVER) - EXPLAIN IN NARRATIVE,NORTH JACOBS DR,39.16931152,-86.57286834
2014,3,5,Weekday,1400,2-Car,No injury,UNSAFE BACKING,6 TH & MORTON ST,39.16916637,-86.53611011
2014,7,3,Weekday,1600,2-Car,No injury,UNSAFE BACKING,E 7TH & N FORREST AVE,39.16897137,-86.52233031
2014,4,4,Weekday,1400,2-Car,No injury,DISREGARD SIGNAL/REG SIGN,7TH & JORDAN AVE,39.168944,-86.516016
2014,9,2,Weekday,1600,Cyclist,No injury,DISREGARD SIGNAL/REG SIGN,E 7TH & N JORDAN AVE,39.168944,-86.516016
2014,9,6,Weekend,2300,2-Car,No injury,UNSAFE BACKING,E 7TH ST & N JORDAN,39.168944,-86.516016
2014,12,3,Weekday,700,Pedestrian,functional,VIEW OBSTRUCTED,7TH & JORDAN,39.168944,-86.516016
2014,10,6,Weekday,1700,2-Car,No injury,UNSAFE LANE MOVEMENT,45 & SOUTH CURRY PIKE,39.16893228,-86.58264923
2014,7,4,Weekday,1000,2-Car,No injury,FOLLOWING TOO CLOSELY,7TH & COLLEGE AVE,39.16893066,-86.534784
2014,4,7,Weekend,1100,3+ Cars,No injury,UNSAFE BACKING,N GATES DR,39.16889705,-86.57647803
2014,6,5,Weekday,700,2-Car,No injury,LEFT OF CENTER,400 BLK S GRANT ST & SMITH,39.168848,-86.481296
2014,2,4,Weekday,1300,2-Car,No injury,FOLLOWING TOO CLOSELY,N GATES & W ALEXANDER DR,39.16877288,-86.57629272
2014,9,2,Weekday,800,Bus,functional,LEFT OF CENTER,ALEXANDER & JACOB DR,39.16877031,-86.57355979
2014,1,6,Weekday,1800,2-Car,functional,FOLLOWING TOO CLOSELY,ALEXANDER DR & GATES,39.16876025,-86.57642835
2014,1,6,Weekend,2200,1-Car,No injury,DRIVER DISTRACTED - EXPLAIN IN NARRATIVE,E 7TH ST,39.168752,-86.5436
2014,2,6,Weekday,1200,2-Car,No injury,UNSAFE BACKING,7TH ST,39.168752,-86.5436
2014,3,5,Weekday,0,2-Car,No injury,OTHER (DRIVER) - EXPLAIN IN NARRATIVE,E 7TH ST,39.168752,-86.5436
2014,5,1,Weekend,1600,2-Car,No injury,DRIVER DISTRACTED - EXPLAIN IN NARRATIVE,EAST 7TH ST,39.168752,-86.5436
2014,7,5,Weekday,1200,2-Car,No injury,FAILURE TO YIELD RIGHT OF WAY,E 7TH ST,39.168752,-86.5436
2014,9,2,Weekday,1200,2-Car,No injury,UNSAFE BACKING,EAST 7TH ST,39.168752,-86.5436
2014,10,5,Weekday,1500,2-Car,No injury,UNSAFE BACKING,EAST 7TH,39.168752,-86.5436
2014,4,7,Weekend,300,2-Car,No injury,OTHER (DRIVER) - EXPLAIN IN NARRATIVE,COLLEGE AVE,39.16874743,-86.534784
2014,12,2,Weekday,300,2-Car,No injury,OTHER (VEHICLE) - EXPLAIN IN NARRATIVE,E 7TH & N CAMPBELL,39.16873199,-86.51390544
2014,4,3,Weekday,1700,2-Car,No injury,RAN OFF ROAD RIGHT,7TH & DUNN ST,39.16872239,-86.52822531
2014,9,5,Weekday,1600,2-Car,No injury,UNSAFE BACKING,EAST 7TH ST,39.16872163,-86.54461225
2014,3,6,Weekday,200,Pedestrian,No injury,FAILURE TO YIELD RIGHT OF WAY,N WALNUT ST,39.16871445,-86.53356669
2014,8,1,Weekend,200,1-Car,functional,FAILURE TO YIELD RIGHT OF WAY,N WALNUT ST,39.16871445,-86.53356669
2014,2,6,Weekday,1500,2-Car,No injury,SPEED TOO FAST FOR WEATHER CONDITIONS,7TH ST & CAMPBELL,39.16870996,-86.51390009
2014,2,6,Weekday,1700,1-Car,No injury,UNSAFE BACKING,W 7TH ST,39.168704,-86.538576
2014,3,2,Weekday,1100,1-Car,functional,OTHER (VEHICLE) - EXPLAIN IN NARRATIVE,W 7TH ST,39.168704,-86.538576
2014,6,4,Weekday,1900,2-Car,No injury,OTHER (DRIVER) - EXPLAIN IN NARRATIVE,7TH ST & ROGERS,39.168704,-86.538576
2014,1,4,Weekday,1200,2-Car,No injury,FOLLOWING TOO CLOSELY,7TH ST & MORTON,39.168672,-86.536
2014,3,3,Weekday,1500,2-Car,No injury,UNSAFE BACKING,7TH ST & MORTON,39.168672,-86.536
2014,6,5,Weekday,900,2-Car,No injury,LEFT OF CENTER,N MORTON ST,39.168672,-86.536
2014,12,2,Weekday,1900,2-Car,No injury,UNSAFE BACKING,N MORTON,39.168672,-86.536
2014,6,3,Weekday,700,2-Car,No injury,IMPROPER TURNING,W 7TH ST,39.16866318,-86.53532996
2014,1,5,Weekday,1200,2-Car,No injury,UNSAFE BACKING,N WALNUT ST,39.16865861,-86.53356767
2014,2,6,Weekday,200,1-Car,No injury,OTHER (ENVIRONMENTAL) - EXPLAIN IN NARR,COLLEGE AVE,39.168656,-86.534784
2014,3,2,Weekday,1100,Pedestrian,functional,FAILURE TO YIELD RIGHT OF WAY,7TH & COLLEGE AVE,39.168656,-86.534784
2014,4,5,Weekday,1300,2-Car,No injury,FAILURE TO YIELD RIGHT OF WAY,COLLEGE & WEST 7TH ST,39.168656,-86.534784
2014,7,6,Weekday,800,1-Car,No injury,OTHER (DRIVER) - EXPLAIN IN NARRATIVE,N COLLEGE AVE AVE,39.168656,-86.534784
2014,10,5,Weekday,900,Pedestrian,functional,PEDESTRIAN ACTION,7TH & N COLLEGE AVE,39.168656,-86.534784
2014,10,7,Weekend,100,2-Car,No injury,UNSAFE LANE MOVEMENT,7TH & COLLEGE,39.168656,-86.534784
2014,10,7,Weekend,1600,Bus,No injury,IMPROPER LANE USAGE,N COLLEGE & W 7TH,39.168656,-86.534784
2014,11,5,Weekday,1200,2-Car,No injury,FAILURE TO YIELD RIGHT OF WAY,7TH & WASHINGTON,39.16864,-86.53204717
2014,12,1,Weekend,1600,2-Car,No injury,FAILURE TO YIELD RIGHT OF WAY,7TH & LINCOLN,39.16864,-86.53152125
2014,10,3,Weekday,2300,2-Car,No injury,FAILURE TO YIELD RIGHT OF WAY,7TH & WASHINGTON,39.16864,-86.53151792
2014,8,3,Weekday,1400,2-Car,No injury,FAILURE TO YIELD RIGHT OF WAY,7TH ST & GRANT,39.16864,-86.52983713
2014,10,6,Weekday,1300,Bus,No injury,IMPROPER LANE USAGE,7TH ST & GRANT,39.16864,-86.52943138
2014,5,6,Weekday,1600,Bus,No injury,OTHER (DRIVER) - EXPLAIN IN NARRATIVE,7TH & NORTH WALNUT ST,39.16864,-86.533568
2014,7,6,Weekday,100,2-Car,No injury,UNSAFE LANE MOVEMENT,7TH & WALNUT ST,39.16864,-86.533568
2014,12,6,Weekday,1100,2-Car,No injury,OTHER (DRIVER) - EXPLAIN IN NARRATIVE,E 7TH & N WASHINGTON,39.16864,-86.5324
2014,3,6,Weekday,1600,2-Car,No injury,UNSAFE BACKING,WEST 7TH ST,39.16864,-86.53176784
2014,8,6,Weekday,1200,2-Car,No injury,OTHER (DRIVER) - EXPLAIN IN NARRATIVE,WEST 7TH ST,39.16864,-86.53176784
2014,1,3,Weekday,1200,1-Car,No injury,UNSAFE BACKING,314 E 7TH ST & LINCOLN,39.16864,-86.530992
2014,2,3,Weekday,1400,Bus,No injury,OVERCORRECTING/OVERSTEERING,7TH ST & GRANT,39.16864,-86.529696
2014,7,4,Weekday,700,Bus,No injury,OTHER (VEHICLE) - EXPLAIN IN NARRATIVE,E 7TH ST & N GRANT,39.16864,-86.529696
2014,12,5,Weekday,1000,2-Car,No injury,FAILURE TO YIELD RIGHT OF WAY,E 7TH & N GRANT,39.16864,-86.529696
2014,1,5,Weekday,1000,2-Car,No injury,FOLLOWING TOO CLOSELY,E 7TH ST & N DUNN,39.16864,-86.528224
2014,5,5,Weekday,1500,2-Car,No injury,OVERCORRECTING/OVERSTEERING,DUNN & E 7TH ST,39.16864,-86.528224
2014,11,1,Weekend,1700,2-Car,functional,DISREGARD SIGNAL/REG SIGN,EAST 7TH & NORTH DUNN,39.16864,-86.528224
2014,11,5,Weekday,1800,Cyclist,non-funcitonal,FAILURE TO YIELD RIGHT OF WAY,7TH & INDIANA,39.16864,-86.526944
2014,9,5,Weekday,1200,2-Car,No injury,OTHER (VEHICLE) - EXPLAIN IN NARRATIVE,811 E 7TH ST ALY & WOODLAWN,39.16864,-86.523392
2014,11,7,Weekend,1700,2-Car,No injury,FAILURE TO YIELD RIGHT OF WAY,E 7TH,39.16863635,-86.51915565
2014,4,4,Weekday,1400,2-Car,No injury,UNSAFE BACKING,E 7TH ST,39.16862958,-86.52294205
2014,6,4,Weekday,1400,2-Car,No injury,UNSAFE BACKING,E 7TH ST,39.16862958,-86.52294205
2014,3,4,Weekday,1400,2-Car,No injury,UNSAFE BACKING,E 7TH ST,39.16861781,-86.52243407
2014,9,6,Weekday,800,3+ Cars,No injury,ANIMAL/OBJECT IN ROADWAY,N PINE & W 7TH ST,39.168608,-86.548384
2014,2,7,Weekend,1600,2-Car,No injury,FAILURE TO YIELD RIGHT OF WAY,ROGERS ST & SEVENTH,39.16858993,-86.53867028
2014,12,2,Weekday,1900,2-Car,No injury,UNSAFE BACKING,EAST 7TH,39.16858267,-86.52091725
2014,2,2,Weekday,1100,1-Car,No injury,OTHER (DRIVER) - EXPLAIN IN NARRATIVE,N ADAMS ST & W 7TH,39.168576,-86.5496
2014,8,7,Weekend,1800,3+ Cars,No injury,CELL PHONE USAGE,NORTH COLLEGE AVE & SEVENTH,39.16855976,-86.5348602
2014,5,6,Weekday,1600,2-Car,No injury,UNSAFE BACKING,E 7TH ST,39.16854879,-86.5194549
2014,12,2,Weekday,1200,2-Car,No injury,LEFT OF CENTER,NORTH JACOBS,39.16852154,-86.57362014
2014,10,2,Weekday,800,2-Car,No injury,UNSAFE BACKING,N JACOB,39.16852154,-86.57362014
2014,9,3,Weekday,1700,2-Car,No injury,UNSAFE BACKING,INDIANA & SEVENTH ST,39.16851475,-86.52695381
2014,2,3,Weekday,1600,2-Car,No injury,PEDESTRIAN ACTION,7TH ST & DUNN,39.16851014,-86.52824125
2014,5,1,Weekend,1400,2-Car,No injury,FAILURE TO YIELD RIGHT OF WAY,7TH ST & DUNN,39.16851014,-86.5282499
2014,8,6,Weekday,1200,2-Car,No injury,IMPROPER TURNING,7TH ST & DUNN,39.16851014,-86.52823692
2014,10,6,Weekday,1600,Bus,No injury,IMPROPER TURNING,SEVENTH & WOODLAWN AVE,39.16849361,-86.5234778
2014,10,7,Weekend,1900,Bus,functional,IMPROPER PASSING,SEVENTH & WOODLAWN,39.16849361,-86.5234778
2014,1,6,Weekend,1900,2-Car,No injury,OTHER (DRIVER) - EXPLAIN IN NARRATIVE,7TH & COLLEGE AVE,39.16849121,-86.534784
2014,10,4,Weekday,1000,2-Car,No injury,WRONG WAY ON ONE WAY,900 E 7TH ST & FORREST,39.1684804,-86.52110363
2014,9,3,Weekday,1100,2-Car,No injury,UNSAFE BACKING,900 E 7TH (PAYLOT 1) ST & FORREST,39.1684804,-86.52109931
2014,4,6,Weekend,2200,1-Car,No injury,LEFT OF CENTER,7TH ST & FORREST,39.16846991,-86.52236701
2014,8,2,Weekday,600,2-Car,No injury,FAILURE TO YIELD RIGHT OF WAY,7TH & NORTH FORREST AVE,39.16846991,-86.52234971
2014,7,4,Weekday,1500,2-Car,No injury,UNSAFE BACKING,JACOB DR,39.16846848,-86.5732727
2014,2,3,Weekday,900,2-Car,No injury,UNSAFE BACKING,E SEVENTH ST,39.1684337,-86.52330391
2014,2,5,Weekday,1200,2-Car,No injury,OTHER (DRIVER) - EXPLAIN IN NARRATIVE,E SEVENTH ST,39.1684337,-86.52330391
2014,10,6,Weekday,1000,1-Car,No injury,OVERCORRECTING/OVERSTEERING,BRAESIDE & PETE ELLIS DR,39.16838961,-86.49528504
2014,4,3,Weekday,1400,2-Car,No injury,FOLLOWING TOO CLOSELY,7TH & WALNUT ST,39.16836537,-86.53357243
2014,1,7,Weekend,2100,2-Car,No injury,LEFT OF CENTER,N CURRY & W JONATHAN DR,39.16835994,-86.58303165
2014,10,3,Weekday,1700,2-Car,No injury,DISREGARD SIGNAL/REG SIGN,CURRY PIKE & JONATHAN,39.16835994,-86.58297971
2014,4,1,Weekend,400,1-Car,No injury,RAN OFF ROAD RIGHT,FRANKLIN RD,39.16832733,-86.57041931
2014,1,5,Weekday,1400,2-Car,No injury,IMPROPER TURNING,BRAESIDE DR,39.16829333,-86.49450438
2014,9,5,Weekday,900,Bus,No injury,IMPROPER PASSING,7TH & JORDAN AVE,39.16826022,-86.51609645
2014,9,7,Weekend,2100,2-Car,No injury,UNSAFE BACKING,SEVENTH ST & UNION,39.16825999,-86.50943682
2014,1,3,Weekday,1400,1-Car,No injury,SPEED TOO FAST FOR WEATHER CONDITIONS,E BRAESIDE DR,39.16819967,-86.49439707
2014,1,5,Weekday,1600,1-Car,No injury,ROADWAY SURFACE CONDITION,BRAESIDE & PETE ELLIS DR,39.168192,-86.49504
2014,1,5,Weekday,200,1-Car,functional,RAN OFF ROAD RIGHT,BRAESIDE & PETE ELLIS DR,39.168192,-86.49504
2014,12,1,Weekend,400,3+ Cars,No injury,DRIVER ASLEEP OR FATIGUED,E BRAESIDE,39.168192,-86.49504
2014,12,3,Weekday,2300,Pedestrian,non-funcitonal,PEDESTRIAN ACTION,S ROGERS & W CHEROKEE,39.16810935,-86.53883994
2014,12,4,Weekday,1600,2-Car,No injury,UNSAFE BACKING,E 7TH & N FORREST,39.16810441,-86.52246745
2014,3,3,Weekday,800,1-Car,No injury,DRIVER ASLEEP OR FATIGUED,DANIELS WAY WAY,39.16809082,-86.60018157
2014,1,7,Weekend,1000,2-Car,No injury,UNSAFE BACKING,N GATES DR,39.16803807,-86.57621853
2014,1,1,Weekend,1200,2-Car,No injury,DRIVER DISTRACTED - EXPLAIN IN NARRATIVE,N GATES DR,39.16803807,-86.57621853
2014,5,5,Weekday,1500,Cyclist,functional,DRIVER DISTRACTED - EXPLAIN IN NARRATIVE,MORTON ST,39.16797257,-86.536
2014,6,7,Weekend,1600,2-Car,No injury,OTHER (DRIVER) - EXPLAIN IN NARRATIVE,N GATES DR,39.16792542,-86.57614074
2014,4,6,Weekday,900,2-Car,No injury,OTHER (DRIVER) - EXPLAIN IN NARRATIVE,E BRAESIDE DR,39.16791287,-86.49140341
2014,1,7,Weekend,2200,1-Car,No injury,RAN OFF ROAD RIGHT,HARBSION LANE & HARTSTRAIT RD RDS,39.16790195,-86.61216013
2014,8,6,Weekend,2000,2-Car,No injury,UNSAFE BACKING,FRANKLIN RD,39.16789246,-86.57160186
2014,4,1,Weekend,900,2-Car,No injury,IMPROPER TURNING,GRANT & SIXTH ST,39.16782592,-86.5292404
2014,11,2,Weekday,1500,Cyclist,functional,PEDESTRIAN ACTION,E 6TH & INDIANA,39.167744,-86.526928
2014,10,2,Weekday,900,2-Car,No injury,FOLLOWING TOO CLOSELY,6TH ST & ADAMS,39.167728,-86.5496
2014,11,6,Weekend,2200,2-Car,No injury,FAILURE TO YIELD RIGHT OF WAY,S FRANKLIN & W HOLIDAY,39.16772023,-86.57104991
2014,5,4,Weekday,1200,2-Car,No injury,UNSAFE BACKING,E 6TH ST,39.16771592,-86.52933159
2014,1,7,Weekend,700,2-Car,No injury,IMPROPER LANE USAGE,6TH & ELM ST,39.167712,-86.5452
2014,9,3,Weekday,1700,1-Car,No injury,RAN OFF ROAD RIGHT,6TH ST & ELM,39.167712,-86.5452
2014,1,4,Weekday,1700,2-Car,No injury,SPEED TOO FAST FOR WEATHER CONDITIONS,E 6TH ST,39.167712,-86.529696
2014,3,3,Weekday,1900,2-Car,No injury,FAILURE TO YIELD RIGHT OF WAY,E 6TH ST & GRANT,39.167712,-86.529696
2014,8,6,Weekday,200,1-Car,No injury,RAN OFF ROAD RIGHT,6TH & GRANT,39.167712,-86.529696
2014,3,5,Weekday,300,2-Car,No injury,IMPROPER LANE USAGE,N ROGERS & W 6TH ST,39.16768,-86.538592
2014,11,6,Weekday,1300,2-Car,No injury,FAILURE TO YIELD RIGHT OF WAY,N ROGERS & W 6TH,39.16768,-86.538592
2014,8,1,Weekend,1400,2-Car,No injury,OTHER (DRIVER) - EXPLAIN IN NARRATIVE,E 7TH ST,39.16767543,-86.50108343
2014,12,5,Weekday,1300,Cyclist,functional,IMPROPER PASSING,6TH & MADISON,39.167664,-86.537296
2014,8,1,Weekend,1400,2-Car,No injury,UNSAFE LANE MOVEMENT,NORTH MORTON & WEST 6TH ST,39.167664,-86.536
2014,10,2,Weekday,1600,2-Car,functional,DRIVER DISTRACTED - EXPLAIN IN NARRATIVE,E 6TH & N WASHINGTON,39.167664,-86.5324
2014,6,2,Weekday,1800,2-Car,No injury,UNSAFE BACKING,E 7TH ST,39.16766041,-86.50054269
2014,7,3,Weekday,1000,2-Car,No injury,UNSAFE BACKING,6TH ST & WASHINGTON,39.16765923,-86.53275278
2014,7,4,Weekday,1200,2-Car,No injury,OTHER (DRIVER) - EXPLAIN IN NARRATIVE,E 7TH ST,39.16765649,-86.50040163
2014,6,2,Weekday,1700,2-Car,No injury,UNSAFE BACKING,E 6TH ST,39.16764996,-86.53343902
2014,3,7,Weekend,1800,Bus,No injury,UNSAFE BACKING,6TH ST & COLLEGE,39.16764939,-86.53488983
2014,4,5,Weekday,1100,2-Car,No injury,IMPROPER TURNING,N COLLEGE AVE & W 6TH,39.167648,-86.534784
2014,5,4,Weekday,1300,2-Car,functional,DISREGARD SIGNAL/REG SIGN,6TH & COLLEGE AVE,39.167648,-86.534784
2014,7,4,Weekday,1100,2-Car,non-funcitonal,IMPROPER TURNING,6TH & COLLEGE AVE,39.167648,-86.534784
2014,8,6,Weekday,1500,2-Car,No injury,FOLLOWING TOO CLOSELY,S COLLEGE AVE & W 6TH,39.167648,-86.534784
2014,9,3,Weekday,800,2-Car,No injury,UNSAFE BACKING,COLLEGE & W 6TH ST,39.167648,-86.534784
2014,12,6,Weekday,1300,2-Car,No injury,UNSAFE BACKING,6TH & COLLEGE,39.167648,-86.534784
2014,12,4,Weekday,300,1-Car,No injury,RAN OFF ROAD RIGHT,6TH & COLLEGE,39.167648,-86.534784
2014,4,7,Weekend,1200,1-Car,No injury,UNSAFE BACKING,E 6TH ST & WALNUT,39.167648,-86.533584
2014,8,7,Weekend,100,2-Car,No injury,UNSAFE BACKING,E 6TH ST & WALNUT,39.167648,-86.533584
2014,8,3,Weekday,1100,2-Car,No injury,UNSAFE LANE MOVEMENT,EAST 6TH & NORTH WALNUT ST,39.167648,-86.533584
2014,10,5,Weekday,1400,2-Car,No injury,UNSAFE BACKING,SIXTH ST & WALNUT,39.167648,-86.533584
2014,2,1,Weekend,1800,2-Car,No injury,FOLLOWING TOO CLOSELY,E 7TH & SR46N,39.167648,-86.500096
2014,5,3,Weekday,1500,2-Car,functional,FOLLOWING TOO CLOSELY,E 7TH & SR46S,39.167648,-86.500096
2014,8,1,Weekend,1100,3+ Cars,No injury,FOLLOWING TOO CLOSELY,7TH & SR46E,39.167648,-86.500096
2014,10,6,Weekday,1400,3+ Cars,non-funcitonal,FOLLOWING TOO CLOSELY,7TH & SR46E,39.167648,-86.500096
2014,11,7,Weekend,1300,3+ Cars,No injury,FAILURE TO YIELD RIGHT OF WAY,7TH & STATE  46,39.167648,-86.500096
2014,5,3,Weekday,1600,1-Car,No injury,OTHER (DRIVER) - EXPLAIN IN NARRATIVE,N JORDAN AVE,39.1676,-86.516168
2014,5,4,Weekday,1400,1-Car,No injury,OTHER (DRIVER) - EXPLAIN IN NARRATIVE,N JORDAN AVE,39.1676,-86.516168
2014,2,4,Weekday,900,2-Car,No injury,FAILURE TO YIELD RIGHT OF WAY,N JORDAN AVE,39.16756058,-86.51656342
2014,2,4,Weekday,1200,2-Car,No injury,FOLLOWING TOO CLOSELY,N JORDAN AVE,39.16756058,-86.51656342
2014,1,2,Weekday,1600,2-Car,No injury,UNSAFE BACKING,N JORDAN AVE,39.16756058,-86.51656341
2014,9,4,Weekday,200,3+ Cars,No injury,UNSAFE LANE MOVEMENT,6TH ST & DUNN,39.16752979,-86.52825996
2014,4,2,Weekday,900,3+ Cars,No injury,UNSAFE LANE MOVEMENT,6TH & COLLEGE AVE,39.16748322,-86.53478662
2014,4,6,Weekday,1700,3+ Cars,No injury,UNSAFE SPEED,PROFILE & SR48W,39.16744995,-86.59239629
2014,1,2,Weekday,900,2-Car,No injury,FOLLOWING TOO CLOSELY,PROFILE & SR48W,39.16744995,-86.59239196
2014,9,7,Weekend,1800,2-Car,No injury,DRIVER DISTRACTED - EXPLAIN IN NARRATIVE,PROFILE & SR48W,39.16744995,-86.59239196
2014,2,5,Weekday,1000,2-Car,No injury,FAILURE TO YIELD RIGHT OF WAY,PROFILE & SR48E,39.16744995,-86.59230537
2014,8,7,Weekend,1500,3+ Cars,No injury,FOLLOWING TOO CLOSELY,EAST 7TH & SR46E,39.16739189,-86.49996854
2014,12,6,Weekend,1900,1-Car,No injury,IMPROPER TURNING,NORTH JORDAN,39.16733692,-86.51619253
2014,3,1,Weekend,1200,Bus,No injury,ROADWAY SURFACE CONDITION,JORDAN AVE & UNIVERSITY,39.16718982,-86.51598013
2014,10,4,Weekday,1400,2-Car,No injury,IMPROPER TURNING,DUNN & KIRKWOOD,39.16718928,-86.52820008
2014,9,2,Weekday,1700,2-Car,No injury,FAILURE TO YIELD RIGHT OF WAY,INDIANA AVE & KIRKWOOD,39.16718917,-86.52691192
2014,5,3,Weekday,1400,1-Car,No injury,UNSAFE BACKING,JOHNSON AVE,39.16708441,-86.564992
2014,5,3,Weekday,1100,2-Car,functional,FOLLOWING TOO CLOSELY,KIRKWOOD & ROGERS ST,39.16694664,-86.53860364
2014,7,3,Weekday,0,2-Car,functional,FAILURE TO YIELD RIGHT OF WAY,LONGVIEW & PETE ELLIS DR,39.166944,-86.495056
2014,10,7,Weekend,1100,2-Car,No injury,FAILURE TO YIELD RIGHT OF WAY,LONGVIEW & PETE ELLIS,39.166944,-86.495056
2014,8,2,Weekday,1400,Moped/Motorcycle,non-funcitonal,FAILURE TO YIELD RIGHT OF WAY,LONGVIEW & PETE ELLIS DR,39.166944,-86.495056
2014,10,5,Weekday,1700,2-Car,No injury,DISREGARD SIGNAL/REG SIGN,LONGVIEW & PETE ELLIS,39.166944,-86.495056
2014,3,6,Weekday,1500,2-Car,No injury,FAILURE TO YIELD RIGHT OF WAY,DUNN ST & KIRKWOOD,39.16691464,-86.52819604
2014,3,3,Weekday,2100,2-Car,No injury,UNSAFE BACKING,N UNION ST,39.1669022,-86.50929665
2014,10,6,Weekday,1300,3+ Cars,functional,FOLLOWING TOO CLOSELY,7TH & SR46N,39.16687968,-86.49971363
2014,5,1,Weekend,1400,2-Car,No injury,OTHER (DRIVER) - EXPLAIN IN NARRATIVE,EAST KIRKWOOD AVE,39.16687012,-86.53253173
2014,9,7,Weekend,0,1-Car,No injury,UNSAFE SPEED,WEST KIRKWOOD AVE,39.166862,-86.552734
2014,8,6,Weekday,1400,1-Car,No injury,VIEW OBSTRUCTED,EAST KIRKWOOD AVE & N FORREST,39.16684985,-86.5215266
2014,3,6,Weekday,1000,2-Car,No injury,IMPROPER TURNING,800 N UNION (PARKING LOT) ST & UNION,39.166848,-86.509296
2014,4,7,Weekend,400,3+ Cars,No injury,IMPROPER LANE USAGE,UNION & UNION ST,39.166848,-86.509296
2014,4,3,Weekday,1500,2-Car,functional,DISREGARD SIGNAL/REG SIGN,E 5TH & N JEFFERSON ST,39.166848,-86.506992
2014,10,4,Weekday,1000,2-Car,No injury,FAILURE TO YIELD RIGHT OF WAY,FORREST & KIRKWOOD,39.16684656,-86.52156857
2014,5,5,Weekday,1100,2-Car,No injury,UNSAFE LANE MOVEMENT,DUNN ST & KIRKWOOD,39.16684598,-86.52819503
2014,8,6,Weekday,1400,2-Car,No injury,UNSAFE BACKING,KIRKWOOD AVE & RITTER,39.166832,-86.550992
2014,1,5,Weekday,1000,2-Car,No injury,UNSAFE BACKING,EAST KIRKWOOD AVE,39.16681671,-86.52758789
2014,7,4,Weekday,900,2-Car,No injury,IMPROPER LANE USAGE,ADAMS ST & KIRKWOOD,39.166816,-86.549488
2014,9,7,Weekend,2000,1-Car,No injury,RAN OFF ROAD RIGHT,ADAMS ST & KIRKWOOD,39.166816,-86.549488
2014,4,1,Weekday,2300,2-Car,No injury,UNSAFE BACKING,N PARK RIDGE RD,39.1668,-86.475248
2014,2,6,Weekday,1300,2-Car,No injury,UNSAFE BACKING,E KIRKWOOD AVE,39.16678078,-86.52203053
2014,1,2,Weekday,1900,2-Car,functional,FAILURE TO YIELD RIGHT OF WAY,ELM & WEST KIRKWOOD AVE,39.166768,-86.5452
2014,4,5,Weekday,1300,2-Car,No injury,FAILURE TO YIELD RIGHT OF WAY,ELM & KIRKWOOD AVE,39.166768,-86.5452
2014,11,7,Weekend,200,1-Car,No injury,IMPROPER LANE USAGE,ELM & KIRKWOOD,39.166768,-86.5452
2014,1,3,Weekday,1400,2-Car,No injury,IMPROPER LANE USAGE,KIRKWOOD AVE & WALDRON,39.16674129,-86.54386453
2014,12,6,Weekday,1800,2-Car,No injury,FOLLOWING TOO CLOSELY,SR46 & SR46E,39.16673556,-86.46073617