Year,Month,Day,Weekend?,Hour,Collision Type,Injury Type,Primary Factor,Reported_Location,Latitude,Longitude
2014,3,1,Weekend,1600,2-Car,No injury,UNSAFE LANE MOVEMENT,KIRKWOOD AVE & WALDRON,39.16672662,-86.54271802
2014,10,5,Weekday,1700,1-Car,No injury,OTHER (DRIVER) - EXPLAIN IN NARRATIVE,KIRKWOOD & MAPLE,39.16672225,-86.54230767
2014,5,4,Weekday,1500,2-Car,functional,FAILURE TO YIELD RIGHT OF WAY,MAPLE & W KIRKWOOD AVE,39.16672,-86.542096
2014,11,7,Weekend,1500,2-Car,No injury,DISREGARD SIGNAL/REG SIGN,KIRKWOOD & MAPLE,39.16672,-86.542096
2014,1,5,Weekday,1700,2-Car,No injury,LEFT OF CENTER,N DANIELS WAY,39.16671172,-86.59908838
2014,4,5,Weekday,1300,2-Car,No injury,OTHER (DRIVER) - EXPLAIN IN NARRATIVE,DANIELS WAY,39.16671172,-86.59908838
2014,8,6,Weekday,1600,2-Car,No injury,UNSAFE BACKING,N DANIELS WAY,39.16671172,-86.59908838
2014,9,5,Weekday,1600,2-Car,No injury,UNSAFE LANE MOVEMENT,DANIELS WAY,39.16671172,-86.59908838
2014,10,5,Weekday,1400,1-Car,No injury,BRAKE FAILURE OR DEFECTIVE,N CURRY PIKE,39.166704,-86.58298726
2014,4,6,Weekend,2000,2-Car,No injury,FAILURE TO YIELD RIGHT OF WAY,FAIRVIEW & KIRKWOOD AVE,39.166704,-86.5408
2014,1,6,Weekday,1500,2-Car,No injury,FAILURE TO YIELD RIGHT OF WAY,FAIRVIEW & KIRKWOOD AVE,39.16669262,-86.54009451
2014,10,1,Weekend,1400,2-Car,No injury,FAILURE TO YIELD RIGHT OF WAY,KIRKWOOD & ROGERS,39.16667553,-86.53887258
2014,2,4,Weekday,900,2-Car,No injury,IMPROPER LANE USAGE,KIRKWOOD & ROGERS ST,39.166672,-86.538608
2014,8,5,Weekday,900,2-Car,functional,IMPROPER LANE USAGE,N ROGERS & W KIRKWOOD AVE,39.166672,-86.538608
2014,9,5,Weekday,1400,2-Car,No injury,FAILURE TO YIELD RIGHT OF WAY,N ROGERS & W KIRKWOOD AVE,39.166672,-86.538608
2014,9,6,Weekday,1000,2-Car,functional,FOLLOWING TOO CLOSELY,S ROGERS & W KIRKWOOD AVE,39.166672,-86.538608
2014,9,5,Weekday,1600,2-Car,No injury,FAILURE TO YIELD RIGHT OF WAY,N ELM & W KIRKWOOD AVE,39.16666376,-86.54527512
2014,8,2,Weekday,900,2-Car,No injury,FAILURE TO YIELD RIGHT OF WAY,S ELM & W KIRKWOOD AVE,39.16666009,-86.54527992
2014,5,5,Weekday,1300,2-Car,No injury,FAILURE TO YIELD RIGHT OF WAY,KIRKWOOD AVE & MADISON,39.166656,-86.537296
2014,7,6,Weekday,800,2-Car,functional,FAILURE TO YIELD RIGHT OF WAY,KIRKWOOD & MADISON ST,39.166656,-86.537296
2014,9,3,Weekday,900,2-Car,No injury,FAILURE TO YIELD RIGHT OF WAY,S MADISON & W KIRKWOOD AVE,39.166656,-86.537296
2014,12,3,Weekday,1700,2-Car,No injury,FAILURE TO YIELD RIGHT OF WAY,KIRKWOOD & MADISON,39.166656,-86.537296
2014,10,3,Weekday,1300,2-Car,No injury,UNSAFE BACKING,W KIRKWOOD,39.16664229,-86.53626743
2014,7,7,Weekend,400,1-Car,No injury,OTHER (DRIVER) - EXPLAIN IN NARRATIVE,DUNN & KIRKWOOD AVE,39.16664,-86.52854482
2014,3,1,Weekend,300,2-Car,No injury,FOLLOWING TOO CLOSELY,KIRKWOOD ST & WALNUT,39.16664,-86.53374113
2014,12,5,Weekday,1500,2-Car,No injury,OTHER (DRIVER) - EXPLAIN IN NARRATIVE,100 BLK E KIRKWOOD & WASHINGTON,39.16664,-86.53257641
2014,8,2,Weekday,1300,Bus,functional,FOLLOWING TOO CLOSELY,DUNN & KIRKWOOD AVE,39.16664,-86.52836841
2014,8,7,Weekend,1100,2-Car,No injury,FAILURE TO YIELD RIGHT OF WAY,GRAND & N CURRY PIKE,39.16664,-86.582992
2014,1,2,Weekday,100,2-Car,No injury,UNSAFE BACKING,COLLEGE AVE & KIRKWOOD,39.16664,-86.5348
2014,2,6,Weekday,1800,2-Car,No injury,OTHER (DRIVER) - EXPLAIN IN NARRATIVE,COLLEGE & KIRKWOOD AVE,39.16664,-86.5348
2014,2,7,Weekend,2000,Pedestrian,functional,FAILURE TO YIELD RIGHT OF WAY,N COLLEGE & W KIRKWOOD AVE,39.16664,-86.5348
2014,2,3,Weekday,1300,2-Car,No injury,UNSAFE BACKING,COLLEGE & KIRKWOOD AVE,39.16664,-86.5348
2014,3,7,Weekend,700,2-Car,No injury,DISREGARD SIGNAL/REG SIGN,COLLEGE & KIRKWOOD AVE,39.16664,-86.5348
2014,3,6,Weekday,200,2-Car,functional,DISREGARD SIGNAL/REG SIGN,COLLEGE AVE & KIRKWOOD,39.16664,-86.5348
2014,7,3,Weekday,1300,2-Car,No injury,FOLLOWING TOO CLOSELY,COLLEGE AVE & KIRKWOOD,39.16664,-86.5348
2014,10,4,Weekday,1000,Pedestrian,functional,FAILURE TO YIELD RIGHT OF WAY,COLLEGE & KIRKWOOD,39.16664,-86.5348
2014,8,7,Weekend,1300,2-Car,No injury,UNSAFE BACKING,COLLEGE AVE & KIRKWOOD,39.16664,-86.5348
2014,8,6,Weekday,1700,Bus,No injury,IMPROPER TURNING,S COLLEGE & W KIRKWOOD AVE,39.16664,-86.5348
2014,10,5,Weekday,1000,Bus,No injury,UNSAFE BACKING,COLLEGE AVE & KIRKWOOD,39.16664,-86.5348
2014,12,2,Weekday,900,2-Car,No injury,UNSAFE BACKING,COLLEGE & WEST KIRKWOOD,39.16664,-86.5348
2014,4,4,Weekday,1700,2-Car,functional,FOLLOWING TOO CLOSELY,KIRKWOOD & NORTH WALNUT ST,39.16664,-86.5336
2014,4,6,Weekday,1100,2-Car,No injury,DISREGARD SIGNAL/REG SIGN,KIRKWOOD & WALNUT ST,39.16664,-86.5336
2014,4,4,Weekday,2300,2-Car,No injury,DISREGARD SIGNAL/REG SIGN,KIRKWOOD & WALNUT ST,39.16664,-86.5336
2014,5,7,Weekend,2000,2-Car,No injury,UNSAFE BACKING,N WALNUT & W KIRKWOOD AVE,39.16664,-86.5336
2014,5,1,Weekend,900,3+ Cars,functional,FOLLOWING TOO CLOSELY,KIRKWOOD AVE & WALNUT,39.16664,-86.5336
2014,6,5,Weekday,1200,Cyclist,functional,FAILURE TO YIELD RIGHT OF WAY,KIRKWOOD AVE & WALNUT,39.16664,-86.5336
2014,7,4,Weekday,0,2-Car,No injury,OTHER (DRIVER) - EXPLAIN IN NARRATIVE,KIRKWOOD & WALNUT ST,39.16664,-86.5336
2014,7,6,Weekday,1700,2-Car,No injury,FAILURE TO YIELD RIGHT OF WAY,KIRKWOOD & WALNUT ST,39.16664,-86.5336
2014,7,1,Weekend,200,2-Car,functional,OTHER (DRIVER) - EXPLAIN IN NARRATIVE,KIRKWOOD AVE & WALNUT,39.16664,-86.5336
2014,9,2,Weekday,1400,2-Car,No injury,DISREGARD SIGNAL/REG SIGN,KIRKWOOD & WALNUT,39.16664,-86.5336
2014,11,6,Weekday,900,2-Car,functional,FAILURE TO YIELD RIGHT OF WAY,KIRKWOOD & WALNUT,39.16664,-86.5336
2014,2,7,Weekend,2000,2-Car,No injury,OTHER (DRIVER) - EXPLAIN IN NARRATIVE,KIRKWOOD & WASHINGTON ST,39.16664,-86.5324
2014,1,6,Weekend,2300,Pedestrian,functional,FAILURE TO YIELD RIGHT OF WAY,KIRKWOOD & S LINCOLN,39.16664,-86.530992
2014,9,2,Weekday,1100,2-Car,No injury,DISREGARD SIGNAL/REG SIGN,E KIRKWOOD AVE & LINCOLN,39.16664,-86.530992
2014,9,3,Weekday,1100,2-Car,No injury,DISREGARD SIGNAL/REG SIGN,E KIRKWOOD AVE & LINCOLN,39.16664,-86.530992
2014,2,6,Weekday,1500,2-Car,No injury,DRIVER DISTRACTED - EXPLAIN IN NARRATIVE,E KIRKWOOD AVE,39.16664,-86.53096555
2014,7,1,Weekend,1400,2-Car,No injury,UNSAFE BACKING,E KIRKWOOD AVE,39.16664,-86.53096555
2014,4,1,Weekend,1200,2-Car,functional,OTHER (DRIVER) - EXPLAIN IN NARRATIVE,GRANT & KIRKWOOD AVE,39.16664,-86.529696
2014,3,6,Weekday,1300,2-Car,No injury,IMPROPER TURNING,E KIRKWOOD AVE,39.16664,-86.52923559
2014,3,6,Weekday,1700,Cyclist,No injury,FAILURE TO YIELD RIGHT OF WAY,DUNN & KIRKWOOD AVE,39.16664,-86.528192
2014,4,5,Weekday,1300,Pedestrian,functional,PEDESTRIAN ACTION,DUNN ST & KIRKWOOD,39.16664,-86.528192
2014,4,7,Weekend,2300,2-Car,No injury,UNSAFE BACKING,DUNN & KIRKWOOD AVE,39.16664,-86.528192
2014,8,7,Weekend,1300,2-Car,No injury,UNSAFE BACKING,S DUNN ST,39.16664,-86.528192
2014,9,2,Weekday,1900,2-Car,No injury,OTHER (DRIVER) - EXPLAIN IN NARRATIVE,DUNN ST & KIRKWOOD,39.16664,-86.528192
2014,10,5,Weekday,1200,2-Car,No injury,IMPROPER LANE USAGE,S DUNN ST,39.16664,-86.528192
2014,7,6,Weekday,1700,2-Car,No injury,IMPROPER TURNING,E KIRKWOOD AVE,39.16664,-86.52798041
2014,4,4,Weekday,1700,2-Car,No injury,UNSAFE BACKING,N INDIANA AVE,39.16664,-86.526896
2014,7,4,Weekday,1700,2-Car,No injury,UNSAFE BACKING,N INDIANA AVE,39.16664,-86.526896
2014,8,6,Weekday,1600,Cyclist,functional,DISREGARD SIGNAL/REG SIGN,INDIANA AVE & KIRKWOOD,39.16664,-86.526896
2014,9,5,Weekday,1800,2-Car,No injury,FOLLOWING TOO CLOSELY,KERR CREEK & SR46E,39.16664,-86.462496
2014,12,4,Weekday,1500,2-Car,No injury,FOLLOWING TOO CLOSELY,E KERR CREEK & SR46E,39.16664,-86.462496
2014,4,4,Weekday,1600,Cyclist,functional,IMPROPER LANE USAGE,SOUTH JORDAN AVE,39.1666165,-86.51632212
2014,11,7,Weekend,1300,2-Car,No injury,FAILURE TO YIELD RIGHT OF WAY,KIRKWOOD & MADISON,39.16660979,-86.53741971
2014,6,6,Weekday,1500,2-Car,No injury,FAILURE TO YIELD RIGHT OF WAY,SOUTH ROGERS ST & WEST KIRKWOOD,39.16660979,-86.53868973
2014,4,2,Weekday,1300,2-Car,No injury,UNSAFE BACKING,KIRKWOOD AVE,39.16660376,-86.53088383
2014,10,3,Weekday,1600,2-Car,No injury,FOLLOWING TOO CLOSELY,KERR CREEK & SR46E,39.16660144,-86.4631999
2014,12,6,Weekend,2200,Pedestrian,functional,FAILURE TO YIELD RIGHT OF WAY,COLLEGE & KIRKWOOD,39.16659974,-86.53488033
2014,2,6,Weekday,1500,Bus,No injury,OTHER (ENVIRONMENTAL) - EXPLAIN IN NARR,KIRKWOOD AVE & MORTON,39.16658968,-86.53604977
2014,9,4,Weekday,1800,2-Car,non-funcitonal,DRIVER DISTRACTED - EXPLAIN IN NARRATIVE,KIRKWOOD AVE & MORTON,39.16658968,-86.53604544
2014,5,7,Weekend,100,2-Car,No injury,UNSAFE BACKING,KIRKWOOD AVE,39.16658498,-86.52805276
2014,4,5,Weekday,800,Bus,No injury,OTHER (DRIVER) - EXPLAIN IN NARRATIVE,KIRKWOOD & S WALNUT ST,39.16658029,-86.53361029
2014,2,2,Weekday,1100,2-Car,No injury,UNSAFE BACKING,S KINGSTON DR,39.16655822,-86.492816
2014,10,1,Weekday,1900,2-Car,No injury,UNSAFE BACKING,KINGSTON,39.16655822,-86.492816
2014,2,2,Weekday,1400,2-Car,No injury,IMPROPER PASSING,INDIANA AVE & KIRKWOOD,39.16655366,-86.52692866
2014,10,7,Weekend,1000,1-Car,No injury,IMPROPER TURNING,GRANT ST,39.16647804,-86.52969861
2014,8,2,Weekday,1300,2-Car,No injury,UNSAFE BACKING,SOUTH INDIANA AVE,39.16647804,-86.52688816
2014,1,2,Weekday,800,1-Car,functional,RAN OFF ROAD RIGHT,SR48E & VERNAL,39.16645885,-86.65646929
2014,3,5,Weekday,1000,2-Car,No injury,UNSAFE BACKING,UNION & UNION ST,39.16643602,-86.509296
2014,1,5,Weekday,700,2-Car,No injury,OTHER (DRIVER) - EXPLAIN IN NARRATIVE,INDIANA AVE & KIRKWOOD,39.16643415,-86.52688604
2014,8,6,Weekday,1400,2-Car,No injury,IMPROPER LANE USAGE,INDIANA AVE & KIRKWOOD,39.16643415,-86.52688604
2014,7,4,Weekday,0,1-Car,functional,OTHER (DRIVER) - EXPLAIN IN NARRATIVE,KIRKWOOD & WALNUT ST,39.16643401,-86.5336
2014,10,3,Weekday,1600,1-Car,No injury,RAN OFF ROAD RIGHT,E MORNINGSIDE & N SMITH RD,39.166432,-86.4812
2014,6,1,Weekday,1900,2-Car,No injury,OTHER (VEHICLE) - EXPLAIN IN NARRATIVE,E MORNINGSIDE DR,39.166416,-86.482592
2014,7,3,Weekday,1600,2-Car,No injury,DRIVER DISTRACTED - EXPLAIN IN NARRATIVE,LORI LANE & SR46E,39.16637966,-86.46634172
2014,1,6,Weekday,300,1-Car,No injury,OTHER (DRIVER) - EXPLAIN IN NARRATIVE,KIRKWOOD AVE,39.16635132,-86.54004669
2014,9,7,Weekend,1400,2-Car,No injury,LEFT OF CENTER,KINGS & SR46E,39.1662982,-86.45443961
2014,12,4,Weekday,1200,2-Car,No injury,UNSAFE BACKING,N SMITH,39.16627701,-86.4812
2014,4,3,Weekday,700,2-Car,No injury,FAILURE TO YIELD RIGHT OF WAY,S ADAMS ST,39.16621786,-86.54973883
2014,1,1,Weekend,900,1-Car,No injury,SPEED TOO FAST FOR WEATHER CONDITIONS,ALLEN & PATTERSON DR,39.16620219,-86.54330983
2014,7,3,Weekday,1200,2-Car,functional,FAILURE TO YIELD RIGHT OF WAY,LANDMARK AVE & WEST ARCH HAVEN,39.16619682,-86.55405007
2014,10,6,Weekend,2000,Pedestrian,functional,UNSAFE BACKING,KIMBLE & MARLENE,39.166144,-86.568
2014,10,4,Weekday,1000,1-Car,No injury,ANIMAL/OBJECT IN ROADWAY,KINGS & SR46E,39.1661273,-86.45416341
2014,4,2,Weekday,1100,2-Car,No injury,UNSAFE LANE MOVEMENT,3RD & SR37N,39.16612236,-86.57302593
2014,3,1,Weekend,1100,2-Car,No injury,SPEED TOO FAST FOR WEATHER CONDITIONS,SR37S & VERNAL,39.16604076,-86.57303249
2014,1,6,Weekday,1000,2-Car,No injury,FOLLOWING TOO CLOSELY,JORDAN AVE & THIRD,39.16602635,-86.5164198
2014,8,2,Weekday,1200,2-Car,No injury,IMPROPER TURNING,S DUNN ST,39.16597192,-86.52815967
2014,1,4,Weekday,2200,1-Car,No injury,RAN OFF ROAD RIGHT,BEAUMONT & N JOHNSON AVE,39.165968,-86.564992
2014,10,5,Weekday,1100,2-Car,No injury,FAILURE TO YIELD RIGHT OF WAY,BROADWAY & CURRY,39.16584,-86.582992
2014,8,3,Weekday,1900,1-Car,No injury,ANIMAL/OBJECT IN ROADWAY,KINGS & SR46E,39.16578549,-86.45361103
2014,1,7,Weekend,700,1-Car,No injury,ANIMAL/OBJECT IN ROADWAY,NORTH LOWER BIRDIE GALYAN & SR46E,39.16574097,-86.41192626
2014,6,5,Weekday,1600,2-Car,No injury,FOLLOWING TOO CLOSELY,LOWER BIRDIE GALYAN & SR46E,39.16574097,-86.41192626
2014,12,1,Weekend,300,1-Car,No injury,ANIMAL/OBJECT IN ROADWAY,BROADWAY & PROFILE,39.16571997,-86.59259006
2014,1,3,Weekday,1700,2-Car,No injury,FAILURE TO YIELD RIGHT OF WAY,4TH & ROGERS ST,39.165696,-86.538592
2014,9,7,Weekend,700,2-Car,No injury,IMPROPER TURNING,S ROGERS ST & W 4TH,39.165696,-86.538592
2014,3,2,Weekday,1100,2-Car,No injury,IMPROPER LANE USAGE,4TH ST & S MADISON,39.16567129,-86.53659045
2014,3,2,Weekday,900,1-Car,No injury,RAN OFF ROAD RIGHT,N COLLEGE AVE & W 4TH,39.165664,-86.5348
2014,3,6,Weekday,1100,2-Car,No injury,FOLLOWING TOO CLOSELY,4TH ST & COLLEGE,39.165664,-86.5348
2014,5,2,Weekday,700,Cyclist,functional,FAILURE TO YIELD RIGHT OF WAY,4TH & COLLEGE AVE,39.165664,-86.5348
2014,5,3,Weekday,1300,Bus,No injury,FAILURE TO YIELD RIGHT OF WAY,4TH ST & COLLEGE,39.165664,-86.5348
2014,9,7,Weekend,2200,Moped/Motorcycle,functional,IMPROPER TURNING,4TH & COLLEGE AVE,39.165664,-86.5348
2014,11,2,Weekday,1700,3+ Cars,No injury,FOLLOWING TOO CLOSELY,SOUTH COLLEGE & WEST 4TH,39.165664,-86.5348
2014,12,5,Weekday,1600,1-Car,No injury,OTHER (DRIVER) - EXPLAIN IN NARRATIVE,W 4TH,39.16564865,-86.53364898
2014,4,5,Weekday,1500,2-Car,No injury,UNSAFE LANE MOVEMENT,4TH ST & INDIANA,39.165648,-86.52755364
2014,4,4,Weekday,1600,2-Car,No injury,OTHER (DRIVER) - EXPLAIN IN NARRATIVE,4TH ST & DUNN,39.165648,-86.52840861
2014,10,3,Weekday,1600,2-Car,No injury,SPEED TOO FAST FOR WEATHER CONDITIONS,4TH & DUNN,39.165648,-86.52828513
2014,2,6,Weekday,1400,2-Car,No injury,DISREGARD SIGNAL/REG SIGN,4TH & WALNUT ST,39.165648,-86.5336
2014,5,5,Weekday,1000,2-Car,No injury,UNSAFE BACKING,S WALNUT ST,39.165648,-86.5336
2014,6,5,Weekday,1700,Moped/Motorcycle,No injury,OTHER (DRIVER) - EXPLAIN IN NARRATIVE,W 4TH ST,39.165648,-86.5336
2014,6,3,Weekday,1800,2-Car,No injury,UNSAFE BACKING,S WALNUT STREET PIKE,39.165648,-86.5336
2014,6,5,Weekday,1400,2-Car,No injury,DISREGARD SIGNAL/REG SIGN,4TH & WALNUT ST,39.165648,-86.5336
2014,7,3,Weekday,1600,Bus,No injury,IMPROPER TURNING,SOUTH WALNUT STREET PIKE,39.165648,-86.5336
2014,7,5,Weekday,2100,2-Car,No injury,DISREGARD SIGNAL/REG SIGN,4TH & WALNUT ST,39.165648,-86.5336
2014,8,6,Weekday,1300,3+ Cars,No injury,FOLLOWING TOO CLOSELY,4TH & N WALNTUT ST,39.165648,-86.5336
2014,8,6,Weekday,1000,2-Car,No injury,UNSAFE BACKING,WALNUT ST,39.165648,-86.5336
2014,9,1,Weekend,900,Pedestrian,functional,PEDESTRIAN ACTION,WALNUT ST,39.165648,-86.5336
2014,12,7,Weekend,1300,2-Car,No injury,FAILURE TO YIELD RIGHT OF WAY,4TH & WALNUT,39.165648,-86.5336
2014,12,3,Weekday,1700,2-Car,No injury,FAILURE TO YIELD RIGHT OF WAY,S WALNUT & W 4TH,39.165648,-86.5336
2014,3,6,Weekday,1500,3+ Cars,No injury,UNSAFE BACKING,SOUTH WASHINGTON ST,39.165648,-86.5324
2014,5,6,Weekday,1000,Bus,functional,DISREGARD SIGNAL/REG SIGN,4TH ST & WASHINGTON,39.165648,-86.5324
2014,7,7,Weekend,900,Cyclist,functional,LEFT OF CENTER,4TH ST & WASHINGTON,39.165648,-86.5324
2014,7,7,Weekend,2100,2-Car,No injury,IMPROPER TURNING,4TH ST & GRANT,39.165648,-86.529712
2014,1,5,Weekday,1600,2-Car,functional,FOLLOWING TOO CLOSELY,4TH & DUNN ST,39.165648,-86.528144
2014,11,7,Weekend,200,2-Car,No injury,UNSAFE BACKING,E 4TH,39.165648,-86.528144
2014,4,3,Weekday,1600,2-Car,No injury,UNSAFE BACKING,SOUTH INDIANA AVE,39.165648,-86.526848
2014,10,2,Weekday,900,Pedestrian,functional,FAILURE TO YIELD RIGHT OF WAY,4TH & INDIANA AVE,39.165648,-86.526848
2014,3,3,Weekday,1800,2-Car,No injury,UNSAFE SPEED,4TH ST & ROGERS,39.16563012,-86.53869979
2014,11,2,Weekday,1100,2-Car,No injury,FAILURE TO YIELD RIGHT OF WAY,GATES & JACOB,39.16562006,-86.57599993
2014,2,3,Weekday,1400,2-Car,non-funcitonal,FAILURE TO YIELD RIGHT OF WAY,GATES DR & JACOB,39.16562006,-86.57599993
2014,6,3,Weekday,1700,2-Car,functional,FAILURE TO YIELD RIGHT OF WAY,GATES DR & JACOB,39.16562006,-86.57599993
2014,8,7,Weekend,1300,2-Car,No injury,IMPROPER LANE USAGE,FOURTH & SOUTH MADISON ST,39.16561,-86.53742976
2014,3,1,Weekend,500,1-Car,No injury,OTHER (ENVIRONMENTAL) - EXPLAIN IN NARR,E 4TH ST & SO WASHINGTON,39.16557983,-86.53234773
2014,10,4,Weekday,2200,2-Car,No injury,UNSAFE BACKING,S JORDAN,39.165576,-86.516312
2014,1,5,Weekday,1900,2-Car,No injury,FAILURE TO YIELD RIGHT OF WAY,FOURTH & INDIANA AVE,39.16555228,-86.52692005
2014,2,5,Weekday,900,2-Car,No injury,SPEED TOO FAST FOR WEATHER CONDITIONS,FOURTH & INDIANA AVE,39.16555032,-86.52691014
2014,3,6,Weekday,900,2-Car,No injury,UNSAFE LANE MOVEMENT,4TH & INDIANA AVE,39.16551074,-86.52684251
2014,8,2,Weekday,1100,2-Car,No injury,IMPROPER TURNING,E JONES AVE & JORDAN,39.16542246,-86.51535094
2014,11,2,Weekday,1300,2-Car,No injury,ANIMAL/OBJECT IN ROADWAY,JONES & JORDAN,39.16540012,-86.51640996
2014,1,3,Weekday,1600,2-Car,No injury,FOLLOWING TOO CLOSELY,JONES & JORDAN AVE,39.16540012,-86.51640996
2014,2,1,Weekend,900,2-Car,No injury,FAILURE TO YIELD RIGHT OF WAY,4TH & DUNN ST,39.16530485,-86.52813027
2014,1,5,Weekday,1000,2-Car,No injury,IMPROPER TURNING,E THIRD ST,39.16529846,-86.49598693
2014,2,6,Weekday,1200,2-Car,No injury,UNSAFE BACKING,JACOB DR,39.1652565,-86.57450104
2014,2,5,Weekday,1200,2-Car,No injury,OVERCORRECTING/OVERSTEERING,500 S LANDMARK AVE & BLOOMFIELD,39.16523342,-86.55378823
2014,3,1,Weekend,300,2-Car,No injury,LEFT OF CENTER,HILLSDALE & HILLSDALE DR,39.165152,-86.50296
2014,11,6,Weekday,1100,2-Car,No injury,FOLLOWING TOO CLOSELY,CURRY,39.16512266,-86.582896
2014,8,3,Weekday,1600,2-Car,No injury,FOLLOWING TOO CLOSELY,EAST TRAILWAY & SR46E,39.16510298,-86.42990248
2014,10,4,Weekday,1700,2-Car,No injury,FAILURE TO YIELD RIGHT OF WAY,3RD & FRANKLIN RD,39.16509999,-86.5712
2014,9,6,Weekday,1400,1-Car,functional,DRIVER ILLNESS,3RD ST OFF RAMP & SR37S,39.16502602,-86.5730914
2014,10,6,Weekend,2200,2-Car,No injury,OTHER (DRIVER) - EXPLAIN IN NARRATIVE,3RD & INDIANA,39.16499705,-86.52682196
2014,3,6,Weekday,600,1-Car,No injury,ANIMAL/OBJECT IN ROADWAY,SOUTH KIRBY & SR48W,39.16495598,-86.6112221
2014,12,4,Weekday,300,1-Car,No injury,RAN OFF ROAD RIGHT,SR46E & TRAILWAY,39.16495428,-86.43129477
2014,6,2,Weekday,1300,2-Car,No injury,FAILURE TO YIELD RIGHT OF WAY,SR46 & THIRD,39.16494857,-86.49874735
2014,2,3,Weekday,200,1-Car,functional,RAN OFF ROAD RIGHT,HARTSTRAIT RD & SR48W,39.164944,-86.611296
2014,2,6,Weekday,1600,2-Car,No injury,LEFT OF CENTER,600 BLOCK OF HARTSTRAIT RD & SR48,39.164944,-86.611296
2014,2,3,Weekday,1100,2-Car,No injury,UNSAFE BACKING,EAST THIRD ST,39.16493607,-86.49115753
2014,5,3,Weekday,2200,1-Car,No injury,ANIMAL/OBJECT IN ROADWAY,KINGS & SR46E,39.16493097,-86.45223008
2014,4,1,Weekend,1800,1-Car,functional,RAN OFF ROAD RIGHT,KIRBY & SR48,39.16491475,-86.61097062
2014,5,5,Weekday,1700,1-Car,No injury,RAN OFF ROAD RIGHT,GARRISON CHAPEL & SR48W,39.16489325,-86.65277466
2014,7,2,Weekday,1800,2-Car,No injury,IMPROPER TURNING,WEST THIRD ST,39.164875,-86.568306
2014,7,5,Weekday,1700,3+ Cars,No injury,FAILURE TO YIELD RIGHT OF WAY,CURRY & SR48E,39.164848,-86.58324882
2014,1,3,Weekday,1800,1-Car,No injury,ANIMAL/OBJECT IN ROADWAY,SR48W & W FIELDSTONE,39.164848,-86.602112
2014,2,5,Weekday,1100,2-Car,No injury,UNSAFE SPEED,CURRY & SR48W,39.164848,-86.582896
2014,6,6,Weekday,900,2-Car,No injury,OTHER (DRIVER) - EXPLAIN IN NARRATIVE,CURRY PIKE & SR48,39.164848,-86.582896
2014,7,3,Weekday,900,2-Car,No injury,UNSAFE BACKING,WEST 3RD ST,39.164848,-86.581504
2014,5,2,Weekday,1800,2-Car,No injury,UNSAFE BACKING,W 3RD ST,39.164848,-86.581504
2014,11,6,Weekday,1400,2-Car,No injury,FAILURE TO YIELD RIGHT OF WAY,W 3RD,39.164848,-86.581504
2014,12,7,Weekend,1700,2-Car,No injury,UNSAFE BACKING,W 3RD,39.164848,-86.57961274
2014,5,5,Weekday,1600,2-Car,No injury,UNSAFE BACKING,W 3RD ST,39.164848,-86.5768472
2014,2,4,Weekday,700,1-Car,No injury,UNSAFE BACKING,W 3RD ST,39.164848,-86.5761011
2014,9,3,Weekday,1500,2-Car,functional,FAILURE TO YIELD RIGHT OF WAY,W 3RD ST,39.164848,-86.5761011
2014,10,4,Weekday,1200,2-Car,No injury,FAILURE TO YIELD RIGHT OF WAY,WEST 3RD,39.164848,-86.57487674
2014,10,5,Weekday,1200,2-Car,No injury,UNSAFE BACKING,WEST 3RD ST,39.16484767,-86.58010841
2014,6,1,Weekend,1100,1-Car,No injury,OTHER (DRIVER) - EXPLAIN IN NARRATIVE,W 3RD ST,39.16484379,-86.58164716
2014,9,6,Weekday,1600,2-Car,No injury,UNSAFE BACKING,W 3RD ST,39.16484379,-86.58164716
2014,11,3,Weekday,1300,2-Car,No injury,UNSAFE BACKING,W 3RD,39.16484379,-86.58164716
2014,1,2,Weekday,1000,Bus,No injury,IMPROPER TURNING,W 3RD ST,39.16484267,-86.57939467
2014,2,2,Weekday,1100,2-Car,No injury,UNSAFE BACKING,WEST 3RD ST,39.16483984,-86.5804062
2014,6,2,Weekday,1600,Pedestrian,functional,UNSAFE BACKING,W 3RD ST,39.16482122,-86.5789551
2014,1,6,Weekday,1600,2-Car,No injury,DISREGARD SIGNAL/REG SIGN,W 3RD ST,39.164816,-86.573888
2014,5,6,Weekday,1200,2-Car,No injury,BRAKE FAILURE OR DEFECTIVE,W 3RD FROM S BOUND 37 & W 3RD ST,39.1648,-86.573792
2014,7,3,Weekday,1700,2-Car,No injury,INSECURE/LEAKY LOAD,SR37N & W 3RD,39.1648,-86.573792
2014,12,3,Weekday,2100,1-Car,No injury,UNSAFE SPEED,SR37N & W 3RD,39.1648,-86.573792
2014,11,2,Weekday,800,2-Car,No injury,UNSAFE BACKING,DANEILS WAY & STATE ROAD 48 WEST,39.16479997,-86.59909979
2014,12,1,Weekend,1000,1-Car,No injury,UNSAFE SPEED,SR46E & TRAILWAY,39.16478633,-86.43231295
2014,5,5,Weekday,1800,2-Car,No injury,FOLLOWING TOO CLOSELY,3RD ST & SR37N,39.16477652,-86.57345541
2014,6,7,Weekend,1100,2-Car,No injury,UNSAFE BACKING,S CURRY PIKE,39.16476444,-86.582896
2014,2,3,Weekday,900,2-Car,No injury,DISREGARD SIGNAL/REG SIGN,3RD ST & SR37,39.164752,-86.573104