Year,Month,Day,Weekend?,Hour,Collision Type,Injury Type,Primary Factor,Reported_Location,Latitude,Longitude
2014,2,7,Weekend,800,2-Car,No injury,OTHER (ENVIRONMENTAL) - EXPLAIN IN NARR,SR37S & W 48,39.164752,-86.573104
2014,5,2,Weekday,1100,3+ Cars,No injury,DRIVER DISTRACTED - EXPLAIN IN NARRATIVE,SR37N & W 3RD,39.164752,-86.573104
2014,5,4,Weekday,1600,3+ Cars,No injury,FOLLOWING TOO CLOSELY,3RD ST & SR37,39.164752,-86.573104
2014,7,5,Weekday,1000,2-Car,No injury,FAILURE TO YIELD RIGHT OF WAY,3RD & SR 37 N ENT RAMP,39.164752,-86.573104
2014,8,4,Weekday,1500,2-Car,functional,DISREGARD SIGNAL/REG SIGN,3RD ST & SR37N,39.164752,-86.573104
2014,9,6,Weekday,1000,2-Car,No injury,FOLLOWING TOO CLOSELY,SR37N & WEST 3RD,39.164752,-86.573104
2014,9,6,Weekday,1300,Pedestrian,functional,OTHER (DRIVER) - EXPLAIN IN NARRATIVE,3RD & SR37N,39.164752,-86.573104
2014,10,1,Weekend,1200,3+ Cars,No injury,FOLLOWING TOO CLOSELY,3RD & SR37S,39.164752,-86.573104
2014,11,3,Weekday,1400,2-Car,No injury,FAILURE TO YIELD RIGHT OF WAY,STATE HIGHWAY 37 & W 3RD,39.164752,-86.573104
2014,11,2,Weekday,900,2-Car,No injury,ROADWAY SURFACE CONDITION,SR37S & W 3RD,39.164752,-86.573104
2014,12,4,Weekday,1600,2-Car,functional,DISREGARD SIGNAL/REG SIGN,W 3RD,39.164752,-86.573104
2014,2,4,Weekday,1400,1-Car,No injury,OTHER (DRIVER) - EXPLAIN IN NARRATIVE,3RD ST & JACKSON,39.164752,-86.53984
2014,11,3,Weekday,1200,2-Car,No injury,FAILURE TO YIELD RIGHT OF WAY,S STONE CHASE & W STATE ROAD 48,39.16474968,-86.59523003
2014,4,3,Weekday,1100,2-Car,No injury,UNSAFE LANE MOVEMENT,3RD & ROGERS ST,39.16472,-86.538592
2014,9,2,Weekday,1600,2-Car,No injury,FOLLOWING TOO CLOSELY,S ROGERS ST & W 3RD,39.16472,-86.538592
2014,2,6,Weekday,1800,2-Car,No injury,UNSAFE BACKING,EAST 3RD ST,39.16471241,-86.5719261
2014,4,1,Weekend,1500,2-Car,No injury,DISREGARD SIGNAL/REG SIGN,S MADISON & W 3RD ST,39.164704,-86.537296
2014,9,6,Weekday,1400,2-Car,No injury,UNSAFE BACKING,MADISON ST & W 3RD,39.164704,-86.537296
2014,12,6,Weekday,900,2-Car,No injury,UNSAFE BACKING,S MADISON & W 3RD,39.164704,-86.537296
2014,12,7,Weekend,1300,2-Car,No injury,UNSAFE BACKING,W 3RD,39.16469993,-86.57155498
2014,4,6,Weekday,1000,2-Car,functional,IMPROPER LANE USAGE,3RD ST & FRANKLIN,39.16469985,-86.57155249
2014,3,2,Weekday,700,2-Car,functional,FOLLOWING TOO CLOSELY,S CURRY & W WHITEHALL DR,39.16469007,-86.58361673
2014,1,2,Weekday,1600,2-Car,No injury,SPEED TOO FAST FOR WEATHER CONDITIONS,FRANKLIN & W THIRD ST,39.164688,-86.5712
2014,2,3,Weekday,1800,2-Car,No injury,FOLLOWING TOO CLOSELY,SOUTH FRANKLIN & WEST 3RD ST,39.164688,-86.5712
2014,4,6,Weekday,1300,3+ Cars,functional,FOLLOWING TOO CLOSELY,FRANKLIN & W 3RD ST,39.164688,-86.5712
2014,7,5,Weekday,1100,2-Car,functional,FAILURE TO YIELD RIGHT OF WAY,S FRANKLIN & W 3RD ST,39.164688,-86.5712
2014,9,4,Weekday,900,3+ Cars,No injury,DISREGARD SIGNAL/REG SIGN,FRANKLIN & WEST THIRD ST,39.164688,-86.5712
2014,9,4,Weekday,1100,2-Car,No injury,FAILURE TO YIELD RIGHT OF WAY,FRANKLIN & W 3RD ST,39.164688,-86.5712
2014,10,4,Weekday,1800,Moped/Motorcycle,functional,FOLLOWING TOO CLOSELY,SOUTH FRANKLIN & WEST 3RD,39.164688,-86.5712
2014,12,5,Weekday,1100,3+ Cars,functional,OTHER (DRIVER) - EXPLAIN IN NARRATIVE,FRANKLIN & THIRD,39.164688,-86.5712
2014,11,4,Weekday,700,2-Car,No injury,UNSAFE LANE MOVEMENT,3RD & FRANKLIN,39.164688,-86.5712
2014,2,2,Weekday,1600,2-Car,functional,DRIVER DISTRACTED - EXPLAIN IN NARRATIVE,3RD ST & HICKORY,39.16467994,-86.5858885
2014,4,1,Weekend,1000,2-Car,No injury,UNSAFE BACKING,W 3RD ST,39.16467533,-86.570478
2014,5,7,Weekend,1200,Moped/Motorcycle,No injury,UNSAFE BACKING,W 3RD ST,39.16467533,-86.570478
2014,1,5,Weekday,1300,2-Car,functional,IMPROPER TURNING,3RD ST,39.16466933,-86.57021333
2014,12,4,Weekday,1300,2-Car,No injury,BRAKE FAILURE OR DEFECTIVE,EAST 3RD,39.16466933,-86.57021333
2014,5,4,Weekday,1300,2-Car,No injury,IMPROPER TURNING,W THIRD ST,39.1646605,-86.57929301
2014,2,6,Weekday,1800,2-Car,No injury,UNSAFE BACKING,EAST 3RD ST,39.16464,-86.5693217
2014,7,5,Weekday,1500,2-Car,No injury,UNSAFE BACKING,E 3RD ST,39.16464,-86.56913891
2014,7,6,Weekday,1300,2-Car,No injury,WRONG WAY ON ONE WAY,E 3RD ST,39.16464,-86.56913891
2014,9,7,Weekend,1500,2-Car,No injury,UNSAFE BACKING,E 3RD ST,39.16464,-86.56913891
2014,11,6,Weekday,1000,2-Car,No injury,OVERCORRECTING/OVERSTEERING,E 3RD,39.16464,-86.56913891
2014,4,5,Weekday,1100,2-Car,No injury,FOLLOWING TOO CLOSELY,3RD ST & KIMBLE,39.16464,-86.56826461
2014,5,7,Weekend,1200,2-Car,No injury,DRIVER DISTRACTED - EXPLAIN IN NARRATIVE,KIMBLE & W 3RD ST,39.16464,-86.568
2014,6,6,Weekday,1300,2-Car,No injury,FOLLOWING TOO CLOSELY,3RD ST & KIMBLE,39.16464,-86.568
2014,7,3,Weekday,1400,2-Car,functional,FOLLOWING TOO CLOSELY,KIMBLE & W 3RD ST,39.16464,-86.568
2014,12,4,Weekday,1400,3+ Cars,No injury,FOLLOWING TOO CLOSELY,KIMBLE & W 3RD,39.16464,-86.568
2014,4,4,Weekday,1300,1-Car,No injury,ANIMAL/OBJECT IN ROADWAY,3RD ST & JOHNSON,39.16464,-86.564992
2014,10,4,Weekday,1100,2-Car,No injury,UNSAFE BACKING,W 3RD,39.16464,-86.56408294
2014,1,6,Weekday,1000,2-Car,No injury,DISREGARD SIGNAL/REG SIGN,3RD & COLLEGE AVE,39.16464,-86.534816
2014,2,4,Weekday,2000,2-Car,functional,DISREGARD SIGNAL/REG SIGN,E 3RD & S COLLEGE AVE,39.16464,-86.534816
2014,7,7,Weekend,400,2-Car,No injury,UNSAFE SPEED,COLLEGE & SR37N,39.16464,-86.534816
2014,7,7,Weekend,2300,2-Car,No injury,IMPROPER LANE USAGE,3RD & COLLEGE AVE,39.16464,-86.534816
2014,6,1,Weekend,1200,1-Car,No injury,OTHER (DRIVER) - EXPLAIN IN NARRATIVE,3RD ST & COLLEGE,39.16464,-86.534816
2014,7,5,Weekday,900,2-Car,No injury,UNSAFE LANE MOVEMENT,3RD & S COLLEGE AVE,39.16464,-86.534816
2014,7,5,Weekday,1400,2-Car,non-funcitonal,FAILURE TO YIELD RIGHT OF WAY,3RD ST & COLLEGE,39.16464,-86.534816
2014,8,7,Weekend,1500,Moped/Motorcycle,No injury,FAILURE TO YIELD RIGHT OF WAY,3RD ST & COLLEGE,39.16464,-86.534816
2014,10,4,Weekday,1600,2-Car,non-funcitonal,DISREGARD SIGNAL/REG SIGN,COLLEGE & THIRD,39.16464,-86.534816
2014,10,4,Weekday,1000,2-Car,No injury,UNSAFE LANE MOVEMENT,S COLLEGE AVE & W 3RD,39.16464,-86.534816
2014,11,1,Weekend,1100,2-Car,No injury,DISREGARD SIGNAL/REG SIGN,S COLLEGE & W 3RD,39.16464,-86.534816
2014,11,5,Weekday,1200,2-Car,functional,DISREGARD SIGNAL/REG SIGN,3RD & COLLEGE,39.16464,-86.534816
2014,11,6,Weekday,1200,3+ Cars,non-funcitonal,DRIVER DISTRACTED - EXPLAIN IN NARRATIVE,S COLLEGE & W 3RD,39.16464,-86.534816
2014,1,1,Weekend,1200,Cyclist,functional,DISREGARD SIGNAL/REG SIGN,3RD & WALNUT ST,39.16464,-86.5336
2014,2,4,Weekday,1500,1-Car,No injury,OVERCORRECTING/OVERSTEERING,E 3RD ST & S WALNUT,39.16464,-86.5336
2014,3,7,Weekend,300,2-Car,No injury,FOLLOWING TOO CLOSELY,3RD ST & WALNUT,39.16464,-86.5336
2014,3,6,Weekday,900,2-Car,No injury,DISREGARD SIGNAL/REG SIGN,3RD ST & WALNUT,39.16464,-86.5336
2014,5,6,Weekend,2000,2-Car,No injury,OTHER (DRIVER) - EXPLAIN IN NARRATIVE,S WALNUT ST,39.16464,-86.5336
2014,5,5,Weekday,300,2-Car,No injury,UNSAFE BACKING,S WALNUT ST,39.16464,-86.5336
2014,5,7,Weekend,1200,2-Car,No injury,DISREGARD SIGNAL/REG SIGN,E 3RD ST & S WALNUT,39.16464,-86.5336
2014,6,7,Weekend,2300,3+ Cars,No injury,DISREGARD SIGNAL/REG SIGN,3RD & WALNUT ST,39.16464,-86.5336
2014,1,6,Weekday,200,2-Car,No injury,FAILURE TO YIELD RIGHT OF WAY,E 3 RD ST & S WASHINGTON,39.16464,-86.5324
2014,1,4,Weekday,1300,2-Car,No injury,FAILURE TO YIELD RIGHT OF WAY,THIRD ST & WASHINGTON,39.16464,-86.5324
2014,2,1,Weekend,100,2-Car,No injury,FAILURE TO YIELD RIGHT OF WAY,3RD ST & WASHINGTON,39.16464,-86.5324
2014,3,1,Weekday,1900,2-Car,functional,DISREGARD SIGNAL/REG SIGN,3RD ST & WASHINGTON,39.16464,-86.5324
2014,7,7,Weekend,1300,2-Car,No injury,OTHER (DRIVER) - EXPLAIN IN NARRATIVE,E 3RD ST,39.16464,-86.5324
2014,8,6,Weekday,1800,2-Car,No injury,DISREGARD SIGNAL/REG SIGN,3RD ST & WASHINGTON,39.16464,-86.5324
2014,8,4,Weekday,2000,2-Car,No injury,UNSAFE BACKING,E 3RD ST,39.16464,-86.5324
2014,8,7,Weekend,1000,2-Car,No injury,DISREGARD SIGNAL/REG SIGN,EAST 3RD ST & WASHINGTON,39.16464,-86.5324
2014,9,4,Weekday,1100,2-Car,No injury,DISREGARD SIGNAL/REG SIGN,3RD ST & WASHINGTON,39.16464,-86.5324
2014,9,6,Weekday,600,1-Car,functional,FAILURE TO YIELD RIGHT OF WAY,3RD & WASHINGTON ST,39.16464,-86.5324
2014,7,2,Weekday,1000,2-Car,No injury,UNSAFE BACKING,EAST 3RD ST,39.16464,-86.53211918
2014,8,6,Weekday,1100,2-Car,No injury,OTHER (DRIVER) - EXPLAIN IN NARRATIVE,E 3RD ST & LINCOLN,39.16464,-86.531024
2014,11,2,Weekday,1800,2-Car,No injury,FOLLOWING TOO CLOSELY,3RD & LINCOLN,39.16464,-86.531024
2014,3,3,Weekday,1700,2-Car,No injury,UNSAFE BACKING,EAST 3RD ST,39.16464,-86.53086531
2014,3,6,Weekday,1600,2-Car,No injury,FAILURE TO YIELD RIGHT OF WAY,EAST 3RD ST & GRANT,39.16464,-86.529728
2014,5,3,Weekday,1200,2-Car,functional,FAILURE TO YIELD RIGHT OF WAY,3RD ST & GRANT,39.16464,-86.529728
2014,9,2,Weekday,800,2-Car,No injury,FOLLOWING TOO CLOSELY,3RD ST & GRANT,39.16464,-86.529728
2014,8,3,Weekday,2100,Cyclist,functional,HEADLIGHT DEFECTIVE OR NOT ON,3RD ST & GRANT,39.16464,-86.529728
2014,11,2,Weekday,1900,2-Car,No injury,UNSAFE LANE MOVEMENT,GRANT & THIRD,39.16464,-86.529728
2014,12,5,Weekday,1100,2-Car,No injury,UNSAFE LANE MOVEMENT,3RD & GRANT,39.16464,-86.529728
2014,8,6,Weekday,1500,3+ Cars,functional,FAILURE TO YIELD RIGHT OF WAY,3RD ST & CURRY,39.16463971,-86.582946
2014,11,5,Weekday,1100,2-Car,No injury,FAILURE TO YIELD RIGHT OF WAY,S CURRY & W 3RD,39.16463971,-86.58292003
2014,1,4,Weekday,1500,2-Car,No injury,FOLLOWING TOO CLOSELY,CURRY PIKE & W 3RD,39.16463971,-86.58292002
2014,3,7,Weekend,900,2-Car,functional,OTHER (DRIVER) - EXPLAIN IN NARRATIVE,CURRY & W 3RD ST,39.16463971,-86.58292002
2014,3,3,Weekday,2000,2-Car,functional,FAILURE TO YIELD RIGHT OF WAY,3RD ST & CURRY,39.16463971,-86.58292002
2014,5,5,Weekday,700,2-Car,functional,FAILURE TO YIELD RIGHT OF WAY,3RD & CURRY PIKE,39.16463971,-86.58292002
2014,5,1,Weekend,1600,2-Car,No injury,UNSAFE LANE MOVEMENT,CURRY & W THIRD ST,39.16463971,-86.58292002
2014,5,4,Weekday,1600,3+ Cars,No injury,FOLLOWING TOO CLOSELY,3RD & CURRY PIKE,39.16463971,-86.58292002
2014,6,6,Weekday,1800,2-Car,non-funcitonal,SPEED TOO FAST FOR WEATHER CONDITIONS,3RD & CURRY PIKE,39.16463971,-86.58292002
2014,9,5,Weekday,800,2-Car,No injury,OTHER (DRIVER) - EXPLAIN IN NARRATIVE,CURRY & W 3RD ST,39.16463971,-86.58292002
2014,12,5,Weekday,800,2-Car,functional,FAILURE TO YIELD RIGHT OF WAY,S CURRY & W 3RD,39.16463971,-86.58291137
2014,9,5,Weekday,1300,2-Car,No injury,FOLLOWING TOO CLOSELY,CURRY & W 3RD ST,39.16463971,-86.58291137
2014,12,4,Weekday,1600,2-Car,functional,FAILURE TO YIELD RIGHT OF WAY,3RD & LIBERTY,39.16461021,-86.57912141
2014,12,5,Weekday,1700,2-Car,No injury,FAILURE TO YIELD RIGHT OF WAY,LIBERTY & W 3RD,39.16461021,-86.57911708
2014,10,5,Weekday,800,1-Car,functional,OTHER (DRIVER) - EXPLAIN IN NARRATIVE,LIBERTY & W 3RD ST,39.16461021,-86.57914305
2014,9,6,Weekday,1600,2-Car,No injury,FOLLOWING TOO CLOSELY,LIBERTY & W 3RD ST,39.16461021,-86.57913872
2014,12,4,Weekday,1300,2-Car,functional,FOLLOWING TOO CLOSELY,S LIBERTY & W 3RD,39.16461021,-86.57913007
2014,2,3,Weekday,1400,2-Car,No injury,FOLLOWING TOO CLOSELY,LIBERTY & W 3RD ST,39.16461021,-86.57913006
2014,5,4,Weekday,1600,Bus,No injury,DISREGARD SIGNAL/REG SIGN,3RD ST & LIBERTY,39.16461021,-86.57913006
2014,8,3,Weekday,900,2-Car,No injury,FAILURE TO YIELD RIGHT OF WAY,S LIBERTY & W 3RD ST,39.16461021,-86.57913006
2014,1,5,Weekday,1200,2-Car,No injury,UNSAFE BACKING,WEST THIRD ST,39.16460887,-86.58336326
2014,1,6,Weekday,1300,Pedestrian,functional,UNSAFE BACKING,WEST 3RD ST,39.16460015,-86.58302865
2014,8,4,Weekday,1200,3+ Cars,functional,FOLLOWING TOO CLOSELY,RAMP 10 & W 3RD ST,39.16459025,-86.57207251
2014,11,7,Weekend,1600,2-Car,No injury,UNSAFE BACKING,S GATES & W 3RD,39.16459009,-86.57619976
2014,4,2,Weekday,1700,3+ Cars,functional,FOLLOWING TOO CLOSELY,GATES & W THIRD ST,39.16459009,-86.57624304
2014,10,5,Weekday,1900,2-Car,No injury,IMPROPER LANE USAGE,GATES & WEST THIRD ST,39.16459009,-86.57624304
2014,4,5,Weekday,1600,3+ Cars,No injury,FOLLOWING TOO CLOSELY,3RD ST & GATES,39.16459009,-86.57620841
2014,2,6,Weekday,1600,2-Car,No injury,SPEED TOO FAST FOR WEATHER CONDITIONS,GATES & THIRD ST,39.16459009,-86.57619976
2014,12,7,Weekend,1400,2-Car,No injury,FAILURE TO YIELD RIGHT OF WAY,3RD & GATES,39.16459009,-86.57619976
2014,12,2,Weekday,1200,2-Car,No injury,FOLLOWING TOO CLOSELY,GATES & W 3RD,39.16459009,-86.57619976
2014,1,6,Weekday,1400,2-Car,functional,DISREGARD SIGNAL/REG SIGN,GATES & W 3RD ST,39.16459009,-86.57619975
2014,2,4,Weekday,1000,2-Car,No injury,FOLLOWING TOO CLOSELY,GATES & W 3RD ST,39.16459009,-86.57619975
2014,4,5,Weekday,2200,2-Car,No injury,BRAKE FAILURE OR DEFECTIVE,3RD ST & GATES,39.16459009,-86.57619975
2014,5,5,Weekday,1000,2-Car,No injury,FAILURE TO YIELD RIGHT OF WAY,S GATES & W 3RD ST ST,39.16459009,-86.57619975
2014,6,3,Weekday,1400,2-Car,No injury,FOLLOWING TOO CLOSELY,GATES DR & W THIRD,39.16459009,-86.57619975
2014,7,4,Weekday,1200,3+ Cars,functional,FOLLOWING TOO CLOSELY,3RD ST & GATES,39.16459009,-86.57619975
2014,8,2,Weekday,1600,2-Car,No injury,OTHER (DRIVER) - EXPLAIN IN NARRATIVE,3RD ST & GATES,39.16459009,-86.57619975
2014,9,4,Weekday,1500,2-Car,No injury,FAILURE TO YIELD RIGHT OF WAY,GATES & W 3RD ST,39.16459009,-86.57619975
2014,10,3,Weekday,1700,2-Car,No injury,FOLLOWING TOO CLOSELY,S GATES & W 3RD,39.16459009,-86.57619975
2014,9,3,Weekday,700,2-Car,functional,OTHER (ENVIRONMENTAL) - EXPLAIN IN NARR,GATES & W 3RD ST,39.16459009,-86.57619542
2014,10,4,Weekday,1200,2-Car,No injury,FOLLOWING TOO CLOSELY,GATES & W 3RD,39.16459009,-86.57619109
2014,9,6,Weekday,1300,2-Car,functional,FAILURE TO YIELD RIGHT OF WAY,GATES & W 3RD ST,39.16459009,-86.57618936
2014,5,3,Weekday,2300,2-Car,No injury,OTHER (DRIVER) - EXPLAIN IN NARRATIVE,N GATES & W 3RD ST,39.16458497,-86.57620081
2014,10,4,Weekday,1400,2-Car,No injury,DISREGARD SIGNAL/REG SIGN,N GATES & W 3RD,39.16458497,-86.57620081
2014,7,2,Weekday,2200,2-Car,No injury,UNSAFE BACKING,EAST 3RD ST,39.16456,-86.5550845
2014,9,2,Weekday,1700,2-Car,No injury,FOLLOWING TOO CLOSELY,3RD ST & WYNNEDALE,39.16455992,-86.57019026
2014,5,7,Weekend,1000,3+ Cars,functional,FOLLOWING TOO CLOSELY,3RD ST & YANCY,39.16455992,-86.56949746
2014,3,6,Weekday,1400,3+ Cars,functional,FOLLOWING TOO CLOSELY,S CORY & W THIRD ST,39.164544,-86.560096
2014,4,1,Weekend,1500,1-Car,No injury,RAN OFF ROAD RIGHT,3RD ST & CORY,39.164544,-86.560096
2014,6,2,Weekday,2200,Moped/Motorcycle,functional,FOLLOWING TOO CLOSELY,3RD & CURRY PIKE,39.164544,-86.560096
2014,9,2,Weekday,900,Pedestrian,functional,OTHER (DRIVER) - EXPLAIN IN NARRATIVE,S CURRY PIKE & WEST SR 48 3RD ST,39.164544,-86.560096
2014,9,6,Weekend,2300,1-Car,No injury,RAN OFF ROAD RIGHT,3RD & CURRY PIKE,39.164544,-86.560096
2014,12,3,Weekday,1700,2-Car,No injury,DRIVER DISTRACTED - EXPLAIN IN NARRATIVE,3RD & CORY,39.164544,-86.560096
2014,10,6,Weekday,900,3+ Cars,No injury,OTHER (DRIVER) - EXPLAIN IN NARRATIVE,ADAMS ST,39.164544,-86.552192
2014,10,2,Weekday,900,2-Car,No injury,FAILURE TO YIELD RIGHT OF WAY,3RD & JOHNSON,39.16451029,-86.56500019
2014,1,5,Weekday,900,1-Car,No injury,RAN OFF ROAD RIGHT,S MUELLER PKWY & W 3RD,39.16450345,-86.56269914
2014,1,6,Weekday,900,2-Car,functional,FOLLOWING TOO CLOSELY,MULLER & W 3RD ST,39.16450024,-86.56270019
2014,3,2,Weekday,1000,2-Car,No injury,SPEED TOO FAST FOR WEATHER CONDITIONS,3RD & MULLER PKWY,39.16450024,-86.56270019
2014,11,7,Weekend,900,1-Car,No injury,OVERCORRECTING/OVERSTEERING,KINGS & SR46E,39.16445976,-86.44879804
2014,1,3,Weekday,800,Bus,No injury,ROADWAY SURFACE CONDITION,3RD ST & DUNN,39.164448,-86.528096
2014,4,5,Weekday,1400,2-Car,No injury,IMPROPER LANE USAGE,3RD ST & DUNN,39.164448,-86.528096
2014,4,5,Weekday,1100,2-Car,No injury,UNSAFE BACKING,925 E ATWATER (ATWATER GARAGE) AVE & ATWATER,39.164448,-86.528096
2014,4,1,Weekday,1900,1-Car,No injury,RAN OFF ROAD RIGHT,E ATWATER & S DUNN ST,39.164448,-86.528096
2014,5,3,Weekday,1000,2-Car,No injury,IMPROPER TURNING,ATWATER & DUNN ST,39.164448,-86.528096
2014,7,4,Weekday,1200,2-Car,functional,FOLLOWING TOO CLOSELY,E 3RD & SO DUNN ST,39.164448,-86.528096
2014,7,7,Weekend,1600,Moped/Motorcycle,functional,UNSAFE LANE MOVEMENT,ATWATER AVE & DUNN,39.164448,-86.528096
2014,9,2,Weekday,1600,2-Car,No injury,FOLLOWING TOO CLOSELY,DUNN & E 3RD ST,39.164448,-86.528096
2014,10,3,Weekday,2300,2-Car,No injury,FOLLOWING TOO CLOSELY,ATWATER & E 3RD,39.164448,-86.528096
2014,8,2,Weekday,2200,2-Car,No injury,UNSAFE LANE MOVEMENT,E 3RD & E ATWATER AVE,39.164448,-86.528096
2014,12,3,Weekday,1500,2-Car,No injury,UNSAFE LANE MOVEMENT,E 3RD & E ATWATER,39.164448,-86.528096
2014,8,3,Weekday,700,2-Car,No injury,UNSAFE BACKING,EAST 3RD ST,39.164448,-86.527744
2014,8,3,Weekday,2200,2-Car,No injury,UNSAFE BACKING,E 3RD ST,39.164448,-86.527744
2014,11,5,Weekday,1100,2-Car,No injury,UNSAFE BACKING,E 3RD,39.164448,-86.52769371
2014,7,6,Weekday,1400,Bus,No injury,OTHER (DRIVER) - EXPLAIN IN NARRATIVE,3RD ST & FESS,39.164448,-86.52685044
2014,2,3,Weekday,1400,2-Car,No injury,FOLLOWING TOO CLOSELY,E 3RD ST & S INDIANA,39.164448,-86.5268
2014,2,2,Weekday,1100,2-Car,No injury,UNSAFE SPEED,3RD ST & INDIANA,39.164448,-86.5268
2014,2,4,Weekday,1500,2-Car,functional,UNSAFE LANE MOVEMENT,3RD & INDIANA AVE,39.164448,-86.5268
2014,3,1,Weekend,1800,3+ Cars,No injury,SPEED TOO FAST FOR WEATHER CONDITIONS,3RD ST & INDIANA,39.164448,-86.5268
2014,3,5,Weekday,1500,2-Car,No injury,FOLLOWING TOO CLOSELY,3RD ST & INDIANA,39.164448,-86.5268
2014,6,7,Weekend,1500,2-Car,functional,SPEED TOO FAST FOR WEATHER CONDITIONS,3RD ST & INDIANA,39.164448,-86.5268
2014,10,1,Weekend,0,2-Car,No injury,FOLLOWING TOO CLOSELY,3RD ST & INDIANA,39.164448,-86.5268
2014,10,2,Weekday,1100,Pedestrian,functional,FAILURE TO YIELD RIGHT OF WAY,INDIANA & THIRD,39.164448,-86.5268
2014,11,5,Weekday,1500,Bus,No injury,FAILURE TO YIELD RIGHT OF WAY,E 3RD & INDIANA,39.164448,-86.5268
2014,11,4,Weekday,2100,Bus,No injury,OTHER (DRIVER) - EXPLAIN IN NARRATIVE,3RD & INDIANA,39.164448,-86.5268
2014,12,3,Weekday,1600,Pedestrian,functional,PEDESTRIAN ACTION,INDIANA & THIRD,39.164448,-86.5268
2014,1,2,Weekday,1800,2-Car,No injury,FOLLOWING TOO CLOSELY,E 3RD ST & S FESS,39.164448,-86.525792
2014,3,4,Weekday,1000,2-Car,functional,FAILURE TO YIELD RIGHT OF WAY,3RD ST & FESS,39.164448,-86.525792
2014,10,5,Weekday,900,2-Car,No injury,IMPROPER LANE USAGE,3RD & FESS,39.164448,-86.525792
2014,12,2,Weekday,1500,1-Car,No injury,OVERCORRECTING/OVERSTEERING,E 3RD & S FESS,39.164448,-86.525792
2014,12,6,Weekday,1700,2-Car,No injury,IMPROPER TURNING,3RD & FESS,39.164448,-86.525792
2014,4,7,Weekend,1100,2-Car,functional,IMPROPER TURNING,446 & E 3RD ST,39.164448,-86.471888
2014,5,4,Weekday,1200,2-Car,No injury,FOLLOWING TOO CLOSELY,446 & EAST 3RD ST,39.164448,-86.471888
2014,6,4,Weekday,900,2-Car,functional,FOLLOWING TOO CLOSELY,E 3RD & SR4546,39.164448,-86.471888
2014,6,3,Weekday,700,2-Car,No injury,OTHER (DRIVER) - EXPLAIN IN NARRATIVE,3RD & PETE ELLIS DR,39.16444599,-86.495088
2014,2,5,Weekday,900,2-Car,No injury,UNSAFE SPEED,3RD ST & FESS,39.16444377,-86.52565098
2014,3,1,Weekend,1800,2-Car,No injury,UNSAFE BACKING,W THIRD ST,39.16444056,-86.57150186
2014,5,6,Weekday,1500,2-Car,No injury,UNSAFE BACKING,E 3RD ST,39.16443539,-86.5253718
2014,11,4,Weekday,1100,2-Car,No injury,FOLLOWING TOO CLOSELY,3RD & LANDMARK,39.16442983,-86.55630983
2014,1,1,Weekend,1200,2-Car,functional,FAILURE TO YIELD RIGHT OF WAY,LANDMARK & W THIRD ST,39.16442983,-86.55630983
2014,2,5,Weekday,1200,Bus,No injury,FAILURE TO YIELD RIGHT OF WAY,S LANDMARK & W 3RD ST,39.16442983,-86.55630983
2014,4,2,Weekday,1000,Bus,functional,FOLLOWING TOO CLOSELY,S LANDMARK AVE & W 3RD,39.16442983,-86.55630983
2014,8,4,Weekday,1300,2-Car,No injury,DISREGARD SIGNAL/REG SIGN,3RD ST & LANDMARK,39.16442983,-86.55630983
2014,10,2,Weekday,1300,3+ Cars,No injury,FAILURE TO YIELD RIGHT OF WAY,3RD & LANDMARK,39.16442983,-86.55630983
2014,3,3,Weekday,800,2-Car,No injury,FOLLOWING TOO CLOSELY,3RD ST & LANDMARK,39.16442983,-86.55628386
2014,8,6,Weekday,1200,2-Car,functional,FOLLOWING TOO CLOSELY,3RD ST & FESS,39.16442686,-86.5250869
2014,6,4,Weekday,1400,2-Car,No injury,UNSAFE BACKING,EAST 3RD ST,39.16442667,-86.52508089
2014,4,4,Weekday,1000,2-Car,No injury,UNSAFE BACKING,E 3RD ST,39.164417,-86.54695971
2014,8,6,Weekday,0,2-Car,No injury,OTHER (DRIVER) - EXPLAIN IN NARRATIVE,3RD ST & WESTPLEX,39.16440971,-86.55389986
2014,4,6,Weekday,1600,2-Car,No injury,FOLLOWING TOO CLOSELY,3RD ST & WOODLAWN,39.16440489,-86.52435475
2014,1,4,Weekday,2100,1-Car,No injury,WRONG WAY ON ONE WAY,W 3RD ST & WALKER,39.1644,-86.546304
2014,9,7,Weekend,1200,2-Car,functional,FOLLOWING TOO CLOSELY,3RD & SR46N,39.16439362,-86.47225613
2014,8,6,Weekday,1100,2-Car,No injury,IMPROPER TURNING,EAST 3RD ST,39.16439273,-86.52394958
2014,2,5,Weekday,800,2-Car,No injury,OTHER (DRIVER) - EXPLAIN IN NARRATIVE,3RD ST & WOODLAWN,39.164352,-86.52223919
2014,4,4,Weekday,2000,2-Car,No injury,UNSAFE BACKING,3RD & WOODLAWN AVE,39.164352,-86.522592
2014,4,3,Weekday,1700,2-Car,functional,FOLLOWING TOO CLOSELY,3RD ST & WOODLAWN,39.164352,-86.522592
2014,5,5,Weekday,1300,2-Car,No injury,OTHER (DRIVER) - EXPLAIN IN NARRATIVE,3RD ST & WOODLAWN,39.164352,-86.522592
2014,7,1,Weekend,1200,Moped/Motorcycle,functional,IMPROPER TURNING,3RD ST & WOODLAWN,39.164352,-86.522592