Year,Month,Day,Weekend?,Hour,Collision Type,Injury Type,Primary Factor,Reported_Location,Latitude,Longitude
2014,5,3,Weekday,1200,3+ Cars,No injury,FOLLOWING TOO CLOSELY,2ND & WALNUT ST,39.16144,-86.5336
2014,8,1,Weekend,1500,2-Car,No injury,FOLLOWING TOO CLOSELY,2ND & WALNUT ST,39.16144,-86.5336
2014,8,2,Weekday,1500,Moped/Motorcycle,functional,IMPROPER TURNING,2ND & WALNUT ST,39.16144,-86.5336
2014,12,3,Weekday,1700,2-Car,No injury,LEFT OF CENTER,E 2ND & S WALNUT,39.16144,-86.5336
2014,11,2,Weekday,800,2-Car,No injury,FOLLOWING TOO CLOSELY,E 2ND,39.16144,-86.5324
2014,3,3,Weekday,700,2-Car,functional,FOLLOWING TOO CLOSELY,E 2ND & S LINCOLN ST,39.16144,-86.531056
2014,5,2,Weekday,2300,2-Car,No injury,IMPROPER LANE USAGE,2ND ST & GRANT,39.16144,-86.52976
2014,4,2,Weekday,1200,2-Car,No injury,UNSAFE BACKING,WEST 2ND ST,39.16144,-86.527152
2014,10,3,Weekday,800,2-Car,No injury,IMPROPER TURNING,WEST 2ND,39.16144,-86.527152
2014,9,3,Weekday,1100,1-Car,No injury,IMPROPER TURNING,E 2ND & S HENDERSON ST,39.16144,-86.527152
2014,10,1,Weekend,1300,2-Car,No injury,UNSAFE BACKING,E 2ND,39.16144,-86.52696457
2014,6,4,Weekday,600,2-Car,No injury,FOLLOWING TOO CLOSELY,2ND ST & WALKER,39.16142978,-86.54614023
2014,8,4,Weekday,700,2-Car,No injury,DISREGARD SIGNAL/REG SIGN,2ND ST & WALKER,39.16142978,-86.54614023
2014,9,3,Weekday,1700,3+ Cars,No injury,DISREGARD SIGNAL/REG SIGN,2ND ST & WALKER,39.16142978,-86.54614023
2014,10,5,Weekday,2200,2-Car,No injury,FOLLOWING TOO CLOSELY,2ND ST & WALKER,39.16142978,-86.54614023
2014,5,3,Weekday,1400,3+ Cars,functional,FOLLOWING TOO CLOSELY,S EUCLID & W 2ND ST,39.16141972,-86.54337018
2014,7,4,Weekday,1800,3+ Cars,No injury,DRIVER DISTRACTED - EXPLAIN IN NARRATIVE,2ND ST & EUCLID,39.16141972,-86.54337018
2014,6,2,Weekday,1000,1-Car,No injury,RAN OFF ROAD RIGHT,SR37N & W 2ND,39.16141129,-86.53729248
2014,8,6,Weekday,1400,2-Car,No injury,FOLLOWING TOO CLOSELY,S MADISON & W 2ND ST,39.16141033,-86.53743982
2014,10,5,Weekday,1700,2-Car,No injury,DRIVER DISTRACTED - EXPLAIN IN NARRATIVE,2ND ST & MADISON,39.16141033,-86.53743982
2014,12,6,Weekday,1400,2-Car,No injury,FAILURE TO YIELD RIGHT OF WAY,2ND & MADISON,39.16141033,-86.53743982
2014,11,4,Weekday,1300,2-Car,functional,FAILURE TO YIELD RIGHT OF WAY,S ROGERS & W 2ND,39.16140027,-86.53867029
2014,5,6,Weekday,1400,2-Car,functional,FOLLOWING TOO CLOSELY,SOUTH ROGERS & WEST 2ND ST,39.16140027,-86.53867028
2014,7,5,Weekday,1200,2-Car,No injury,FOLLOWING TOO CLOSELY,2ND & ROGERS ST,39.16140027,-86.53867028
2014,10,3,Weekday,200,1-Car,No injury,RAN OFF ROAD RIGHT,S ROGERS & W 2ND,39.16140027,-86.53867028
2014,8,3,Weekday,1300,2-Car,No injury,DRIVER DISTRACTED - EXPLAIN IN NARRATIVE,2ND ST & ROGERS,39.16140027,-86.53867028
2014,2,4,Weekday,1400,2-Car,No injury,FOLLOWING TOO CLOSELY,2ND & WALNUT ST,39.16140027,-86.53362974
2014,3,7,Weekend,0,Cyclist,functional,DISREGARD SIGNAL/REG SIGN,2ND ST & WALNUT,39.16140027,-86.53362974
2014,4,3,Weekday,1200,2-Car,No injury,FAILURE TO YIELD RIGHT OF WAY,2ND ST & WALNUT,39.16140027,-86.53362974
2014,5,4,Weekday,1700,Cyclist,functional,FAILURE TO YIELD RIGHT OF WAY,2ND & SOUTH WALNUT ST,39.16140027,-86.53362974
2014,4,7,Weekend,1400,2-Car,No injury,UNSAFE BACKING,E 2ND ST,39.16139984,-86.53363037
2014,5,5,Weekday,1200,Pedestrian,non-funcitonal,PEDESTRIAN ACTION,2ND ST & MORTON,39.16139022,-86.53631426
2014,6,6,Weekday,1200,2-Car,No injury,DRIVER DISTRACTED - EXPLAIN IN NARRATIVE,2ND ST & MORTON,39.16139022,-86.53630994
2014,1,7,Weekend,1200,Pedestrian,functional,DISREGARD SIGNAL/REG SIGN,2ND ST & COLLEGE,39.16138016,-86.53492994
2014,3,7,Weekend,1000,2-Car,No injury,FAILURE TO YIELD RIGHT OF WAY,2ND ST & WASHINGTON,39.16136004,-86.53242731
2014,7,4,Weekday,1000,2-Car,No injury,IMPROPER LANE USAGE,EAST 2ND ST & WASHINGTON,39.16136004,-86.53241001
2014,11,1,Weekend,1200,2-Car,No injury,OTHER (DRIVER) - EXPLAIN IN NARRATIVE,S HENDERSON,39.16134857,-86.52715069
2014,3,3,Weekday,1200,2-Car,No injury,OTHER (DRIVER) - EXPLAIN IN NARRATIVE,W 2ND ST,39.16133858,-86.53531685
2014,9,5,Weekday,1500,1-Car,No injury,RAN OFF ROAD RIGHT,EAST 2ND ST & S PARK,39.16131981,-86.52399994
2014,9,7,Weekend,1800,Cyclist,non-funcitonal,FAILURE TO YIELD RIGHT OF WAY,EAST 2ND ST & WOODLAWN,39.161312,-86.522576
2014,4,3,Weekday,800,2-Car,No injury,UNSAFE BACKING,E 2ND ST,39.16131152,-86.52255127
2014,5,7,Weekend,1900,2-Car,No injury,UNSAFE LANE MOVEMENT,2ND ST & HAWTHORNE,39.16126919,-86.52039251
2014,9,6,Weekday,900,2-Car,functional,DISREGARD SIGNAL/REG SIGN,2ND ST & HIGHLAND,39.1612,-86.517584
2014,10,6,Weekday,700,2-Car,functional,DISREGARD SIGNAL/REG SIGN,2ND & JORDAN AVE,39.161168,-86.516352
2014,11,6,Weekday,1100,2-Car,No injury,DISREGARD SIGNAL/REG SIGN,2ND & JORDAN,39.161168,-86.516352
2014,1,6,Weekday,1600,2-Car,No injury,UNSAFE BACKING,S COLLEGE AVE,39.16115717,-86.53485253
2014,1,1,Weekend,900,1-Car,No injury,OTHER (DRIVER) - EXPLAIN IN NARRATIVE,S COLLEGE AVE,39.16115717,-86.53485253
2014,4,4,Weekday,1900,1-Car,No injury,OVERCORRECTING/OVERSTEERING,S COLLEGE AVE,39.16115717,-86.53485253
2014,8,3,Weekday,300,1-Car,No injury,OTHER (DRIVER) - EXPLAIN IN NARRATIVE,S COLLEGE AVE,39.16115717,-86.53485253
2014,9,4,Weekday,1800,2-Car,No injury,UNSAFE BACKING,S COLLEGE AVE,39.16115717,-86.53485253
2014,10,6,Weekday,1600,2-Car,No injury,UNSAFE BACKING,S COLLEGE,39.16115717,-86.53485253
2014,11,7,Weekend,1400,2-Car,No injury,UNSAFE BACKING,S COLLEGE,39.16115717,-86.53485253
2014,11,4,Weekday,1300,2-Car,No injury,OTHER (DRIVER) - EXPLAIN IN NARRATIVE,COLLEGE,39.16115717,-86.53485253
2014,1,6,Weekday,1500,2-Car,No injury,FAILURE TO YIELD RIGHT OF WAY,ADAMS ST & ARCH HAVEN,39.16106969,-86.55082002
2014,7,2,Weekday,1100,2-Car,No injury,LEFT OF CENTER,ADAMS & ARCH HAVEN BLVD,39.16106969,-86.55082002
2014,7,5,Weekday,800,Cyclist,functional,DISREGARD SIGNAL/REG SIGN,E 2ND & S WOODLAWN AVE,39.16106969,-86.52264006
2014,9,1,Weekend,1800,2-Car,functional,DISREGARD SIGNAL/REG SIGN,2ND ST & WOODLAWN,39.16106969,-86.52264006
2014,8,4,Weekday,1500,2-Car,No injury,DISREGARD SIGNAL/REG SIGN,E 2ND ST & S WOODLAWN,39.16106969,-86.52264006
2014,1,4,Weekday,1100,2-Car,No injury,DISREGARD SIGNAL/REG SIGN,2ND ST & BALLANTINE,39.1610603,-86.51913978
2014,11,4,Weekday,1200,2-Car,No injury,OTHER (DRIVER) - EXPLAIN IN NARRATIVE,S LANDMARK,39.16104889,-86.55483246
2014,12,2,Weekday,1400,2-Car,No injury,FAILURE TO YIELD RIGHT OF WAY,2ND & ROSE,39.16102007,-86.51095972
2014,5,3,Weekday,1600,Pedestrian,functional,UNSAFE BACKING,SOUTH WALNUT ST,39.16101225,-86.5336
2014,7,2,Weekday,1500,Moped/Motorcycle,functional,FAILURE TO YIELD RIGHT OF WAY,SOUTH WALNUT ST,39.16101225,-86.5336
2014,11,3,Weekday,800,Pedestrian,functional,OTHER (DRIVER) - EXPLAIN IN NARRATIVE,E 2ND,39.16099258,-86.50557049
2014,5,3,Weekday,1000,2-Car,No injury,OTHER (DRIVER) - EXPLAIN IN NARRATIVE,E 2ND ST,39.16099258,-86.50557048
2014,11,2,Weekday,900,2-Car,No injury,DISREGARD SIGNAL/REG SIGN,E 2ND & SO COLLEGE MALL,39.160944,-86.497696
2014,11,6,Weekday,1300,2-Car,functional,FAILURE TO YIELD RIGHT OF WAY,2ND & COLLEGE MALL,39.16094028,-86.49772033
2014,2,1,Weekend,1700,2-Car,No injury,FAILURE TO YIELD RIGHT OF WAY,2ND & COLLEGE MALL RD,39.16094027,-86.49772033
2014,8,7,Weekend,1000,2-Car,No injury,FAILURE TO YIELD RIGHT OF WAY,COLLEGE MALL & EAST 2ND ST,39.16094027,-86.49769438
2014,1,6,Weekday,1300,2-Car,No injury,FOLLOWING TOO CLOSELY,2ND ST & SOUTH WOODSCREST,39.16092016,-86.50248433
2014,2,6,Weekday,1500,2-Car,No injury,FOLLOWING TOO CLOSELY,SECOND ST & WOODSCREST,39.16092016,-86.50236323
2014,1,7,Weekend,1000,2-Car,No injury,FAILURE TO YIELD RIGHT OF WAY,3RD & LIBERTY DR,39.16090915,-86.57913006
2014,1,6,Weekday,1300,2-Car,No injury,ROADWAY SURFACE CONDITION,EAST SECOND ST,39.16087657,-86.50200717
2014,11,4,Weekday,1600,2-Car,No injury,FAILURE TO YIELD RIGHT OF WAY,IN SR 45 & S LIBERTY,39.16087376,-86.57777019
2014,5,4,Weekday,1600,2-Car,No injury,UNSAFE BACKING,SOUTH FESS AVE,39.1607666,-86.52623748
2014,2,7,Weekend,1400,2-Car,functional,FAILURE TO YIELD RIGHT OF WAY,2ND ST & PATTERSON,39.16074984,-86.54850997
2014,12,6,Weekday,1500,2-Car,No injury,FOLLOWING TOO CLOSELY,2ND & PATTERSON,39.16074984,-86.54850997
2014,9,6,Weekday,1100,2-Car,No injury,FAILURE TO YIELD RIGHT OF WAY,S PATTERSON & W 2ND ST,39.16074984,-86.54851775
2014,1,5,Weekday,700,2-Car,No injury,ROADWAY SURFACE CONDITION,2ND & PATTERSON DR,39.16074984,-86.54850997
2014,1,7,Weekend,1000,2-Car,No injury,FAILURE TO YIELD RIGHT OF WAY,SO PATTERSON & W 2ND ST,39.16074984,-86.54850997
2014,1,3,Weekday,700,2-Car,No injury,SPEED TOO FAST FOR WEATHER CONDITIONS,2ND & PATTERSON ST,39.16074984,-86.54850997
2014,1,4,Weekday,1900,2-Car,No injury,FOLLOWING TOO CLOSELY,2ND ST & PATTERSON,39.16074984,-86.54850997
2014,1,6,Weekday,400,1-Car,No injury,RAN OFF ROAD RIGHT,2ND ST & PATTERSON,39.16074984,-86.54850997
2014,2,5,Weekday,1100,2-Car,No injury,FOLLOWING TOO CLOSELY,PATTERSON DR & W 2ND,39.16074984,-86.54850997
2014,3,6,Weekday,1000,2-Car,No injury,FOLLOWING TOO CLOSELY,2ND & PATTERSON DR,39.16074984,-86.54850997
2014,3,7,Weekend,100,1-Car,No injury,RAN OFF ROAD RIGHT,S PATTERSON & W 2ND ST,39.16074984,-86.54850997
2014,4,3,Weekday,800,2-Car,No injury,FAILURE TO YIELD RIGHT OF WAY,S PATTERSON & W 2ND ST,39.16074984,-86.54850997
2014,6,1,Weekend,0,2-Car,No injury,SPEED TOO FAST FOR WEATHER CONDITIONS,2ND ST & PATTERSON,39.16074984,-86.54850997
2014,8,2,Weekday,1000,2-Car,functional,FOLLOWING TOO CLOSELY,2ND & PATTERSON DR,39.16074984,-86.54850997
2014,8,5,Weekday,200,1-Car,No injury,ANIMAL/OBJECT IN ROADWAY,BLOOMFIED & PATTERSON,39.16074984,-86.54850131
2014,10,6,Weekday,1600,2-Car,No injury,IMPROPER PASSING,S PATTERSON & W 2ND,39.16074984,-86.54849698
2014,10,4,Weekday,1200,2-Car,functional,FOLLOWING TOO CLOSELY,PATTERSON & SECOND,39.16074702,-86.54853344
2014,4,2,Weekday,1100,2-Car,No injury,UNSAFE BACKING,S CLARIZZ BLVD,39.16067505,-86.49024963
2014,6,4,Weekday,2200,2-Car,No injury,OTHER (DRIVER) - EXPLAIN IN NARRATIVE,2ND & COLLEGE MALL RD,39.16066944,-86.49770547
2014,9,5,Weekday,1100,2-Car,No injury,UNSAFE BACKING,2ND & LINCOLN ST,39.16061609,-86.53106812
2014,3,5,Weekday,700,2-Car,functional,FAILURE TO YIELD RIGHT OF WAY,2ND ST & ADAMS,39.160544,-86.5508
2014,4,4,Weekday,900,2-Car,No injury,DISREGARD SIGNAL/REG SIGN,2ND ST & ADAMS,39.160544,-86.5508
2014,4,7,Weekend,200,Moped/Motorcycle,non-funcitonal,RAN OFF ROAD RIGHT,S ADAMS & W BLOOMFIELD,39.160544,-86.5508
2014,10,2,Weekday,1500,2-Car,No injury,UNSAFE BACKING,S LANDMARK AVE,39.16051246,-86.55401453
2014,2,6,Weekday,0,3+ Cars,No injury,LEFT OF CENTER,1ST & WOODLAWN AVE,39.16044261,-86.5225622
2014,12,3,Weekday,1000,3+ Cars,No injury,FOLLOWING TOO CLOSELY,LIBERTY & SR48W,39.16043091,-86.57905703
2014,8,1,Weekend,0,2-Car,No injury,OTHER (DRIVER) - EXPLAIN IN NARRATIVE,BLOOMFIELD RD,39.16042462,-86.55086025
2014,5,1,Weekend,1700,2-Car,No injury,FAILURE TO YIELD RIGHT OF WAY,SOUTH HENDERSON ST & UNIVERSITY,39.16038975,-86.52718976
2014,4,3,Weekday,400,2-Car,No injury,UNSAFE BACKING,HENDERSON & UNIVERSITY ST,39.16038975,-86.5271811
2014,4,3,Weekday,1500,2-Car,functional,FAILURE TO YIELD RIGHT OF WAY,3RD & LIBERTY DR,39.16038043,-86.57913006
2014,5,5,Weekday,1800,2-Car,No injury,UNSAFE BACKING,S WALNUT ST,39.16037061,-86.5336
2014,2,6,Weekday,900,2-Car,No injury,FAILURE TO YIELD RIGHT OF WAY,E UNIVESRITY ST & S HENDERSON,39.16032,-86.527136
2014,8,1,Weekend,1500,2-Car,No injury,UNSAFE BACKING,E UNIVERSITY ST & S HENDERSON,39.16032,-86.527136
2014,1,3,Weekday,1600,2-Car,No injury,SPEED TOO FAST FOR WEATHER CONDITIONS,W 2ND ST,39.16025543,-86.54006195
2014,3,7,Weekend,1800,2-Car,No injury,UNSAFE BACKING,W 2ND ST,39.16025543,-86.54006195
2014,5,7,Weekend,2200,1-Car,No injury,RAN OFF ROAD RIGHT,W 2ND ST,39.16025543,-86.54006195
2014,6,5,Weekday,2300,2-Car,No injury,UNSAFE BACKING,W 2ND ST,39.160255,-86.540062
2014,2,4,Weekday,900,2-Car,No injury,FOLLOWING TOO CLOSELY,E 10 TH & N SMITH RD,39.15998836,-86.48266978
2014,5,6,Weekday,1700,2-Car,No injury,UNSAFE BACKING,W 2ND ST,39.15997314,-86.54981231
2014,11,4,Weekday,1100,2-Car,functional,FOLLOWING TOO CLOSELY,BLOOMFIELD & LANDMARK,39.15993981,-86.55382007
2014,6,1,Weekend,1600,2-Car,functional,FOLLOWING TOO CLOSELY,BLOOMFIELD RD & LANDMARK,39.15993981,-86.55382007
2014,5,4,Weekday,1600,2-Car,No injury,FOLLOWING TOO CLOSELY,BLOOMFIELD RD & LANDMARK,39.15993981,-86.55381358
2014,4,3,Weekday,1200,2-Car,No injury,OVERCORRECTING/OVERSTEERING,S CLARIZZ BLVD,39.15986252,-86.49027252
2014,5,5,Weekday,1500,1-Car,No injury,RAN OFF ROAD RIGHT,BIRDIE GALYAN & SR46E,39.15982565,-86.41038589
2014,7,2,Weekday,1200,1-Car,No injury,BRAKE FAILURE OR DEFECTIVE,BLOOMFIELD RD,39.1596756,-86.55188751
2014,8,3,Weekday,1700,2-Car,No injury,UNSAFE SPEED,S WALKER ST & W 1ST,39.159648,-86.546
2014,6,6,Weekday,1600,2-Car,No injury,FAILURE TO YIELD RIGHT OF WAY,1ST & COLLEGE AVE,39.15964598,-86.5348767
2014,4,2,Weekday,1600,2-Car,functional,DISREGARD SIGNAL/REG SIGN,E BUICK CADILLAC BLVD & S CLARIZZ,39.1596,-86.490784
2014,10,6,Weekday,1700,2-Car,functional,FAILURE TO YIELD RIGHT OF WAY,S LANDMARK AVE & W 2ND,39.15951581,-86.55335069
2014,4,4,Weekday,700,2-Car,No injury,UNSAFE BACKING,1ST & S ROGERS ST,39.159504,-86.538592
2014,4,2,Weekday,1700,Cyclist,functional,FAILURE TO YIELD RIGHT OF WAY,FIRST ST & MORTON,39.159472,-86.536272
2014,6,5,Weekday,1800,Cyclist,functional,PEDESTRIAN ACTION,S MORTON & W 1ST ST,39.159472,-86.536272
2014,9,6,Weekday,100,1-Car,No injury,RAN OFF ROAD RIGHT,W 1ST ST & WALKER,39.15946975,-86.5460505
2014,9,5,Weekday,1400,2-Car,No injury,FOLLOWING TOO CLOSELY,RANSOM & W BLOOMFIELD RD,39.15944,-86.555296
2014,11,3,Weekday,1600,2-Car,No injury,FOLLOWING TOO CLOSELY,RANSOM & W BLOOMFIELD,39.15944,-86.555296
2014,1,2,Weekday,1300,1-Car,No injury,DRIVER DISTRACTED - EXPLAIN IN NARRATIVE,S COLLEGE AVE,39.15944,-86.53488
2014,11,6,Weekday,1700,2-Car,No injury,DRIVER DISTRACTED - EXPLAIN IN NARRATIVE,S COLLEGE & W 1ST,39.15944,-86.53488
2014,4,1,Weekend,1100,2-Car,No injury,DISREGARD SIGNAL/REG SIGN,1ST & WALNUT ST,39.159344,-86.5336
2014,4,1,Weekday,2300,2-Car,functional,DISREGARD SIGNAL/REG SIGN,1ST & SOUTH WALNUT ST,39.159344,-86.5336
2014,12,3,Weekday,900,Bus,No injury,IMPROPER PASSING,1ST & WALNUT,39.159344,-86.5336
2014,9,4,Weekday,1200,Cyclist,functional,DISREGARD SIGNAL/REG SIGN,1ST & HENDERSON ST,39.159344,-86.52712
2014,2,6,Weekday,1500,2-Car,No injury,DISREGARD SIGNAL/REG SIGN,1ST ST & FESS,39.159344,-86.525872
2014,7,1,Weekday,1900,2-Car,No injury,FAILURE TO YIELD RIGHT OF WAY,E 1ST ST & S FESS,39.159344,-86.525872
2014,10,4,Weekday,1700,2-Car,No injury,FAILURE TO YIELD RIGHT OF WAY,E 1ST & S WOODLAWN,39.159344,-86.52256
2014,10,3,Weekday,800,2-Car,No injury,FAILURE TO YIELD RIGHT OF WAY,1ST ST & HENDERSON,39.15932022,-86.52711418
2014,11,6,Weekday,1600,2-Car,No injury,FAILURE TO YIELD RIGHT OF WAY,S ROGERS,39.15931004,-86.538592
2014,8,6,Weekday,1100,2-Car,No injury,FAILURE TO YIELD RIGHT OF WAY,FIRST & HAWTHORNE LN,39.15928942,-86.52019435
2014,11,1,Weekend,1800,2-Car,No injury,FAILURE TO YIELD RIGHT OF WAY,1ST & JORDAN,39.15925987,-86.51637979
2014,2,4,Weekday,1000,2-Car,No injury,OTHER (DRIVER) - EXPLAIN IN NARRATIVE,SOUTH ROGERS ST,39.15916935,-86.53873063
2014,12,3,Weekday,1800,2-Car,No injury,UNSAFE BACKING,S BASSWOOD,39.1591318,-86.56706885
2014,12,2,Weekday,2300,2-Car,No injury,FOLLOWING TOO CLOSELY,1ST & WALNUT,39.15906934,-86.5336
2014,10,7,Weekend,1000,2-Car,No injury,OTHER (DRIVER) - EXPLAIN IN NARRATIVE,SO RANSOM,39.15904999,-86.55525207
2014,4,1,Weekday,2000,Cyclist,functional,FAILURE TO YIELD RIGHT OF WAY,SOUTH BASSWOOD DR,39.15904328,-86.56723044
2014,7,7,Weekend,2100,1-Car,No injury,ANIMAL/OBJECT IN ROADWAY,HENDRICK & SR46W,39.15888977,-86.66209685
2014,12,7,Weekend,2200,1-Car,No injury,UNSAFE BACKING,BASSWOOD,39.15883943,-86.56759188
2014,9,3,Weekday,1300,2-Car,No injury,UNSAFE BACKING,LIBERTY DR,39.15865326,-86.57491302
2014,3,2,Weekday,1000,2-Car,non-funcitonal,FOLLOWING TOO CLOSELY,CURRY PIKE & DOYLE,39.1584893,-86.58275552
2014,5,4,Weekday,1600,2-Car,functional,OTHER (VEHICLE) - EXPLAIN IN NARRATIVE,W BLOOMFIELD RD,39.158448,-86.556992
2014,6,6,Weekday,1700,3+ Cars,functional,FOLLOWING TOO CLOSELY,BURKS & S WALNUT ST,39.15836229,-86.53136998
2014,12,4,Weekday,1800,2-Car,No injury,FAILURE TO YIELD RIGHT OF WAY,S CURRY & SR45,39.15835953,-86.58264923
2014,11,2,Weekday,1200,2-Car,No injury,FAILURE TO YIELD RIGHT OF WAY,CURRY & SR46W,39.15835953,-86.58264923
2014,7,5,Weekday,1300,1-Car,No injury,OTHER (VEHICLE) - EXPLAIN IN NARRATIVE,CURRY & SR46W,39.15835953,-86.58273581
2014,1,3,Weekday,600,2-Car,No injury,SPEED TOO FAST FOR WEATHER CONDITIONS,CURRY & SR46W,39.15835953,-86.58264923
2014,9,4,Weekday,600,2-Car,No injury,FOLLOWING TOO CLOSELY,CURRY & SR46W,39.15835953,-86.58264923
2014,10,7,Weekend,1600,2-Car,No injury,FOLLOWING TOO CLOSELY,CURRY & SR45W,39.15835953,-86.58264923
2014,5,5,Weekday,1000,2-Car,functional,DRIVER ILLNESS,CURRY & SR46E,39.15835953,-86.58256264
2014,10,2,Weekday,1500,2-Car,No injury,FAILURE TO YIELD RIGHT OF WAY,CURRY & DOYLE,39.158352,-86.582752
2014,12,4,Weekday,1600,2-Car,No injury,FAILURE TO YIELD RIGHT OF WAY,CURRY & DOYLE,39.158352,-86.582752
2014,9,1,Weekend,1600,2-Car,No injury,UNSAFE BACKING,S CURRY PIKE,39.15834137,-86.58275165
2014,8,1,Weekend,1800,3+ Cars,No injury,OTHER (DRIVER) - EXPLAIN IN NARRATIVE,E BUICK CADILLAC BLVD,39.15829763,-86.49601981
2014,9,5,Weekday,1800,2-Car,No injury,UNSAFE LANE MOVEMENT,3RD & CURRY PIKE,39.15829504,-86.58292002
2014,9,1,Weekend,1000,2-Car,No injury,OTHER (DRIVER) - EXPLAIN IN NARRATIVE,S BASSWOOD DR,39.15826008,-86.57061405
2014,4,3,Weekday,2100,2-Car,functional,FOLLOWING TOO CLOSELY,BUICK CADILLAC & S COLLEGE MALL RD,39.15816,-86.497792
2014,5,5,Weekday,1400,2-Car,No injury,FOLLOWING TOO CLOSELY,BUICK CADILLAC & COLLEGE MALL RD,39.15816,-86.497792
2014,6,4,Weekday,1900,2-Car,No injury,FAILURE TO YIELD RIGHT OF WAY,E BUICK CADILLAC & S COLLEGE MALL RD,39.15816,-86.497792
2014,10,5,Weekday,1400,2-Car,No injury,FOLLOWING TOO CLOSELY,BUICK CADILLAC & COLLEGE MALL,39.15816,-86.497792
2014,12,7,Weekend,700,2-Car,No injury,SPEED TOO FAST FOR WEATHER CONDITIONS,ANNA LEE & BLOOMFIELD,39.158144,-86.5576
2014,10,6,Weekday,1400,2-Car,No injury,FAILURE TO YIELD RIGHT OF WAY,S CURRY PIKE & W DOYLE AVE,39.15805019,-86.58264406
2014,3,4,Weekday,1500,1-Car,No injury,ANIMAL/OBJECT IN ROADWAY,FIELD STONE & SR48W,39.15802002,-86.60535987
2014,3,4,Weekday,1600,2-Car,No injury,IMPROPER LANE USAGE,1205 E MAXWELL LN & HAWTHRONE,39.158012,-86.51966965
2014,1,7,Weekend,1000,1-Car,No injury,ROADWAY SURFACE CONDITION,E MAXWELL LN,39.15788444,-86.51996622
2014,1,4,Weekday,1100,2-Car,No injury,OTHER (ENVIRONMENTAL) - EXPLAIN IN NARR,S BASSWOOD & SR45W,39.1578598,-86.57102966
2014,4,1,Weekend,1600,2-Car,No injury,FAILURE TO YIELD RIGHT OF WAY,E MAXWELL LN & MITCHELL,39.157824,-86.5136
2014,11,5,Weekday,1500,2-Car,No injury,IMPROPER PASSING,E MAXWELL & S WOODLAWN,39.15781014,-86.52269198
2014,11,5,Weekday,1500,Bus,No injury,IMPROPER TURNING,MAXWELL & S HIGH,39.157792,-86.508288
2014,4,3,Weekday,1700,2-Car,No injury,UNSAFE BACKING,S COLLEGE MALL RD,39.15779167,-86.49780376
2014,10,3,Weekday,1200,2-Car,No injury,UNSAFE BACKING,HIGHLAND & MAXWELL,39.15779002,-86.51771373
2014,6,4,Weekday,1200,2-Car,No injury,FAILURE TO YIELD RIGHT OF WAY,JORDAN & MAXWELL LN,39.15779002,-86.51635967
2014,2,4,Weekday,1100,1-Car,No injury,ANIMAL/OBJECT IN ROADWAY,DODDS ST & FAIRVIEW,39.157648,-86.540944
2014,4,3,Weekday,1900,2-Car,No injury,UNSAFE BACKING,DODDS ST & FAIRVIEW,39.157648,-86.540944
2014,12,4,Weekday,1200,2-Car,No injury,UNSAFE BACKING,S AUTO MALL,39.15757343,-86.496168
2014,10,6,Weekday,1300,1-Car,No injury,RAN OFF ROAD RIGHT,COLLEGE & DODDS,39.157568,-86.534896
2014,8,6,Weekday,1600,2-Car,No injury,FOLLOWING TOO CLOSELY,E BRIGHTON & S SMITH RD,39.157552,-86.480592
2014,10,7,Weekend,1100,2-Car,No injury,OTHER (DRIVER) - EXPLAIN IN NARRATIVE,EASTSIDE DR & MAXWELL,39.15754937,-86.51252331
2014,9,3,Weekday,1500,2-Car,No injury,UNSAFE BACKING,W BLOOMFIELD RD,39.15753253,-86.55889011
2014,5,6,Weekday,1800,2-Car,No injury,DRIVER DISTRACTED - EXPLAIN IN NARRATIVE,E GENTRY & SR446S,39.15744,-86.471456
2014,6,6,Weekday,900,Moped/Motorcycle,functional,DISREGARD SIGNAL/REG SIGN,DODDS & WASHINGTON AVE,39.15738031,-86.53243012
2014,5,4,Weekday,1800,2-Car,No injury,IMPROPER TURNING,WEST BLOOMFIELD RD,39.15736355,-86.55924953
2014,5,5,Weekday,1200,2-Car,No injury,OTHER (DRIVER) - EXPLAIN IN NARRATIVE,BLOOMFIELD & CORY LN,39.157248,-86.559792
2014,9,4,Weekday,1400,2-Car,No injury,FAILURE TO YIELD RIGHT OF WAY,S CORY LN & W BLOOMFIELD,39.157248,-86.559792
2014,5,3,Weekday,1600,2-Car,No injury,UNSAFE BACKING,DUNCASTER CT & GENTRY,39.15724021,-86.47490344
2014,7,4,Weekday,1100,2-Car,No injury,FOLLOWING TOO CLOSELY,BLOOMFIELD RD & CORY,39.15710002,-86.55969658
2014,1,4,Weekday,1800,2-Car,functional,FAILURE TO YIELD RIGHT OF WAY,S CURRY PIKE & W GIFFORD,39.156896,-86.582704
2014,2,6,Weekday,1200,2-Car,No injury,DISREGARD SIGNAL/REG SIGN,CURRY PIKE & GIFFORD,39.156896,-86.582704
2014,6,2,Weekday,1600,2-Car,No injury,FOLLOWING TOO CLOSELY,GIFFORD & S CURRY PIKE,39.156896,-86.582704
2014,9,3,Weekday,1700,2-Car,No injury,FOLLOWING TOO CLOSELY,CURRY PIKE & GIFFORD,39.156896,-86.582704