Year,Month,Day,Weekend?,Hour,Collision Type,Injury Type,Primary Factor,Reported_Location,Latitude,Longitude
2014,8,6,Weekday,1500,1-Car,No injury,OTHER (DRIVER) - EXPLAIN IN NARRATIVE,1425 S CURRY PIKE & W GIFFORD,39.156896,-86.582704
2014,9,6,Weekday,900,2-Car,functional,FOLLOWING TOO CLOSELY,CURRY PIKE & GIFFORD,39.156896,-86.582704
2014,12,4,Weekday,1500,2-Car,No injury,UNSAFE LANE MOVEMENT,S CURRY & W GIFFORD,39.156896,-86.582704
2014,1,4,Weekday,1800,1-Car,functional,FAILURE TO YIELD RIGHT OF WAY,S CURRY & W GIFFORD,39.156896,-86.582704
2014,4,4,Weekday,900,2-Car,No injury,WRONG WAY ON ONE WAY,PAPER BIRCH & WOODSIDE DR,39.15685996,-86.59123018
2014,9,1,Weekday,2300,2-Car,No injury,UNSAFE BACKING,GOODNIGHT WAY,39.15676542,-86.49204611
2014,6,5,Weekday,600,2-Car,No injury,FAILURE TO YIELD RIGHT OF WAY,DIXIE & FAIRVIEW ST,39.156752,-86.540976
2014,7,2,Weekday,2100,1-Car,No injury,SPEED TOO FAST FOR WEATHER CONDITIONS,BASSWOOD DR & COPPER BEECH,39.15669031,-86.57108008
2014,1,7,Weekend,2000,2-Car,No injury,OTHER (DRIVER) - EXPLAIN IN NARRATIVE,DIXIE & ROGERS ST,39.15664,-86.538592
2014,12,7,Weekend,2100,3+ Cars,functional,UNSAFE LANE MOVEMENT,DIXIE & FAIRVIEW,39.15657029,-86.54104142
2014,12,7,Weekend,800,1-Car,No injury,OVERCORRECTING/OVERSTEERING,MCCARTNEY & SARE,39.15645912,-86.49749972
2014,12,1,Weekend,1200,2-Car,No injury,FAILURE TO YIELD RIGHT OF WAY,E GOODNIGHT & E STRATUM,39.15633023,-86.4943897
2014,11,5,Weekday,900,1-Car,No injury,UNSAFE SPEED,GOODNIGHT & STRATUM,39.15633023,-86.4943897
2014,2,4,Weekday,800,1-Car,functional,RAN OFF ROAD RIGHT,CURRY & GIFFORD RD,39.15632673,-86.58369893
2014,5,6,Weekday,1000,2-Car,No injury,FAILURE TO YIELD RIGHT OF WAY,ALLEN & BLOOMFIELD RD,39.156144,-86.561296
2014,12,3,Weekday,1100,1-Car,No injury,RAN OFF ROAD RIGHT,E SHERIDAN & S WOODLAWN,39.156144,-86.522528
2014,3,6,Weekend,2300,1-Car,No injury,ANIMAL/OBJECT IN ROADWAY,S ADAMS & W ALLEN ST,39.155952,-86.550592
2014,3,7,Weekend,1000,3+ Cars,No injury,RAN OFF ROAD RIGHT,3RD & JORDAN AVE,39.1558007,-86.5163999
2014,3,2,Weekday,1400,1-Car,No injury,RAN OFF ROAD RIGHT,ALLEN & ROGERS ST,39.155776,-86.538592
2014,2,3,Weekday,1700,1-Car,No injury,SPEED TOO FAST FOR WEATHER CONDITIONS,S LARKSPUR & W ALLEN ST,39.1557502,-86.54797017
2014,5,1,Weekend,1300,1-Car,No injury,RAN OFF ROAD RIGHT,ALLEN ST & LAKESPUR,39.1557502,-86.54797017
2014,7,3,Weekday,1400,2-Car,No injury,FAILURE TO YIELD RIGHT OF WAY,STRONG & W ALLEN ST,39.15565029,-86.54431103
2014,9,4,Weekday,1700,2-Car,No injury,DISREGARD SIGNAL/REG SIGN,S PATTERSON DR & W ALLEN,39.15563316,-86.54330176
2014,4,3,Weekday,800,2-Car,No injury,FOLLOWING TOO CLOSELY,ALLEN & PATTERSON ST,39.15563017,-86.54330983
2014,10,5,Weekday,1000,2-Car,No injury,TIRE FAILURE OR DEFECTIVE,ALLEN ST & PATTERSON,39.15563017,-86.54330983
2014,10,6,Weekday,800,3+ Cars,No injury,FOLLOWING TOO CLOSELY,ALLEN & PATTERSON DR,39.15563017,-86.54330983
2014,11,3,Weekday,700,Bus,No injury,IMPROPER TURNING,ALLEN & ROGERS,39.15558994,-86.53874002
2014,3,6,Weekday,1600,2-Car,No injury,UNSAFE BACKING,CURRY PIKE,39.15556717,-86.58029937
2014,5,4,Weekday,1500,2-Car,No injury,DRIVER DISTRACTED - EXPLAIN IN NARRATIVE,SOUTH CURRY PIKE ROAD RD,39.15556717,-86.58029937
2014,9,5,Weekday,1700,2-Car,functional,FOLLOWING TOO CLOSELY,LAKE CREST & W BLOOMFIELD,39.15547264,-86.56245947
2014,11,7,Weekend,700,1-Car,No injury,ANIMAL/OBJECT IN ROADWAY,LAKECREST & W BLOOMFIELD,39.15544,-86.562192
2014,1,7,Weekend,600,1-Car,No injury,RAN OFF ROAD RIGHT,BLOOMFIELD RD & LAKE CREST,39.15543973,-86.56249537
2014,1,5,Weekday,1700,2-Car,No injury,ROADWAY SURFACE CONDITION,COVENANTER DR & STRATUM,39.15535994,-86.4944257
2014,10,4,Weekday,1400,2-Car,No injury,UNSAFE BACKING,E COVENANTER DR,39.155344,-86.503088
2014,12,5,Weekday,1200,1-Car,No injury,OTHER (DRIVER) - EXPLAIN IN NARRATIVE,E COVENANTER,39.155344,-86.503088
2014,4,3,Weekday,1100,2-Car,No injury,FAILURE TO YIELD RIGHT OF WAY,COLLEGE MALL & COVENANTER DR,39.15518023,-86.4977441
2014,3,4,Weekday,1400,2-Car,No injury,DRIVER DISTRACTED - EXPLAIN IN NARRATIVE,COLLEGE MALL & COVENANTER DR,39.155152,-86.497888
2014,4,4,Weekday,1500,2-Car,No injury,FAILURE TO YIELD RIGHT OF WAY,COVENANTER & S COLLEGE MALL RD,39.155152,-86.497888
2014,10,3,Weekday,700,1-Car,No injury,RAN OFF ROAD RIGHT,COLLEGE MALL RD & COVENANTER,39.155152,-86.497888
2014,11,6,Weekday,1200,Bus,No injury,FOLLOWING TOO CLOSELY,E COVENANTER & S COLLEGE MALL,39.155152,-86.497888
2014,12,4,Weekday,1700,3+ Cars,functional,FOLLOWING TOO CLOSELY,COVENANTER & S COLLEGE MALL,39.155152,-86.497888
2014,12,2,Weekday,1600,2-Car,No injury,FAILURE TO YIELD RIGHT OF WAY,E COVENANTER & S COLLEGE MALL,39.155152,-86.497888
2014,1,4,Weekday,1400,2-Car,No injury,UNSAFE BACKING,BEDROCK & BUCKSKIN CT,39.15511988,-86.60295722
2014,4,5,Weekday,900,2-Car,No injury,UNSAFE BACKING,COPPER BEECH WAY,39.15504679,-86.57064892
2014,5,4,Weekday,900,3+ Cars,No injury,FOLLOWING TOO CLOSELY,E BUICK CADILLAC & SO COLLEGE MALL RD,39.15494099,-86.49789042
2014,10,2,Weekday,900,2-Car,No injury,UNSAFE BACKING,CHERRY ORCHARD,39.15483288,-86.58920913
2014,3,6,Weekday,1700,2-Car,No injury,OTHER (DRIVER) - EXPLAIN IN NARRATIVE,CHERRY ORCHARD CT & WOODSIDE,39.154784,-86.588832
2014,10,4,Weekday,2000,2-Car,No injury,FOLLOWING TOO CLOSELY,COLLEGE MALL RD & COVENANTER,39.15460275,-86.49787712
2014,2,5,Weekday,1600,3+ Cars,No injury,FOLLOWING TOO CLOSELY,FRIENDSHIP & SR46E,39.15458656,-86.40717739
2014,7,4,Weekday,1400,2-Car,functional,FAILURE TO YIELD RIGHT OF WAY,FENBROOK & SMITH RD,39.15453985,-86.48059979
2014,7,2,Weekday,1800,1-Car,No injury,DRIVER DISTRACTED - EXPLAIN IN NARRATIVE,S FENBROOK LN & SMITH,39.15453985,-86.48016738
2014,1,1,Weekend,700,1-Car,No injury,SPEED TOO FAST FOR WEATHER CONDITIONS,GIFFORD RD & PARK SQUARE,39.154448,-86.591696
2014,4,3,Weekday,2000,Pedestrian,functional,RAN OFF ROAD RIGHT,PARK SQUARE & W GIFFORD RD,39.154448,-86.591696
2014,9,6,Weekday,1600,2-Car,No injury,FOLLOWING TOO CLOSELY,GIFFORD RD & PARK SQUARE,39.154448,-86.591696
2014,9,6,Weekday,1300,2-Car,No injury,UNSAFE BACKING,S CLARIZZ BLVD,39.15442787,-86.49078615
2014,1,6,Weekday,1600,2-Car,functional,FAILURE TO YIELD RIGHT OF WAY,E DAVIS & S WALNUT ST,39.154352,-86.5336
2014,4,5,Weekday,1700,2-Car,No injury,FAILURE TO YIELD RIGHT OF WAY,DAVIS & WALNUT ST,39.154352,-86.5336
2014,5,4,Weekday,1500,2-Car,No injury,UNSAFE LANE MOVEMENT,DAVIS & WALNUT ST,39.154352,-86.5336
2014,7,4,Weekday,1700,2-Car,No injury,FOLLOWING TOO CLOSELY,E DAVIS & S WALNUT ST,39.154352,-86.5336
2014,3,3,Weekday,1700,2-Car,No injury,FAILURE TO YIELD RIGHT OF WAY,DAVIS & WASHINGTON ST,39.154352,-86.5324
2014,2,4,Weekday,700,2-Car,,LEFT OF CENTER,OLD SR 46 & SR46E,39.15433121,-86.40343677
2014,4,6,Weekday,1300,2-Car,No injury,OTHER (DRIVER) - EXPLAIN IN NARRATIVE,S COLLEGE MALL RD,39.15430272,-86.49787118
2014,9,7,Weekend,1200,2-Car,No injury,UNSAFE BACKING,SO COLLEGE MALL RD,39.15427029,-86.49764657
2014,8,6,Weekday,1500,2-Car,No injury,IMPROPER TURNING,S COLLEGE MALL RD,39.15427029,-86.49764657
2014,3,3,Weekday,2200,2-Car,non-funcitonal,LEFT OF CENTER,S WEIMER & W BLOOMFIELD RD,39.15424012,-86.56434975
2014,3,2,Weekday,700,1-Car,non-funcitonal,SPEED TOO FAST FOR WEATHER CONDITIONS,BLOOMFIELD RD & WEIMER,39.15424012,-86.56432378
2014,1,5,Weekday,700,2-Car,No injury,FOLLOWING TOO CLOSELY,WEIMER & WEST BLOOMFIELD RD,39.15422924,-86.56425457
2014,4,5,Weekday,2200,2-Car,No injury,OTHER (DRIVER) - EXPLAIN IN NARRATIVE,S COLLEGE MALL RD,39.15412578,-86.49786768
2014,10,3,Weekday,1800,2-Car,No injury,IMPROPER TURNING,S COLLEGE MALL RD,39.15412578,-86.49786768
2014,10,7,Weekend,1500,2-Car,No injury,OTHER (DRIVER) - EXPLAIN IN NARRATIVE,S COLLEGE MALL,39.15412578,-86.49786768
2014,11,2,Weekday,1500,2-Car,No injury,UNSAFE BACKING,S COLLEGE MALL,39.15412578,-86.49786768
2014,1,7,Weekend,1700,2-Car,No injury,SPEED TOO FAST FOR WEATHER CONDITIONS,WEATHERSTONE & WOODLAWN AVE,39.15411003,-86.52264006
2014,8,6,Weekday,1000,2-Car,No injury,UNSAFE BACKING,W BLOOMFIELD RD,39.15394373,-86.56493045
2014,4,2,Weekday,1600,2-Car,No injury,UNSAFE BACKING,S ROGERS ST,39.153936,-86.538592
2014,1,5,Weekday,1000,1-Car,No injury,SPEED TOO FAST FOR WEATHER CONDITIONS,FRIENDSHIP & SR46,39.15390039,-86.40687956
2014,8,7,Weekend,100,1-Car,No injury,OTHER (DRIVER) - EXPLAIN IN NARRATIVE,GRIMES & MORTON ST,39.15385199,-86.536304
2014,11,2,Weekday,800,2-Car,functional,FOLLOWING TOO CLOSELY,FAIRVIEW & PATTERSON,39.15382974,-86.5411206
2014,3,1,Weekend,1600,2-Car,functional,FOLLOWING TOO CLOSELY,S FAIRVEIW & S PATTERSON DR,39.15382974,-86.5410903
2014,3,2,Weekday,1300,2-Car,No injury,FOLLOWING TOO CLOSELY,S ROGERS & W PATTERSON DR,39.15379296,-86.53875218
2014,2,1,Weekend,900,2-Car,No injury,DISREGARD SIGNAL/REG SIGN,PATTERSON & ROGERS ST,39.15379018,-86.53875008
2014,12,4,Weekday,1800,2-Car,No injury,FOLLOWING TOO CLOSELY,PATTERSON & SOUTH ROGERS,39.15379018,-86.53875008
2014,1,6,Weekday,1700,2-Car,functional,FOLLOWING TOO CLOSELY,PATTERSON DR & ROGERS,39.15379018,-86.53875008
2014,7,3,Weekday,1700,2-Car,functional,FAILURE TO YIELD RIGHT OF WAY,PATTERSON & ROGERS ST,39.15379018,-86.53875008
2014,8,4,Weekday,800,2-Car,No injury,UNSAFE LANE MOVEMENT,S ROGERS ST & W PATTERSON,39.15379018,-86.53875008
2014,10,4,Weekday,1800,2-Car,No injury,DISREGARD SIGNAL/REG SIGN,PATTERSON & ROGERS,39.15379018,-86.53875008
2014,10,6,Weekday,1700,Moped/Motorcycle,functional,OTHER (VEHICLE) - EXPLAIN IN NARRATIVE,BLOOMFIELD & WEIMER,39.15377468,-86.56501979
2014,8,2,Weekday,700,2-Car,No injury,FAILURE TO YIELD RIGHT OF WAY,COLLEGE MALL RD & THIRD,39.15366572,-86.49827018
2014,1,5,Weekday,600,2-Car,functional,SPEED TOO FAST FOR WEATHER CONDITIONS,LIBERTY & SR45W,39.15365982,-86.57530975
2014,4,7,Weekend,1100,2-Car,No injury,UNSAFE BACKING,S COLLEGE MALL RD,39.15365396,-86.49785834
2014,6,1,Weekend,1500,Moped/Motorcycle,functional,FOLLOWING TOO CLOSELY,BRUMMETTS CREEK & SR46E,39.15360838,-86.39414368
2014,3,7,Weekend,1200,2-Car,No injury,UNSAFE BACKING,S COLLEGE MALL RD,39.153536,-86.497856
2014,2,3,Weekday,1600,2-Car,No injury,FAILURE TO YIELD RIGHT OF WAY,S CURRY PIKE & W HERITAGE,39.153504,-86.58272
2014,11,2,Weekday,1700,2-Car,No injury,IMPROPER PASSING,S CURRY,39.15344974,-86.58271791
2014,9,2,Weekday,2200,1-Car,No injury,ANIMAL/OBJECT IN ROADWAY,KENT & SR46E,39.1534483,-86.39383017
2014,8,1,Weekend,1300,2-Car,No injury,FOLLOWING TOO CLOSELY,GRIMES LN & WALNUT,39.15344,-86.53395276
2014,1,2,Weekday,100,1-Car,No injury,RAN OFF ROAD RIGHT,GRIMES LN & MORTON,39.15344,-86.536304
2014,1,6,Weekday,1300,2-Car,No injury,FOLLOWING TOO CLOSELY,GRIMES & WALNUT ST,39.15344,-86.5336
2014,1,6,Weekday,1400,2-Car,No injury,FOLLOWING TOO CLOSELY,GRIMES & WALNUT ST,39.15344,-86.5336
2014,2,5,Weekday,1700,3+ Cars,functional,FOLLOWING TOO CLOSELY,GRIMES & WALNUT ST,39.15344,-86.5336
2014,3,2,Weekday,600,2-Car,No injury,FAILURE TO YIELD RIGHT OF WAY,GRIMES & S WALNUT ST,39.15344,-86.5336
2014,3,5,Weekday,1400,2-Car,No injury,UNSAFE LANE MOVEMENT,GRIMES AVE & WALNUT,39.15344,-86.5336
2014,3,7,Weekend,700,2-Car,functional,DISREGARD SIGNAL/REG SIGN,GRIMES & WALNUT ST,39.15344,-86.5336
2014,4,4,Weekday,700,2-Car,No injury,FAILURE TO YIELD RIGHT OF WAY,E GRIMES LN & S WALNUT,39.15344,-86.5336
2014,5,3,Weekday,2000,Moped/Motorcycle,non-funcitonal,FAILURE TO YIELD RIGHT OF WAY,GRIMES & WALNUT ST,39.15344,-86.5336
2014,5,7,Weekend,1500,2-Car,No injury,IMPROPER TURNING,GRIMES & S WALNUT ST,39.15344,-86.5336
2014,6,6,Weekday,800,Cyclist,functional,FAILURE TO YIELD RIGHT OF WAY,GRIMES & S WALNUT ST,39.15344,-86.5336
2014,7,2,Weekday,1700,3+ Cars,functional,FAILURE TO YIELD RIGHT OF WAY,GRIMES & S WALNUT ST,39.15344,-86.5336
2014,7,7,Weekend,1500,2-Car,No injury,FOLLOWING TOO CLOSELY,E GRIMES LN & S WALNUT,39.15344,-86.5336
2014,10,6,Weekday,1200,2-Car,No injury,FAILURE TO YIELD RIGHT OF WAY,E GRIMES & S WALNUT,39.15344,-86.5336
2014,8,4,Weekday,1500,2-Car,No injury,DISREGARD SIGNAL/REG SIGN,GRIMES & WASHINGTON ST,39.15344,-86.5324
2014,12,2,Weekday,2000,2-Car,No injury,IMPROPER TURNING,GRIMES & WASHINGTON,39.15344,-86.5324
2014,1,3,Weekday,900,2-Car,No injury,FAILURE TO YIELD RIGHT OF WAY,E GRIMES & S HENDERSON ST,39.153392,-86.527008
2014,2,6,Weekday,400,2-Car,No injury,UNSAFE LANE MOVEMENT,GRIMES & PARK AVE,39.15336,-86.5236
2014,6,5,Weekday,2300,2-Car,No injury,IMPROPER LANE USAGE,S WALNUT & W GRIMES ST,39.15335029,-86.53371021
2014,7,4,Weekday,900,2-Car,No injury,FOLLOWING TOO CLOSELY,GRIMES & WALNUT ST,39.15335029,-86.53371021
2014,8,3,Weekday,1700,2-Car,No injury,IMPROPER TURNING,GRIMES & S WOODLAWN AVE,39.153344,-86.522512
2014,9,2,Weekday,800,2-Car,No injury,FAILURE TO YIELD RIGHT OF WAY,GRIMES & WOODLAWN AVE,39.153344,-86.522512
2014,6,3,Weekday,1100,2-Car,No injury,DRIVER DISTRACTED - EXPLAIN IN NARRATIVE,GRIMES LN & WASHINGTON,39.15334024,-86.5324898
2014,8,4,Weekday,1600,2-Car,No injury,OTHER (DRIVER) - EXPLAIN IN NARRATIVE,WEST GRIMES LN,39.15331744,-86.53535507
2014,6,6,Weekend,1900,2-Car,functional,FOLLOWING TOO CLOSELY,MEADOW CREEK & SARE RD,39.15331167,-86.49999015
2014,2,6,Weekday,1600,Bus,No injury,ROADWAY SURFACE CONDITION,GRIMES & HENDERSON ST,39.1533,-86.52696982
2014,5,4,Weekday,1300,2-Car,No injury,IMPROPER LANE USAGE,GRIMES & WALNUT ST,39.15316534,-86.5336
2014,8,7,Weekend,0,2-Car,No injury,UNSAFE BACKING,S FENBROOK LN,39.15300764,-86.48527219
2014,11,4,Weekday,700,2-Car,No injury,FAILURE TO YIELD RIGHT OF WAY,S PATTERSON,39.15296173,-86.54312897
2014,6,2,Weekday,1400,2-Car,No injury,OTHER (VEHICLE) - EXPLAIN IN NARRATIVE,S COLLEGE MALL RD,39.15289614,-86.49788584
2014,4,2,Weekday,2200,1-Car,No injury,RAN OFF ROAD RIGHT,GARRISON CHAPEL RD & RICE,39.15283437,-86.64413512
2014,9,4,Weekday,1500,2-Car,functional,OTHER (DRIVER) - EXPLAIN IN NARRATIVE,SR37S,39.15270883,-86.573301
2014,9,6,Weekday,1200,2-Car,No injury,IMPROPER LANE USAGE,S CLARIZZ BLVD,39.152634,-86.492729
2014,12,7,Weekend,1600,2-Car,No injury,UNSAFE SPEED,S CLARIZZ  APT L,39.15263367,-86.49272919
2014,3,6,Weekday,1500,Moped/Motorcycle,functional,UNSAFE SPEED,S CLARIZZ BLVD,39.15263367,-86.49272918
2014,4,5,Weekday,1800,2-Car,No injury,UNSAFE BACKING,S CLARIZZ BLVD,39.15263367,-86.49272918
2014,2,5,Weekday,1700,2-Car,No injury,FAILURE TO YIELD RIGHT OF WAY,E DRISCOLL DR & S DUNN,39.152544,-86.528
2014,9,3,Weekday,1500,2-Car,No injury,UNSAFE BACKING,CLARIZZ & COVENANTER DR,39.15246986,-86.49054588
2014,6,4,Weekday,1600,2-Car,No injury,UNSAFE BACKING,S BASSWOOD CIR,39.15245511,-86.57238028
2014,2,6,Weekday,1400,2-Car,No injury,FAILURE TO YIELD RIGHT OF WAY,CURRY PIKE & SIERRA,39.1524,-86.582704
2014,10,6,Weekday,1300,2-Car,No injury,UNSAFE BACKING,CURRY & SIERRA,39.1524,-86.582704
2014,9,6,Weekday,1200,2-Car,No injury,UNSAFE BACKING,CURRY & SIERRA DR,39.1524,-86.582704
2014,9,2,Weekday,1400,2-Car,functional,FAILURE TO YIELD RIGHT OF WAY,SOUTH WALNUT ST & WEST MONON,39.15224,-86.5336
2014,11,1,Weekend,300,2-Car,No injury,ANIMAL/OBJECT IN ROADWAY,COBBLEFIELD & WEATHERSTONE,39.15215001,-86.51912972
2014,8,3,Weekday,1700,3+ Cars,No injury,FOLLOWING TOO CLOSELY,COLLEGE MALL RD & MOORES,39.15209485,-86.49792321
2014,3,7,Weekend,1900,1-Car,No injury,RAN OFF ROAD RIGHT,E BRENDA LN & HENDERSON ST,39.151952,-86.526976
2014,9,4,Weekday,1000,2-Car,No injury,UNSAFE BACKING,1400 S BRENDA LN & S FESS,39.151952,-86.525888
2014,11,4,Weekday,1300,2-Car,No injury,FOLLOWING TOO CLOSELY,E BRENDA & S HENDERSON,39.15182009,-86.5269497
2014,1,3,Weekday,1600,1-Car,No injury,RAN OFF ROAD RIGHT,S ROGERS ST & W COLLIDGE,39.15180825,-86.53880976
2014,11,2,Weekday,1800,1-Car,functional,RAN OFF ROAD RIGHT,SOUTH ROGERS & WEST WILSON,39.151744,-86.538592
2014,1,5,Weekday,700,2-Car,No injury,LEFT OF CENTER,E WILSON & S WALNUT ST,39.151648,-86.5336
2014,1,6,Weekday,1400,2-Car,No injury,FOLLOWING TOO CLOSELY,E WILSON & S WALNUT ST,39.151648,-86.5336
2014,2,6,Weekday,1600,Bus,No injury,IMPROPER PASSING,SOUTH BRENDA ST,39.15163301,-86.52554757
2014,11,5,Weekday,1200,2-Car,No injury,FAILURE TO YIELD RIGHT OF WAY,N BRUMMETTS CREEK & SR46E,39.151552,-86.389584
2014,11,6,Weekday,1400,2-Car,No injury,UNSAFE LANE MOVEMENT,BASSWOOD & SR45W,39.15153122,-86.572258
2014,5,1,Weekday,1900,1-Car,No injury,ANIMAL/OBJECT IN ROADWAY,HIGH ST & HILLSIDE,39.15136797,-86.508288
2014,3,6,Weekday,1700,1-Car,No injury,OTHER (DRIVER) - EXPLAIN IN NARRATIVE,W GIFFORD RD,39.15135684,-86.59828575
2014,6,5,Weekday,100,1-Car,functional,RAN OFF ROAD RIGHT,LARRY WAYNE & SMITH RDS,39.15132801,-86.48037984
2014,7,5,Weekday,1500,2-Car,No injury,FAILURE TO YIELD RIGHT OF WAY,CONSTITUTION & CURRY PIKE,39.15127024,-86.58262029
2014,4,1,Weekend,1700,2-Car,No injury,UNSAFE BACKING,CURRY & LAMPLIGHTER MALL CT,39.151248,-86.582704
2014,6,3,Weekday,2100,3+ Cars,No injury,DRIVER ILLNESS,S COLLEGE MALL RD,39.151184,-86.496292
2014,11,2,Weekday,700,1-Car,No injury,RAN OFF ROAD RIGHT,CURRY PIKE,39.15113278,-86.58256263
2014,8,4,Weekday,1200,2-Car,No injury,UNSAFE BACKING,FENBROOK LN,39.15075526,-86.48635312
2014,1,7,Weekend,2100,2-Car,No injury,SPEED TOO FAST FOR WEATHER CONDITIONS,HILLSIDE & WOODLAWN AVE,39.15072,-86.522496
2014,1,4,Weekday,1400,2-Car,functional,DISREGARD SIGNAL/REG SIGN,HILLSIDE DR & WOODLAWN,39.15072,-86.522496
2014,7,3,Weekday,900,2-Car,No injury,FAILURE TO YIELD RIGHT OF WAY,BASSWOOD & BASSWOOD DR,39.15070027,-86.57144017
2014,6,2,Weekday,1800,3+ Cars,functional,FOLLOWING TOO CLOSELY,600 BLK E HILLSIDE DR & HENDERSON,39.15067858,-86.52590322
2014,4,5,Weekday,1300,2-Car,No injury,FOLLOWING TOO CLOSELY,E HILLSIDE DR & OLIVE,39.150656,-86.5188
2014,2,7,Weekend,1500,2-Car,functional,FOLLOWING TOO CLOSELY,S ROGERS ST & W HILLSIDE,39.15064,-86.538592
2014,5,6,Weekday,1100,1-Car,functional,RAN OFF ROAD RIGHT,HILLSIDE & S ROGERS ST,39.15064,-86.538592
2014,3,3,Weekday,700,Bus,No injury,DISREGARD SIGNAL/REG SIGN,HILLSIDE & S HENDERSON ST,39.15064,-86.52696
2014,5,3,Weekday,1700,2-Car,No injury,FOLLOWING TOO CLOSELY,E HILLSIDE DR & S HENDERSON,39.15064,-86.52696
2014,5,3,Weekday,1100,2-Car,No injury,UNSAFE BACKING,E HILLSIDE DR & S HENDERSON,39.15064,-86.52696
2014,9,7,Weekend,1300,2-Car,No injury,FAILURE TO YIELD RIGHT OF WAY,E HILLSIDE DR & S HENDERSON,39.15064,-86.52696
2014,3,4,Weekday,800,2-Car,functional,FOLLOWING TOO CLOSELY,HENDERSON & HILLSIDE DR,39.15063737,-86.52713634
2014,2,3,Weekday,1800,2-Car,No injury,FAILURE TO YIELD RIGHT OF WAY,HILLSIDE DR & PALMER,39.150608,-86.529104
2014,6,4,Weekday,1200,2-Car,No injury,UNSAFE BACKING,E HILLSIDE DR,39.150608,-86.529104
2014,8,7,Weekend,1500,1-Car,No injury,UNSAFE LANE MOVEMENT,E HILLSIDE DR & S MAXWELL,39.150576,-86.515088
2014,11,6,Weekday,800,2-Car,No injury,FAILURE TO YIELD RIGHT OF WAY,HENDERSON & HILLSIDE,39.15056013,-86.52691014
2014,8,7,Weekend,1100,2-Car,No injury,SPEED TOO FAST FOR WEATHER CONDITIONS,HENDERSON & HILLSIDE DR,39.15056013,-86.52691446
2014,4,7,Weekend,1400,2-Car,functional,FOLLOWING TOO CLOSELY,E HILLSIDE ST & S HENDERSON,39.15056013,-86.52691014
2014,1,3,Weekday,800,3+ Cars,No injury,FAILURE TO YIELD RIGHT OF WAY,HIGHLAND & HILLSIDE DR,39.15055007,-86.51695981
2014,10,4,Weekday,1900,1-Car,No injury,ANIMAL/OBJECT IN ROADWAY,DORCHESTER & HILLSIDE,39.15054508,-86.51365021
2014,6,4,Weekday,700,2-Car,No injury,FOLLOWING TOO CLOSELY,HILLSIDE & WALNUT ST,39.150544,-86.5336
2014,9,4,Weekday,1500,2-Car,No injury,FAILURE TO YIELD RIGHT OF WAY,E HILLSIDE & S WALNUT ST,39.150544,-86.5336
2014,9,4,Weekday,2000,Pedestrian,functional,DISREGARD SIGNAL/REG SIGN,HILLSIDE DR & WALNUT,39.150544,-86.5336
2014,9,2,Weekday,1700,2-Car,No injury,UNSAFE LANE MOVEMENT,HILLSIDE & WALNUT,39.150544,-86.5336
2014,11,5,Weekday,1300,2-Car,functional,FOLLOWING TOO CLOSELY,E HILLSIDE & S WALNUT,39.150544,-86.5336
2014,12,5,Weekday,1100,2-Car,No injury,FAILURE TO YIELD RIGHT OF WAY,HILLSIDE & WALNUT,39.150544,-86.5336
2014,1,1,Weekend,1100,2-Car,No injury,UNSAFE BACKING,DORCHESTER DR & HILLSIDE,39.150544,-86.512592
2014,1,3,Weekday,900,3+ Cars,No injury,FAILURE TO YIELD RIGHT OF WAY,E HILLSIDE DR & LONGWOOD,39.150544,-86.512592
2014,11,3,Weekday,1800,3+ Cars,No injury,FOLLOWING TOO CLOSELY,DORCHESTER & HILLSIDE,39.150544,-86.512592
2014,9,3,Weekday,1900,Moped/Motorcycle,functional,ANIMAL/OBJECT IN ROADWAY,CLIFTON & HILLSIDE DR,39.150544,-86.5096
2014,11,6,Weekday,1500,3+ Cars,No injury,FOLLOWING TOO CLOSELY,E MOORES & S VALLEY FORGE,39.150544,-86.502992
2014,4,2,Weekday,800,3+ Cars,No injury,FAILURE TO YIELD RIGHT OF WAY,HENDERSON & HILLSIDE DR,39.15053895,-86.52588074
2014,12,1,Weekend,1000,2-Car,No injury,FOLLOWING TOO CLOSELY,HILLSIDE & WALNUT,39.15051989,-86.53366998
2014,5,5,Weekday,2100,2-Car,No injury,FOLLOWING TOO CLOSELY,EAST MOORES PIKE & SOUTH COLLEGE MALL,39.15048033,-86.49825006
2014,4,2,Weekday,800,3+ Cars,No injury,FOLLOWING TOO CLOSELY,MOORES PIKE & SARE,39.15046593,-86.49990511
2014,1,3,Weekday,1100,2-Car,No injury,FAILURE TO YIELD RIGHT OF WAY,MOORES & SARE RD,39.150448,-86.4992
2014,4,4,Weekday,1300,2-Car,No injury,FAILURE TO YIELD RIGHT OF WAY,E MOORES PIKE & S SARE,39.150448,-86.4992
2014,2,5,Weekday,1200,2-Car,No injury,FAILURE TO YIELD RIGHT OF WAY,E MOORES PIKE & SO COLLEGE MALL RD,39.150448,-86.498
2014,5,6,Weekday,1300,2-Car,No injury,FAILURE TO YIELD RIGHT OF WAY,COLLEGE MALL & MOORES PIKE,39.150448,-86.498
2014,6,1,Weekday,2000,2-Car,functional,FAILURE TO YIELD RIGHT OF WAY,COLLEGE MALL & MOORES PIKE,39.150448,-86.498