Year,Month,Day,Weekend?,Hour,Collision Type,Injury Type,Primary Factor,Reported_Location,Latitude,Longitude
2014,5,2,Weekday,1600,2-Car,No injury,DRIVER DISTRACTED - EXPLAIN IN NARRATIVE,S HIGHLAND AVE,39.14185333,-86.51425933
2014,9,5,Weekday,1800,Cyclist,non-funcitonal,FAILURE TO YIELD RIGHT OF WAY,HIGHLAND AVE,39.14185333,-86.51425933
2014,6,4,Weekday,1700,2-Car,No injury,FAILURE TO YIELD RIGHT OF WAY,S LEONARD SPRINGS & SR45W,39.14173515,-86.58337308
2014,3,5,Weekday,800,1-Car,No injury,ANIMAL/OBJECT IN ROADWAY,N CURRY & SR45W,39.14145928,-86.58418054
2014,11,7,Weekend,1300,2-Car,functional,DRIVER DISTRACTED - EXPLAIN IN NARRATIVE,LEONARD SPRINGS & SR45,39.14145928,-86.58418054
2014,7,4,Weekday,1400,1-Car,No injury,DRIVER DISTRACTED - EXPLAIN IN NARRATIVE,S ROCKPORT RD,39.14144,-86.543632
2014,8,3,Weekday,800,2-Car,No injury,FAILURE TO YIELD RIGHT OF WAY,S ROCKPORT RD & W COOLIDGE,39.14144,-86.543632
2014,9,5,Weekday,800,1-Car,No injury,RAN OFF ROAD RIGHT,BROWN & COOLIDGE RD,39.14144,-86.542
2014,7,7,Weekend,2000,Moped/Motorcycle,non-funcitonal,IMPROPER TURNING,S BRYAN ST & W COOLIDGE,39.141248,-86.536336
2014,2,6,Weekday,900,2-Car,No injury,OTHER (DRIVER) - EXPLAIN IN NARRATIVE,ROCKPORT 1205 RD,39.141129,-86.545921
2014,8,2,Weekday,100,2-Car,No injury,IMPROPER TURNING,SOUTH ROCKPORT RD,39.141129,-86.545921
2014,11,6,Weekday,1300,2-Car,No injury,UNSAFE BACKING,LEONARD SPRINGS,39.14107513,-86.5829773
2014,1,3,Weekday,900,2-Car,functional,FOLLOWING TOO CLOSELY,SARE & SPICEWOOD LN,39.14093752,-86.49686415
2014,11,7,Weekend,1100,2-Car,No injury,FAILURE TO YIELD RIGHT OF WAY,SO HICKORY LEAF & SR45W,39.14070129,-86.57746124
2014,3,5,Weekday,1200,2-Car,functional,FAILURE TO YIELD RIGHT OF WAY,HICKORY LEAF & SR45E,39.14070129,-86.57746124
2014,7,6,Weekday,1700,2-Car,No injury,DISREGARD SIGNAL/REG SIGN,HICKORY LEAF & SR45W,39.14070129,-86.57746124
2014,10,1,Weekend,1100,2-Car,No injury,UNSAFE BACKING,OAKLEAF,39.14032364,-86.57542419
2014,2,7,Weekend,200,2-Car,No injury,OVERCORRECTING/OVERSTEERING,S WALNUT ST,39.140288,-86.581984
2014,4,2,Weekday,1700,2-Car,No injury,FAILURE TO YIELD RIGHT OF WAY,GRAHAM & ROCKPORT RD,39.140144,-86.54496
2014,2,7,Weekend,1600,2-Car,No injury,FAILURE TO YIELD RIGHT OF WAY,S ROCKPORT RD & W GRAHAM,39.13998015,-86.54512971
2014,3,6,Weekday,1200,2-Car,No injury,OTHER (DRIVER) - EXPLAIN IN NARRATIVE,E GRAHAM PL,39.13995331,-86.53931527
2014,2,1,Weekend,800,1-Car,functional,RAN OFF ROAD RIGHT,LARRY LANE & SO SMITH RD,39.13976364,-86.48037314
2014,1,3,Weekday,800,2-Car,No injury,FAILURE TO YIELD RIGHT OF WAY,ROCKCREEK & S HIGH ST,39.13971998,-86.50822989
2014,3,2,Weekday,1600,2-Car,No injury,IMPROPER TURNING,SOUTH OLD STATE ROAD 37 HWY,39.138688,-86.465968
2014,3,2,Weekday,300,2-Car,No injury,UNSAFE BACKING,OLD STATE ROAD 37 HWY,39.138688,-86.465968
2014,4,4,Weekday,1800,Moped/Motorcycle,functional,UNSAFE SPEED,OLD STATE ROAD 37 SOUTH RD,39.138688,-86.465968
2014,7,6,Weekday,1000,2-Car,No injury,UNSAFE BACKING,SOUTH OLD STATE ROAD 37 RD,39.138688,-86.465968
2014,8,4,Weekday,1700,2-Car,No injury,IMPROPER TURNING,OLD STATE ROAD 37 S RD,39.138688,-86.465968
2014,10,5,Weekday,1600,2-Car,No injury,UNSAFE BACKING,OLD STATE ROAD 37,39.138688,-86.465968
2014,1,6,Weekday,1500,2-Car,No injury,FAILURE TO YIELD RIGHT OF WAY,RALSTON & ROCKPORT RD,39.13860016,-86.54647015
2014,4,7,Weekend,1200,2-Car,No injury,VIEW OBSTRUCTED,SR45S & W AIRPORT,39.13851891,-86.59099291
2014,12,2,Weekday,1900,1-Car,No injury,ANIMAL/OBJECT IN ROADWAY,SR45W & W AIRPORT,39.13851891,-86.59099291
2014,3,1,Weekend,1700,2-Car,functional,FOLLOWING TOO CLOSELY,SOUTH WALNUT ST,39.1383667,-86.52993011
2014,6,4,Weekday,1100,2-Car,functional,FOLLOWING TOO CLOSELY,VERMILYA & WALNUT ST,39.13834975,-86.53324015
2014,11,5,Weekday,700,2-Car,functional,FAILURE TO YIELD RIGHT OF WAY,LEONARD SPRINGS & STAPLETON,39.13824007,-86.58261024
2014,4,3,Weekday,1100,2-Car,No injury,FAILURE TO YIELD RIGHT OF WAY,GRAHAM & HENDERSON ST,39.13821073,-86.52677594
2014,5,3,Weekday,1700,3+ Cars,functional,UNSAFE LANE MOVEMENT,SR37S & TAPP,39.13778154,-86.57290515
2014,2,4,Weekday,1300,2-Car,No injury,WRONG WAY ON ONE WAY,SOUTH WALNUT ST,39.137744,-86.530288
2014,5,4,Weekday,1600,3+ Cars,functional,FOLLOWING TOO CLOSELY,SR37S & TAPP,39.13772661,-86.57290448
2014,9,1,Weekend,1500,3+ Cars,No injury,FAILURE TO YIELD RIGHT OF WAY,DANIEL ST & FORRESTER,39.13756013,-86.49338135
2014,5,5,Weekday,800,2-Car,No injury,IMPROPER LANE USAGE,DANIEL ST & FORRESTER,39.13756013,-86.49336837
2014,11,7,Weekend,1700,2-Car,No injury,LEFT OF CENTER,EAST MOSS CREEK & WINSLOW FARM,39.13736031,-86.5208403
2014,10,4,Weekday,1600,2-Car,No injury,FOLLOWING TOO CLOSELY,AIRPORT & SR45W,39.13734928,-86.59295229
2014,3,7,Weekend,1800,2-Car,No injury,UNSAFE SPEED,SR37S & TAPP,39.13731465,-86.57289939
2014,11,6,Weekday,600,2-Car,No injury,FOLLOWING TOO CLOSELY,SR37S & W TAPP,39.13731465,-86.57289939
2014,2,6,Weekday,1800,2-Car,No injury,UNSAFE BACKING,SOUTH WALNUT ST,39.137264,-86.529808
2014,8,4,Weekday,1400,1-Car,non-funcitonal,RAN OFF ROAD RIGHT,N LOUDEN RD & W RATLIFF,39.13715872,-86.63986124
2014,9,5,Weekday,1500,3+ Cars,No injury,UNSAFE SPEED,SR37S & W TAPP,39.13712239,-86.57289702
2014,6,5,Weekday,600,2-Car,No injury,UNSAFE LANE MOVEMENT,DAWSON LN & MEETING HOUSE,39.13711396,-86.55509009
2014,5,5,Weekday,1400,2-Car,No injury,FOLLOWING TOO CLOSELY,AIRPORT & SR45W,39.13709864,-86.59337215
2014,1,4,Weekday,1400,2-Car,No injury,IMPROPER TURNING,S OLD STATE ROAD 37 RD,39.137088,-86.53056
2014,2,4,Weekday,2000,2-Car,No injury,UNSAFE LANE MOVEMENT,S OLD SR 37 RD,39.137088,-86.53056
2014,5,5,Weekday,1400,2-Car,No injury,IMPROPER TURNING,S OLD SR 37 RD,39.137088,-86.53056
2014,6,3,Weekday,2000,2-Car,No injury,FAILURE TO YIELD RIGHT OF WAY,S OLD STATE ROAD 37 RD,39.137088,-86.53056
2014,6,7,Weekend,1700,1-Car,No injury,UNSAFE BACKING,S OLD STATE RD 37 RD,39.137088,-86.53056
2014,7,1,Weekday,1900,2-Car,No injury,UNSAFE BACKING,S OLD STATE ROAD 37 RD,39.137088,-86.53056
2014,9,7,Weekend,1200,2-Car,No injury,OTHER (DRIVER) - EXPLAIN IN NARRATIVE,S OLD SR 37 RD,39.137088,-86.53056
2014,11,7,Weekend,1500,2-Car,No injury,IMPROPER LANE USAGE,S OLD ST RD 37,39.137088,-86.53056
2014,12,7,Weekend,1800,2-Car,No injury,IMPROPER TURNING,S OLD STATE ROAD 37,39.137088,-86.53056
2014,1,5,Weekday,700,2-Car,No injury,FOLLOWING TOO CLOSELY,37 STATE & W TAPP RD,39.13704,-86.57324868
2014,12,3,Weekday,1600,1-Car,No injury,RAN OFF ROAD RIGHT,S GARRISON CHAPEL & W AIRPORT,39.13704,-86.642832
2014,1,6,Weekday,700,2-Car,No injury,FAILURE TO YIELD RIGHT OF WAY,LEONARD SPRINGS RD & TAPP,39.13704,-86.582512
2014,4,6,Weekday,1700,2-Car,functional,FAILURE TO YIELD RIGHT OF WAY,LEONARD SPRINGS RD & TAPP,39.13704,-86.582512
2014,4,3,Weekday,1700,3+ Cars,No injury,FAILURE TO YIELD RIGHT OF WAY,LEONARD SPRINGS RD & TAPP,39.13704,-86.582512
2014,8,2,Weekday,800,Moped/Motorcycle,No injury,DRIVER DISTRACTED - EXPLAIN IN NARRATIVE,LEONARD SPRINGS RD & TAPP,39.13704,-86.582512
2014,10,3,Weekday,400,2-Car,functional,FOLLOWING TOO CLOSELY,LEONARD SPRINGS RD & TAPP,39.13704,-86.582512
2014,10,4,Weekday,1800,3+ Cars,No injury,SPEED TOO FAST FOR WEATHER CONDITIONS,SOUTH LEONARD SPRINGS & WEST TAPP,39.13704,-86.582512
2014,2,4,Weekday,1500,2-Car,No injury,FOLLOWING TOO CLOSELY,RAYLE & W TAPP RD,39.13704,-86.577504
2014,8,2,Weekday,1800,Moped/Motorcycle,functional,FAILURE TO YIELD RIGHT OF WAY,SOUTH RAYLE & WEST TAPP RD,39.13704,-86.577504
2014,1,5,Weekday,800,2-Car,No injury,FOLLOWING TOO CLOSELY,SR37S & TAPP,39.13704,-86.572896
2014,3,2,Weekday,1600,3+ Cars,No injury,FOLLOWING TOO CLOSELY,SR37S & TAPP,39.13704,-86.572896
2014,3,1,Weekend,1200,2-Car,No injury,FOLLOWING TOO CLOSELY,SR37N & TAPP,39.13704,-86.572896
2014,3,1,Weekend,1300,2-Car,No injury,FOLLOWING TOO CLOSELY,SR37S & TAPP,39.13704,-86.572896
2014,4,6,Weekday,600,2-Car,functional,FOLLOWING TOO CLOSELY,SR37N & TAPP,39.13704,-86.572896
2014,5,4,Weekday,700,2-Car,No injury,FOLLOWING TOO CLOSELY,SR37N & TAPP,39.13704,-86.572896
2014,5,2,Weekday,1400,2-Car,functional,FAILURE TO YIELD RIGHT OF WAY,SR37 & TAPP RD,39.13704,-86.572896
2014,6,3,Weekday,1700,2-Car,No injury,FOLLOWING TOO CLOSELY,SR37S & TAPP,39.13704,-86.572896
2014,6,6,Weekday,1700,2-Car,No injury,FOLLOWING TOO CLOSELY,SR37S & TAPP,39.13704,-86.572896
2014,7,6,Weekday,1700,2-Car,No injury,DISREGARD SIGNAL/REG SIGN,SR37S & W TAPP,39.13704,-86.572896
2014,7,6,Weekday,1400,Moped/Motorcycle,No injury,FOLLOWING TOO CLOSELY,SR37S & W TAPP,39.13704,-86.572896
2014,8,1,Weekend,200,2-Car,No injury,FOLLOWING TOO CLOSELY,SR37S & W TAPP,39.13704,-86.572896
2014,8,4,Weekday,1200,2-Car,functional,FOLLOWING TOO CLOSELY,SR37S & TAPP,39.13704,-86.572896
2014,9,4,Weekday,2100,3+ Cars,functional,FAILURE TO YIELD RIGHT OF WAY,SR37S & W TAPP,39.13704,-86.572896
2014,10,2,Weekday,1000,2-Car,No injury,FOLLOWING TOO CLOSELY,SR37S & TAPP,39.13704,-86.572896
2014,12,2,Weekday,2300,2-Car,functional,FAILURE TO YIELD RIGHT OF WAY,SR37S & W TAPP,39.13704,-86.572896
2014,12,3,Weekday,1500,2-Car,functional,FOLLOWING TOO CLOSELY,TAPP,39.13704,-86.572896
2014,12,4,Weekday,600,2-Car,No injury,FOLLOWING TOO CLOSELY,SR37 & W TAPP,39.13704,-86.572896
2014,2,6,Weekday,700,1-Car,No injury,ROADWAY SURFACE CONDITION,2100 S SMITH RD & LORELEI,39.13703215,-86.481331
2014,8,6,Weekend,2200,1-Car,No injury,ANIMAL/OBJECT IN ROADWAY,AIRPORT RD & CAVE,39.13689005,-86.62524126
2014,12,1,Weekend,1100,2-Car,No injury,OVERCORRECTING/OVERSTEERING,7155 W AIRPORT & S CAVE,39.13688,-86.628768
2014,8,6,Weekday,900,2-Car,No injury,FOLLOWING TOO CLOSELY,AIRPORT RD & KIRBY,39.136848,-86.610192
2014,10,6,Weekday,600,1-Car,No injury,RAN OFF ROAD RIGHT,AIRPORT & KIRBY,39.136848,-86.610192
2014,8,3,Weekday,1900,2-Car,functional,FAILURE TO YIELD RIGHT OF WAY,AIRPORT RD & BUNGER,39.136848,-86.606
2014,8,3,Weekday,400,2-Car,No injury,FAILURE TO YIELD RIGHT OF WAY,S BUNGER RD & W AIRPORT,39.136848,-86.606
2014,4,3,Weekday,1100,1-Car,non-funcitonal,RAN OFF ROAD RIGHT,AIRPORT & ENDWRIGHT RD,39.136848,-86.5964
2014,11,1,Weekend,1300,1-Car,No injury,RAN OFF ROAD RIGHT,AIRPORT & ENDWRIGHT,39.136848,-86.5964
2014,1,2,Weekday,300,2-Car,No injury,FOLLOWING TOO CLOSELY,AIRPORT & SR45W,39.136848,-86.593792
2014,3,6,Weekday,1600,2-Car,No injury,FOLLOWING TOO CLOSELY,AIRPORT & SR45W,39.136848,-86.593792
2014,10,2,Weekday,1000,2-Car,No injury,FOLLOWING TOO CLOSELY,SR45W & W AIRPORT,39.136848,-86.593792
2014,7,2,Weekday,1900,2-Car,No injury,UNSAFE BACKING,AIRPORT RD,39.13684532,-86.60324178
2014,8,4,Weekday,1900,1-Car,No injury,RAN OFF ROAD RIGHT,S LEANARD SPRINGS RD & W TAPP,39.1368299,-86.58261023
2014,11,1,Weekday,1900,2-Car,functional,FOLLOWING TOO CLOSELY,SR37S & W TAPP,39.13680116,-86.57290936
2014,1,6,Weekday,1000,2-Car,No injury,FAILURE TO YIELD RIGHT OF WAY,SR37 & W TAPP,39.13676894,-86.57289398
2014,4,5,Weekday,1100,2-Car,functional,FAILURE TO YIELD RIGHT OF WAY,SR37 & W TAPP,39.13676894,-86.57289398
2014,12,3,Weekday,1200,2-Car,No injury,IMPROPER PASSING,REX GROSSMAN & W TAPP,39.13674004,-86.57087021
2014,12,5,Weekday,1300,2-Car,No injury,UNSAFE BACKING,WINSLOW,39.136736,-86.523968
2014,8,1,Weekend,1300,1-Car,functional,RAN OFF ROAD RIGHT,REX GROSSMAN & W TAPP RD,39.13673401,-86.5709151
2014,4,5,Weekday,1000,2-Car,No injury,UNSAFE BACKING,S WINSLOW CT,39.13672219,-86.52395511
2014,2,4,Weekday,1900,2-Car,No injury,UNSAFE BACKING,S WINSLOW CT,39.13670837,-86.52394221
2014,5,2,Weekday,1400,1-Car,functional,DRIVER ASLEEP OR FATIGUED,DEBORAH & TAPP RD,39.13666025,-86.56784863
2014,5,4,Weekday,1200,2-Car,No injury,ANIMAL/OBJECT IN ROADWAY,CURRY PIKE & JONATHAN,39.13663356,-86.5829797
2014,3,2,Weekday,1700,2-Car,functional,FOLLOWING TOO CLOSELY,ADAMS & TAPP RD,39.13662001,-86.55431024
2014,8,3,Weekday,2100,1-Car,No injury,RAN OFF ROAD RIGHT,ADAMS & TAPP RD,39.13662001,-86.55431024
2014,9,2,Weekday,1600,Bus,No injury,BRAKE FAILURE OR DEFECTIVE,ADAMS & TAPP RD,39.13662001,-86.55431024
2014,12,6,Weekday,1200,2-Car,No injury,UNSAFE BACKING,EAST WINSLOW,39.13657379,-86.53004456
2014,12,4,Weekday,1400,2-Car,No injury,FOLLOWING TOO CLOSELY,SR37S & TAPP,39.13652039,-86.55490112
2014,12,1,Weekend,1300,1-Car,No injury,ANIMAL/OBJECT IN ROADWAY,S WEIMER & TAPP,39.136512,-86.562016
2014,3,2,Weekday,1200,2-Car,functional,OTHER (DRIVER) - EXPLAIN IN NARRATIVE,S ROCKPORT & TAPP RD,39.136448,-86.548704
2014,6,1,Weekend,1300,2-Car,No injury,FAILURE TO YIELD RIGHT OF WAY,COUNTRY CLUB DR & ROCKPORT,39.136448,-86.548704
2014,7,3,Weekday,1200,2-Car,No injury,FOLLOWING TOO CLOSELY,ROCKPORT & TAPP RD,39.136448,-86.548704
2014,8,7,Weekend,1000,2-Car,No injury,FAILURE TO YIELD RIGHT OF WAY,S ROCKPORT RD & W TAPP,39.136448,-86.548704
2014,9,5,Weekday,1700,3+ Cars,No injury,OTHER (DRIVER) - EXPLAIN IN NARRATIVE,W COUNTRYSIDE LN,39.136448,-86.548704
2014,2,5,Weekday,1300,2-Car,No injury,FOLLOWING TOO CLOSELY,COUNTRY CLUB DR & ROCKPORT,39.136411,-86.54764705
2014,10,2,Weekday,1200,2-Car,No injury,UNSAFE BACKING,EAST WINSLOW RD,39.136391,-86.527824
2014,7,4,Weekday,1500,1-Car,No injury,RAN OFF ROAD RIGHT,E ROGERS ST & WINDINGBROOK,39.136368,-86.505056
2014,9,2,Weekday,1700,3+ Cars,No injury,FOLLOWING TOO CLOSELY,BANTA & COUNTRY CLUB DR,39.13636571,-86.54635358
2014,6,4,Weekday,1100,2-Car,functional,FAILURE TO YIELD RIGHT OF WAY,1000 BLK W COUNTRY CLUB DR & ROCKPORT,39.13636165,-86.54623778
2014,6,3,Weekday,1300,2-Car,No injury,FAILURE TO YIELD RIGHT OF WAY,HENDERSON ST & WINSLOW,39.13634996,-86.5267951
2014,11,2,Weekday,900,2-Car,No injury,FOLLOWING TOO CLOSELY,ROCKPORT & TAPP,39.13634978,-86.54875003
2014,8,6,Weekend,1900,2-Car,non-funcitonal,DISREGARD SIGNAL/REG SIGN,COUNTRY CLUB RD & ROCKPORT,39.13634978,-86.54875002
2014,10,1,Weekend,1700,2-Car,non-funcitonal,FOLLOWING TOO CLOSELY,BANTA & COUNTRY CLUB,39.13634103,-86.54564895
2014,8,5,Weekday,1300,2-Car,No injury,LEFT OF CENTER,S BANTA & W COUNTRY CLUB DR,39.136304,-86.544592
2014,8,7,Weekend,1900,3+ Cars,functional,FOLLOWING TOO CLOSELY,BANTA & COUNTRY CLUB DR,39.136304,-86.544592
2014,9,2,Weekday,1600,2-Car,No injury,DRIVER DISTRACTED - EXPLAIN IN NARRATIVE,BANTA & COUNTRY CLUB DR,39.136304,-86.544592
2014,10,7,Weekend,2100,2-Car,functional,FOLLOWING TOO CLOSELY,BANTA & COUNTRY CLUB,39.13629254,-86.54423964
2014,3,2,Weekday,1400,2-Car,No injury,FOLLOWING TOO CLOSELY,S BANTA & W COUNTRY CLUB DR,39.13624987,-86.54482997
2014,4,3,Weekday,1700,2-Car,No injury,FOLLOWING TOO CLOSELY,COUNTRY CLUB DR & MILTON,39.13615095,-86.53988873
2014,6,1,Weekend,1000,Moped/Motorcycle,functional,OTHER (DRIVER) - EXPLAIN IN NARRATIVE,HENDERSON & WINSLOW RD,39.136144,-86.52644733
2014,2,6,Weekday,1100,2-Car,functional,FOLLOWING TOO CLOSELY,FAIRINGTON & LEONARD SPRINGS RD,39.136144,-86.582496
2014,1,3,Weekday,700,2-Car,functional,FAILURE TO YIELD RIGHT OF WAY,WALNUT ST & WINSLOW RD,39.136144,-86.528688
2014,3,3,Weekday,800,2-Car,functional,FAILURE TO YIELD RIGHT OF WAY,WALNUT ST & WINSLOW RD,39.136144,-86.528688
2014,3,5,Weekday,1700,2-Car,No injury,FAILURE TO YIELD RIGHT OF WAY,EAST WINSLOW & SOUTH WALNUT ST,39.136144,-86.528688
2014,6,6,Weekday,1500,2-Car,No injury,IMPROPER PASSING,E WINSLOW RD & S WALNUT,39.136144,-86.528688
2014,6,1,Weekday,2000,Pedestrian,functional,RAN OFF ROAD RIGHT,WALNUT STREET PIKE & WINSLOW,39.136144,-86.528688
2014,7,3,Weekday,1300,2-Car,functional,FOLLOWING TOO CLOSELY,E WINSLOW RD & SOUTH WALNUT,39.136144,-86.528688
2014,8,2,Weekday,2000,2-Car,No injury,FAILURE TO YIELD RIGHT OF WAY,E WINSLOW & S WALNUT ST,39.136144,-86.528688
2014,9,3,Weekday,1100,2-Car,No injury,UNSAFE LANE MOVEMENT,SOUTH WALNUT ST & WINSLOW,39.136144,-86.528688
2014,10,4,Weekday,1800,2-Car,No injury,FOLLOWING TOO CLOSELY,WALNUT ST & WINSLOW,39.136144,-86.528688
2014,10,4,Weekday,900,2-Car,No injury,OTHER TELEMATICS IN USE,E WINSLOW & S WALNUT,39.136144,-86.528688
2014,10,6,Weekday,1300,2-Car,No injury,FOLLOWING TOO CLOSELY,WALNUT & WINSLOW,39.136144,-86.528688
2014,12,1,Weekend,1800,1-Car,No injury,RAN OFF ROAD RIGHT,E WINSLOW & S WALNUT STREET,39.136144,-86.528688
2014,11,2,Weekday,1400,2-Car,No injury,DISREGARD SIGNAL/REG SIGN,WALNUT & WINSLOW,39.136144,-86.528688
2014,11,5,Weekday,1800,2-Car,No injury,FOLLOWING TOO CLOSELY,WALNUT & WINSLOW,39.136144,-86.528688
2014,11,7,Weekend,900,2-Car,No injury,FAILURE TO YIELD RIGHT OF WAY,WALNUT & WINSLOW,39.136144,-86.528688
2014,11,7,Weekend,1700,2-Car,No injury,FAILURE TO YIELD RIGHT OF WAY,WALNUT STREET & WINSLOW,39.136144,-86.528688
2014,12,6,Weekday,1700,2-Car,No injury,FAILURE TO YIELD RIGHT OF WAY,E WINSLOW & S WALNUT,39.136144,-86.528688
2014,5,2,Weekday,1400,2-Car,No injury,FOLLOWING TOO CLOSELY,HENDERSON ST & WINSLOW,39.136144,-86.5268
2014,7,4,Weekday,1300,2-Car,No injury,FAILURE TO YIELD RIGHT OF WAY,E WINSLOW RD & S HENDERSON,39.136144,-86.5268
2014,9,2,Weekday,1400,1-Car,No injury,IMPROPER TURNING,E WINSLOW RD & S HENDERSON,39.136144,-86.5268
2014,11,1,Weekend,1700,2-Car,No injury,DISREGARD SIGNAL/REG SIGN,HENDERSON & WINSLOW,39.136144,-86.5268
2014,3,3,Weekday,1200,2-Car,No injury,UNSAFE BACKING,E WINSLOW RD,39.136144,-86.525776
2014,6,7,Weekend,2300,1-Car,No injury,ANIMAL/OBJECT IN ROADWAY,BURBERRY & WINSLOW RD,39.136144,-86.52296
2014,9,4,Weekday,1600,Bus,No injury,UNSAFE BACKING,E WINSLOW & S BURBERRY LN,39.136144,-86.52296
2014,1,5,Weekday,800,1-Car,No injury,RAN OFF ROAD RIGHT,WESTMINSTER WAY & WINSLOW,39.136144,-86.521888
2014,5,7,Weekend,1000,2-Car,No injury,OTHER (DRIVER) - EXPLAIN IN NARRATIVE,S WALNUT & WINSLOW RD,39.13613411,-86.52798283
2014,6,5,Weekday,900,2-Car,functional,FAILURE TO YIELD RIGHT OF WAY,WALNUT & WINSLOW RD,39.13613411,-86.52798283
2014,7,4,Weekday,1400,2-Car,No injury,FOLLOWING TOO CLOSELY,COUNTRY CLUB DR & MILTON,39.136128,-86.539184
2014,8,1,Weekend,1300,2-Car,No injury,FAILURE TO YIELD RIGHT OF WAY,LEONARD SPRINGS & SR45E,39.1361084,-86.58261108
2014,5,6,Weekday,1300,2-Car,No injury,FAILURE TO YIELD RIGHT OF WAY,S ROGERS & W COUNTRY CLUB DR,39.13608,-86.538096
2014,6,6,Weekend,2100,2-Car,functional,DISREGARD SIGNAL/REG SIGN,COUNTRY CLUB & ROGERS ST,39.13608,-86.538096
2014,7,4,Weekday,1600,3+ Cars,functional,FOLLOWING TOO CLOSELY,S ROGERS ST & W COUNTRY CLUB,39.13608,-86.538096
2014,8,6,Weekday,1300,2-Car,No injury,CELL PHONE USAGE,COUNTRY CLUB DR & ROGERS,39.13608,-86.538096
2014,12,5,Weekday,1800,2-Car,No injury,FOLLOWING TOO CLOSELY,COUNTRY CLUB & ROGERS,39.13608,-86.538096
2014,11,1,Weekend,1600,2-Car,No injury,FOLLOWING TOO CLOSELY,S ROGERS & W COUNTRY CLUB,39.13608,-86.538096
2014,12,7,Weekend,800,2-Car,No injury,LEFT OF CENTER,S ROGERS & W COUNTRY CLUB,39.13608,-86.538096
2014,12,6,Weekday,1000,2-Car,No injury,DRIVER DISTRACTED - EXPLAIN IN NARRATIVE,COUNTRY CLUB & ROGERS,39.13608,-86.538096
2014,5,6,Weekday,1000,2-Car,No injury,OTHER (DRIVER) - EXPLAIN IN NARRATIVE,E WINSLOW RD,39.13608,-86.529792
2014,4,2,Weekday,1600,2-Car,No injury,FAILURE TO YIELD RIGHT OF WAY,SOUTH MADISON & WEST COUNTRY CLUB RD,39.136048,-86.536992
2014,8,2,Weekday,1100,2-Car,functional,FOLLOWING TOO CLOSELY,COUNTRY CLUB DR & MADISON,39.136048,-86.536992
2014,10,3,Weekday,0,1-Car,No injury,ANIMAL/OBJECT IN ROADWAY,HIGHLAND & WINSLOW RD,39.136048,-86.518496
2014,10,6,Weekday,1200,2-Car,No injury,FAILURE TO YIELD RIGHT OF WAY,E WINSLOW RD & S HIGHLAND,39.136048,-86.518496
2014,1,6,Weekday,1400,2-Car,functional,FOLLOWING TOO CLOSELY,COUNTRY CLUB & SOUTH RODGERS RD,39.13603999,-86.53826996
2014,11,3,Weekday,700,2-Car,No injury,DISREGARD SIGNAL/REG SIGN,HENDERSON & WINSLOW,39.13603999,-86.52687997
2014,4,2,Weekday,1500,2-Car,No injury,FOLLOWING TOO CLOSELY,COUNTRY CLUB DR & MADISON,39.13603092,-86.53664001
2014,3,5,Weekday,1100,2-Car,No injury,FAILURE TO YIELD RIGHT OF WAY,DUNCAN & SR45W,39.13602845,-86.5949745
2014,4,5,Weekday,1700,2-Car,functional,FOLLOWING TOO CLOSELY,MADISON & W COUNTRY CLUB RD,39.13600981,-86.53712343
2014,10,4,Weekday,1700,2-Car,No injury,FOLLOWING TOO CLOSELY,PICCADILLY & WINSLOW,39.13599975,-86.52448006
2014,5,7,Weekend,700,2-Car,functional,IMPROPER TURNING,ACADIA & WINSLOW RD,39.13599975,-86.51902981
2014,2,3,Weekday,600,2-Car,No injury,FAILURE TO YIELD RIGHT OF WAY,WALNUT STREET & WINSLOW RD,39.1359897,-86.52879976
2014,3,4,Weekday,1000,2-Car,functional,FAILURE TO YIELD RIGHT OF WAY,WALNUT ST & WINSLOW RD,39.1359897,-86.52879975
2014,5,3,Weekday,1600,2-Car,No injury,FAILURE TO YIELD RIGHT OF WAY,WALNUT STREET & WINSLOW RD,39.1359897,-86.52879975
2014,11,2,Weekday,1300,2-Car,No injury,OTHER (DRIVER) - EXPLAIN IN NARRATIVE,100 E WINSLOW & S WALNUT,39.13597209,-86.53111957
2014,11,2,Weekday,1600,2-Car,No injury,UNSAFE LANE MOVEMENT,S WALNUT & WINSLOW,39.13597025,-86.53110981
2014,11,4,Weekday,1500,2-Car,No injury,DISREGARD SIGNAL/REG SIGN,WALNUT & WINSLOW,39.13597025,-86.53110981
2014,4,5,Weekday,1300,2-Car,functional,FOLLOWING TOO CLOSELY,E WINSLOW & S WALNUT ST,39.13597025,-86.5311098
2014,4,2,Weekday,800,2-Car,No injury,FAILURE TO YIELD RIGHT OF WAY,COUNTRY CLUB & S WALNUT ST,39.13597025,-86.5311098
2014,10,2,Weekday,800,Cyclist,functional,FAILURE TO YIELD RIGHT OF WAY,WALNUT & WINLSOW,39.13597025,-86.5311098
2014,8,5,Weekday,800,Pedestrian,functional,PEDESTRIAN ACTION,COUNTRY CLUB & WALNUT ST,39.13597025,-86.5311098
2014,9,3,Weekday,800,2-Car,No injury,DRIVER DISTRACTED - EXPLAIN IN NARRATIVE,COUNTRY CLUB DR & S WALNUT,39.13597025,-86.5311098