Year,Month,Day,Weekend?,Hour,Collision Type,Injury Type,Primary Factor,Reported_Location,Latitude,Longitude
2014,10,1,Weekend,1200,2-Car,No injury,FAILURE TO YIELD RIGHT OF WAY,RHORER & SARE RD,39.12144005,-86.51157998
2014,3,2,Weekday,1700,2-Car,functional,OVERCORRECTING/OVERSTEERING,RHORER RD & SARE,39.12144005,-86.51157997
2014,1,3,Weekday,1700,1-Car,No injury,RAN OFF ROAD RIGHT,RHORER RD & SARE,39.12144005,-86.51153671
2014,1,7,Weekend,2100,1-Car,No injury,SPEED TOO FAST FOR WEATHER CONDITIONS,E RHORER & S WALNUT STREET PIKE,39.12144,-86.526496
2014,2,3,Weekday,1600,Bus,functional,FOLLOWING TOO CLOSELY,E RHORER & WALNUT STREET PIKE,39.12144,-86.526496
2014,5,6,Weekend,2100,2-Car,No injury,FAILURE TO YIELD RIGHT OF WAY,E RHORER & SOUTH WALNUT STREET PIKE,39.12144,-86.526496
2014,5,7,Weekend,1700,2-Car,functional,FAILURE TO YIELD RIGHT OF WAY,RHORER RD & SOUTH WALNUT STREET,39.12144,-86.526496
2014,5,4,Weekday,1500,2-Car,No injury,INSECURE/LEAKY LOAD,E RHORER & S WALNUT STREET PIKE,39.12144,-86.526496
2014,6,7,Weekend,2300,2-Car,functional,FAILURE TO YIELD RIGHT OF WAY,RHORER & S WALNUT ST,39.12144,-86.526496
2014,6,4,Weekday,1500,2-Car,No injury,FOLLOWING TOO CLOSELY,RHORER & S WALNUT ST,39.12144,-86.526496
2014,8,1,Weekday,2100,2-Car,functional,DISREGARD SIGNAL/REG SIGN,RHORER & S WALNUT ST,39.12144,-86.526496
2014,10,6,Weekday,1400,2-Car,No injury,FOLLOWING TOO CLOSELY,RHORER & WALNUT ST,39.12144,-86.526496
2014,10,6,Weekday,1700,2-Car,No injury,FAILURE TO YIELD RIGHT OF WAY,E RHORER RD & S WALNUT STREET,39.12144,-86.526496
2014,11,3,Weekday,1600,2-Car,No injury,SPEED TOO FAST FOR WEATHER CONDITIONS,RHORER & WALNUT STREET,39.12144,-86.526496
2014,11,5,Weekday,700,2-Car,No injury,FAILURE TO YIELD RIGHT OF WAY,RHORER ROAD & WALNUT STREET PIKE,39.12144,-86.526496
2014,12,2,Weekday,1000,2-Car,No injury,FAILURE TO YIELD RIGHT OF WAY,RHORER & WALNUT STEET,39.12144,-86.526496
2014,11,2,Weekday,1900,2-Car,No injury,FOLLOWING TOO CLOSELY,OLD ST RD 37 & RHORER,39.12141994,-86.53134987
2014,8,5,Weekday,1300,1-Car,No injury,RAN OFF ROAD RIGHT,E RHORER RD,39.12138976,-86.5299189
2014,10,1,Weekend,1300,2-Car,No injury,UNSAFE SPEED,BURKS & WALNUT ST,39.12138759,-86.53136998
2014,9,3,Weekday,1300,2-Car,No injury,FOLLOWING TOO CLOSELY,S DUNLAP & SR45S,39.12074425,-86.61672221
2014,9,6,Weekend,2200,2-Car,No injury,OVERCORRECTING/OVERSTEERING,SOUTH OLD SR 37 RD,39.12021637,-86.52938079
2014,12,6,Weekday,1800,2-Car,No injury,UNSAFE BACKING,FALCON & W DOVE,39.12017003,-86.54685834
2014,2,6,Weekday,1400,1-Car,No injury,SPEED TOO FAST FOR WEATHER CONDITIONS,FULLERTON & SR37N,39.12007898,-86.56922069
2014,1,6,Weekday,1000,2-Car,No injury,DISREGARD SIGNAL/REG SIGN,SOUTH OLD ST RD 37 & SR37S,39.11906052,-86.5313034
2014,6,1,Weekend,1400,2-Car,No injury,DISREGARD SIGNAL/REG SIGN,S OLD 37 & SR37S,39.11906052,-86.5313034
2014,8,6,Weekday,100,1-Car,No injury,RAN OFF ROAD RIGHT,SOUTH OLD STATE ROAD 37 & SR37N,39.11906052,-86.5313034
2014,10,2,Weekday,1900,1-Car,No injury,BRAKE FAILURE OR DEFECTIVE,HILLSIDE & S WEATHERSTONE LN,39.11884817,-86.51882998
2014,6,4,Weekday,1700,3+ Cars,No injury,FOLLOWING TOO CLOSELY,DUNLAP & SR45S,39.11854315,-86.62032814
2014,11,4,Weekday,1600,2-Car,functional,LEFT OF CENTER,DUNLAP & SR45S,39.11854315,-86.62032814
2014,7,4,Weekday,100,1-Car,No injury,ANIMAL/OBJECT IN ROADWAY,S ROCKPORT & SR37S,39.11832992,-86.56769774
2014,5,7,Weekend,1500,1-Car,No injury,STEERING FAILURE,GARRISON CHAPEL & SR48W,39.11790085,-86.64198333
2014,5,7,Weekend,1500,2-Car,No injury,FAILURE TO YIELD RIGHT OF WAY,ROCKPORT & SR37S,39.117648,-86.567104
2014,7,2,Weekday,1200,2-Car,functional,FAILURE TO YIELD RIGHT OF WAY,S ROCKPORT & SR37S,39.117648,-86.567104
2014,5,2,Weekday,1700,2-Car,functional,FAILURE TO YIELD RIGHT OF WAY,S ROCKPORT RD & SR37S,39.117648,-86.567104
2014,6,3,Weekday,1200,2-Car,non-funcitonal,FAILURE TO YIELD RIGHT OF WAY,ROCKPORT ROAD & SR37S,39.117648,-86.567104
2014,6,1,Weekend,1200,Moped/Motorcycle,functional,FAILURE TO YIELD RIGHT OF WAY,ROCKPORT & SR37S,39.117648,-86.567104
2014,10,1,Weekend,1500,1-Car,No injury,ANIMAL/OBJECT IN ROADWAY,ROCKPORT & SR37N,39.117648,-86.567104
2014,10,3,Weekday,800,1-Car,No injury,ANIMAL/OBJECT IN ROADWAY,DAVID & SARE,39.11743515,-86.4965301
2014,2,4,Weekday,800,1-Car,No injury,SPEED TOO FAST FOR WEATHER CONDITIONS,ROGERS ST & THAT,39.11738659,-86.539392
2014,7,4,Weekday,100,1-Car,functional,UNSAFE SPEED,S GARRISON CHAPEL RD,39.11732979,-86.64174557
2014,1,5,Weekday,1800,2-Car,No injury,SPEED TOO FAST FOR WEATHER CONDITIONS,GORDON PIKE,39.11717606,-86.53736114
2014,1,7,Weekend,2000,2-Car,No injury,RAN OFF ROAD RIGHT,GORDON PIKE,39.11717606,-86.53736114
2014,5,1,Weekday,2200,2-Car,No injury,RAN OFF ROAD RIGHT,WEST GORDON PIKE LOT 109 RD,39.11717606,-86.53736114
2014,6,3,Weekday,1400,2-Car,No injury,IMPROPER TURNING,BAYWOOD DR & CLEAR VIEW,39.11716998,-86.54149849
2014,12,1,Weekend,900,1-Car,No injury,RAN OFF ROAD RIGHT,W THAT & WATSON,39.117152,-86.573504
2014,12,4,Weekday,1800,1-Car,No injury,ANIMAL/OBJECT IN ROADWAY,S KETCHAM & W POPCORN,39.1170815,-86.56188011
2014,12,4,Weekday,1600,1-Car,No injury,RAN OFF ROAD RIGHT,LOCKVIEW & MCDOUGAL,39.11678592,-86.55407019
2014,2,6,Weekday,1400,2-Car,No injury,SPEED TOO FAST FOR WEATHER CONDITIONS,ROCKPORT & SR37N,39.11664474,-86.5659002
2014,10,2,Weekday,300,1-Car,functional,DISREGARD SIGNAL/REG SIGN,ROCKPORT & SR37S,39.11664474,-86.5659002
2014,6,1,Weekend,1700,2-Car,No injury,FOLLOWING TOO CLOSELY,PINE GROVE & SR446S,39.116464,-86.428672
2014,8,1,Weekend,0,1-Car,functional,RAN OFF ROAD RIGHT,CRESTLINE & S WALNUT STREET PIKE,39.116352,-86.526496
2014,2,4,Weekday,600,1-Car,No injury,ANIMAL/OBJECT IN ROADWAY,DARRELL & SR45W,39.11614674,-86.62461322
2014,10,7,Weekend,1700,1-Car,No injury,SPEED TOO FAST FOR WEATHER CONDITIONS,E PINE GROVE & SR446S,39.11578002,-86.42874943
2014,6,1,Weekend,900,1-Car,No injury,LEFT OF CENTER,PINE GROVE RD & SR446S,39.11564322,-86.42876492
2014,1,5,Weekday,900,2-Car,functional,FAILURE TO YIELD RIGHT OF WAY,SR37N & THAT,39.115552,-86.564592
2014,1,5,Weekday,1400,2-Car,No injury,FOLLOWING TOO CLOSELY,SR37S & THAT RD,39.115552,-86.564592
2014,9,4,Weekday,2100,1-Car,functional,UNSAFE LANE MOVEMENT,SR37S & THAT,39.115552,-86.564592
2014,12,3,Weekday,1700,1-Car,No injury,LEFT OF CENTER,SR37N & W THAT,39.115552,-86.564592
2014,12,7,Weekend,700,2-Car,No injury,UNSAFE SPEED,PATRICIA LANE & W THAT RD,39.115248,-86.573504
2014,11,2,Weekday,600,1-Car,No injury,RAN OFF ROAD RIGHT,S PATRICIA & W THAT,39.115248,-86.573504
2014,9,1,Weekend,1800,1-Car,No injury,RAN OFF ROAD RIGHT,SOUTH STATE ROAD 446 RD,39.11518097,-86.43262481
2014,5,6,Weekday,1200,2-Car,No injury,OVERCORRECTING/OVERSTEERING,SR45W & W DINSMORE,39.11504,-86.630992
2014,5,6,Weekday,1200,1-Car,No injury,FOLLOWING TOO CLOSELY,DINSMORE & SR45W,39.11504,-86.630992
2014,7,4,Weekday,800,3+ Cars,No injury,LEFT OF CENTER,DINSMORE & SR45W,39.11504,-86.630992
2014,9,2,Weekday,900,2-Car,No injury,BRAKE FAILURE OR DEFECTIVE,DINSMORE & SR45W,39.11504,-86.630992
2014,3,7,Weekend,500,1-Car,No injury,RAN OFF ROAD RIGHT,DINSMORE & SR45W,39.11502979,-86.63028699
2014,10,4,Weekday,1500,1-Car,functional,RAN OFF ROAD RIGHT,DARRELL & SR45W,39.114992,-86.62768
2014,12,7,Weekend,600,1-Car,No injury,SPEED TOO FAST FOR WEATHER CONDITIONS,SOUTH DARRELL & SR45W,39.114992,-86.62768
2014,12,2,Weekday,1100,1-Car,No injury,OVERSIZE/OVERWEIGHT LOAD,ROGERS & THAT,39.11464,-86.539392
2014,2,3,Weekday,1400,Bus,No injury,UNSAFE BACKING,W THAT RD,39.11390686,-86.54530334
2014,4,6,Weekday,1500,2-Car,No injury,DRIVER DISTRACTED - EXPLAIN IN NARRATIVE,W THAT RD,39.11390686,-86.54530334
2014,6,7,Weekend,100,1-Car,No injury,RAN OFF ROAD RIGHT,SR45W & WEST DINSMORE,39.11388114,-86.63338835
2014,3,2,Weekday,1100,2-Car,No injury,FOLLOWING TOO CLOSELY,KIRKWOOD & ROGERS ST,39.11373487,-86.53868973
2014,8,3,Weekday,1700,2-Car,No injury,LEFT OF CENTER,E CARDINAL GLEN DR & S HUMMINGBIRD,39.11339007,-86.52104791
2014,6,2,Weekday,1200,2-Car,functional,FAILURE TO YIELD RIGHT OF WAY,FAIRFAX & OLD STATE RD 37 RD,39.11253936,-86.53149001
2014,4,6,Weekday,1600,3+ Cars,No injury,FOLLOWING TOO CLOSELY,BIG SKY & SR37S,39.11223984,-86.56208801
2014,11,5,Weekday,800,2-Car,No injury,FOLLOWING TOO CLOSELY,SR37S & W GORDON,39.11123658,-86.54792786
2014,6,7,Weekend,2200,2-Car,No injury,UNSAFE BACKING,ELWREN RD,39.1111908,-86.64990234
2014,2,7,Weekend,100,1-Car,No injury,UNSAFE SPEED,THAT & VICTOR PIKE,39.11102726,-86.54887009
2014,5,4,Weekday,1800,Moped/Motorcycle,No injury,FOLLOWING TOO CLOSELY,GARRISON CHAPEL & SR45W,39.111024,-86.638304
2014,2,6,Weekend,2100,1-Car,No injury,RAN OFF ROAD RIGHT,S WOODBINE & SR45W,39.1098518,-86.64017954
2014,6,3,Weekday,1600,2-Car,No injury,FOLLOWING TOO CLOSELY,SR45W & WOODBINE,39.10943587,-86.64084501
2014,2,7,Weekend,1700,3+ Cars,functional,FOLLOWING TOO CLOSELY,SR45 & WOODBINE,39.10937572,-86.64094126
2014,8,2,Weekday,100,2-Car,No injury,FAILURE TO YIELD RIGHT OF WAY,SR45W & W ELWREN,39.10937033,-86.64094989
2014,1,5,Weekday,1700,2-Car,No injury,ROADWAY SURFACE CONDITION,S HARMONY RD & W ISON RD,39.108848,-86.6384
2014,6,1,Weekend,800,1-Car,functional,LEFT OF CENTER,ELWREN ROAD RD & SR45,39.10840986,-86.65055254
2014,10,3,Weekday,1700,3+ Cars,No injury,FOLLOWING TOO CLOSELY,SR37S & VICTOR,39.1083746,-86.55495588
2014,4,5,Weekday,1700,1-Car,No injury,RAN OFF ROAD RIGHT,ELWREN RD & STANDFORD,39.10833825,-86.66597392
2014,3,7,Weekend,200,1-Car,No injury,ANIMAL/OBJECT IN ROADWAY,S STANFORD & W ELWREN RD,39.10824,-86.666192
2014,5,5,Weekday,1100,2-Car,No injury,UNSAFE BACKING,W ELWREN RD,39.10819864,-86.64590599
2014,1,1,Weekend,300,1-Car,functional,RAN OFF ROAD RIGHT,PINE GROVE RD & RED BUSH,39.10818525,-86.40965939
2014,9,2,Weekday,1800,3+ Cars,functional,FOLLOWING TOO CLOSELY,SR45W & W ISON,39.10810089,-86.63702269
2014,5,5,Weekday,1700,3+ Cars,No injury,FOLLOWING TOO CLOSELY,ISON & SR45W,39.10810089,-86.63700103
2014,5,6,Weekday,1100,2-Car,No injury,IMPROPER PASSING,ROCKPORT RD & STANSIFER,39.108032,-86.575552
2014,10,7,Weekend,1800,1-Car,functional,RAN OFF ROAD RIGHT,MARIE & S FAIRFAX,39.10779177,-86.5224798
2014,3,3,Weekday,1500,3+ Cars,No injury,UNSAFE SPEED,ELWREN & SR45,39.10764414,-86.64370007
2014,11,3,Weekday,400,1-Car,No injury,ANIMAL/OBJECT IN ROADWAY,HARMONY & SR45W,39.10756539,-86.6437769
2014,3,6,Weekday,600,1-Car,No injury,ANIMAL/OBJECT IN ROADWAY,CHURCH LN & VICTOR,39.10748449,-86.54626781
2014,3,7,Weekend,2200,1-Car,functional,RAN OFF ROAD RIGHT,CHURCH LANE RD & ROGERS,39.107456,-86.540064
2014,8,3,Weekday,1500,2-Car,No injury,FAILURE TO YIELD RIGHT OF WAY,CHURCH & S ROGERS ST,39.107456,-86.540064
2014,8,5,Weekday,1300,2-Car,No injury,DRIVER DISTRACTED - EXPLAIN IN NARRATIVE,CHURCH LN & S ROGERS,39.107456,-86.540064
2014,8,7,Weekend,1600,Moped/Motorcycle,functional,OVERCORRECTING/OVERSTEERING,S ROGERS ST & W CHURCH,39.107456,-86.540064
2014,8,3,Weekday,0,1-Car,No injury,LEFT OF CENTER,S VICTOR & SR37S,39.10743375,-86.55367188
2014,4,3,Weekday,2100,1-Car,functional,UNSAFE SPEED,WALNUT ST,39.107344,-86.5264
2014,5,6,Weekday,1600,2-Car,No injury,FOLLOWING TOO CLOSELY,WALNUT & WALNUT ST PIKE,39.107344,-86.5264
2014,7,4,Weekday,1600,Moped/Motorcycle,functional,RAN OFF ROAD RIGHT,CHURCH LN & S RODGERS,39.10733029,-86.54019332
2014,7,7,Weekend,900,2-Car,No injury,FAILURE TO YIELD RIGHT OF WAY,S FAIRFAX & S OLD STATE 37 RD,39.10725988,-86.53149001
2014,8,6,Weekday,1600,2-Car,functional,FAILURE TO YIELD RIGHT OF WAY,FAIRFAX & OLD STATE ROAD 37 S RD,39.10725988,-86.53149001
2014,10,5,Weekday,1700,Moped/Motorcycle,functional,RAN OFF ROAD RIGHT,CHURCH & S OLD STATE ROAD 37 HWY,39.107248,-86.531392
2014,1,1,Weekend,0,2-Car,No injury,SPEED TOO FAST FOR WEATHER CONDITIONS,FAIRFAX & WALNUT STREET PIKE,39.10715997,-86.52650982
2014,7,6,Weekday,1700,Moped/Motorcycle,non-funcitonal,FAILURE TO YIELD RIGHT OF WAY,FAIRFAX RD & WALNUT STREET,39.10715997,-86.52650982
2014,9,3,Weekday,700,2-Car,No injury,FOLLOWING TOO CLOSELY,S FAIRFAX RD & S WALNUT ST,39.10715997,-86.52650982
2014,6,6,Weekend,2300,2-Car,No injury,OTHER (DRIVER) - EXPLAIN IN NARRATIVE,FAIRFAX RD,39.107152,-86.523792
2014,2,6,Weekday,1600,1-Car,No injury,RAN OFF ROAD RIGHT,E SCHACHT & S FAIRFAX RD,39.10704,-86.523488
2014,11,6,Weekend,2300,1-Car,No injury,RAN OFF ROAD RIGHT,E SCHACHT & S FAIRFAX,39.10704,-86.523488
2014,12,6,Weekday,1500,2-Car,No injury,FOLLOWING TOO CLOSELY,EMPIRE MILL & S OLD 37,39.10702663,-86.54225975
2014,8,3,Weekday,600,1-Car,No injury,IMPROPER TURNING,SOUTH VICTOR PIKE,39.1069603,-86.55139923
2014,6,2,Weekday,700,1-Car,No injury,RAN OFF ROAD RIGHT,FAIRFAX RD & SCHACHT,39.10680853,-86.52329823
2014,11,3,Weekday,1700,2-Car,No injury,OTHER (VEHICLE) - EXPLAIN IN NARRATIVE,SR37S & W VICTOR,39.10649288,-86.55238793
2014,8,1,Weekend,200,1-Car,No injury,UNSAFE BACKING,S VICTOR PIKE,39.10649041,-86.55034722
2014,1,3,Weekday,900,2-Car,No injury,FAILURE TO YIELD RIGHT OF WAY,SR45S & STANFORD,39.10647964,-86.66599273
2014,2,6,Weekday,1600,2-Car,No injury,FOLLOWING TOO CLOSELY,HARMONY & SR45W,39.1064736,-86.64484612
2014,7,7,Weekend,2200,2-Car,No injury,INSECURE/LEAKY LOAD,SR37N & W VICTOR,39.10592835,-86.55161757
2014,10,4,Weekday,1700,1-Car,No injury,RAN OFF ROAD RIGHT,MARIE & S FAIRFAX,39.10568006,-86.5224798
2014,10,4,Weekday,1700,1-Car,No injury,RAN OFF ROAD RIGHT,FAIRFAX & MARIE,39.10568006,-86.5224798
2014,3,3,Weekday,900,2-Car,No injury,DISREGARD SIGNAL/REG SIGN,SR37 & VICTOR,39.10564948,-86.55126849
2014,6,3,Weekday,0,2-Car,No injury,SPEED TOO FAST FOR WEATHER CONDITIONS,SR37 & VICTOR PIKE,39.10564948,-86.55126849
2014,12,3,Weekday,1700,2-Car,No injury,IMPROPER PASSING,SR37S & VICTOR,39.10563668,-86.55121955
2014,1,4,Weekday,2100,2-Car,No injury,RAN OFF ROAD RIGHT,SR37S & VICTOR,39.105552,-86.551104
2014,4,5,Weekday,1700,3+ Cars,functional,CELL PHONE USAGE,SR37S & VICTOR,39.105552,-86.551104
2014,5,7,Weekend,1200,2-Car,No injury,DISREGARD SIGNAL/REG SIGN,SR37N & VICTOR,39.105552,-86.551104
2014,5,5,Weekday,1700,2-Car,No injury,FOLLOWING TOO CLOSELY,SR37S & VICTOR,39.105552,-86.551104
2014,11,5,Weekday,1300,2-Car,No injury,UNSAFE SPEED,SR37 & VICTOR,39.105552,-86.551104
2014,11,7,Weekend,1100,2-Car,No injury,UNSAFE SPEED,SR37N & VICTOR,39.105552,-86.551104
2014,12,6,Weekday,700,3+ Cars,non-funcitonal,SPEED TOO FAST FOR WEATHER CONDITIONS,SR37 & VICTOR,39.105552,-86.551104
2014,2,6,Weekday,1700,2-Car,No injury,LEFT OF CENTER,CURRY & SR46W,39.10549574,-86.58264923
2014,6,2,Weekday,2100,1-Car,No injury,ANIMAL/OBJECT IN ROADWAY,S VICTOR & SR37S,39.10526877,-86.55085496
2014,10,7,Weekend,1000,2-Car,No injury,FAILURE TO YIELD RIGHT OF WAY,MILLER & WALNUT,39.10461155,-86.53265007
2014,5,3,Weekday,800,2-Car,No injury,UNSAFE BACKING,SOUTH PRODUCTION DR,39.10329437,-86.55007171
2014,8,6,Weekday,600,2-Car,No injury,OTHER (DRIVER) - EXPLAIN IN NARRATIVE,SOUTH PRODUCTION DR,39.10329437,-86.55007171
2014,2,3,Weekday,1600,1-Car,No injury,SPEED TOO FAST FOR WEATHER CONDITIONS,SR37S & VICTOR,39.10328611,-86.54911173
2014,10,4,Weekday,1300,1-Car,No injury,UNSAFE BACKING,S FAIRFAX,39.10325486,-86.520384
2014,3,1,Weekend,1600,1-Car,No injury,RAN OFF ROAD RIGHT,DECKARD RIDGE & GILMORE RIDGE RD,39.1032,-86.38
2014,1,3,Weekday,2200,1-Car,No injury,ROADWAY SURFACE CONDITION,E MOORES CREEK & STIPP RD,39.102704,-86.461792
2014,11,3,Weekday,300,1-Car,No injury,UNSAFE SPEED,S ROCKPORT & W COCKRELL,39.101776,-86.576864
2014,3,1,Weekend,1700,1-Car,No injury,RAN OFF ROAD RIGHT,COCKRELL & S ROCKPORT RD,39.10162993,-86.57694637
2014,12,1,Weekday,2300,1-Car,No injury,ANIMAL/OBJECT IN ROADWAY,SR45W & WEST JOHN WILLIAMS,39.10108185,-86.64848723
2014,12,4,Weekday,2300,1-Car,No injury,DRIVER ASLEEP OR FATIGUED,JOHN WILLIAMS & SR45W,39.10108185,-86.64842224
2014,1,2,Weekday,800,1-Car,No injury,RAN OFF ROAD RIGHT,JOHN WILLIAMS & SR45W,39.10108185,-86.64841357
2014,2,7,Weekend,2200,1-Car,No injury,SPEED TOO FAST FOR WEATHER CONDITIONS,SR37S & VICTOR,39.10082938,-86.54762338
2014,3,3,Weekday,1500,1-Car,non-funcitonal,RAN OFF ROAD RIGHT,SOUTH LEONARD SPRINGS RD & WEST FOWLER,39.100752,-86.593504
2014,6,1,Weekend,1400,1-Car,No injury,RAN OFF ROAD RIGHT,FOWLER & S LEONARD SPRINGS RD,39.100752,-86.593504
2014,3,2,Weekday,800,1-Car,No injury,RAN OFF ROAD RIGHT,E MESA & E STIPP RD,39.100432,-86.490864
2014,11,3,Weekday,1500,1-Car,No injury,RAN OFF ROAD RIGHT,FAIRFAX & MOFFETT,39.09990996,-86.51785031
2014,4,3,Weekday,1600,2-Car,No injury,FOLLOWING TOO CLOSELY,E MOFFETT & S FAIRFAX RD,39.09990996,-86.5178503
2014,8,1,Weekend,1600,2-Car,functional,FAILURE TO YIELD RIGHT OF WAY,E MOFFETT & S FAIRFAX RD,39.09990996,-86.5178503
2014,9,5,Weekday,700,2-Car,No injury,FOLLOWING TOO CLOSELY,E MOFFETT LANE & S FAIRFAX RD,39.09990996,-86.5178503
2014,2,1,Weekend,1500,1-Car,functional,ANIMAL/OBJECT IN ROADWAY,2150 E MOFFET LN & ORENAMENTAL,39.09982635,-86.50787115
2014,5,4,Weekday,800,2-Car,No injury,FOLLOWING TOO CLOSELY,PINEWOOD & S WALNUT ST,39.09982326,-86.53143033
2014,6,6,Weekday,1500,2-Car,No injury,FAILURE TO YIELD RIGHT OF WAY,HARRELL & MOFFETT LN,39.099792,-86.498448
2014,1,7,Weekend,1900,1-Car,No injury,ANIMAL/OBJECT IN ROADWAY,SR45W & W HINDS,39.09947986,-86.65167982
2014,11,7,Weekend,800,2-Car,No injury,UNSAFE BACKING,MOFFETT,39.09942627,-86.50015259
2014,9,2,Weekday,1500,2-Car,No injury,FOLLOWING TOO CLOSELY,S OLD STATE ROAD 37 & S ROGERS ST,39.099408,-86.537904
2014,6,6,Weekday,1600,2-Car,No injury,FAILURE TO YIELD RIGHT OF WAY,HINDS & SR45W,39.09937058,-86.65178655
2014,2,2,Weekday,2300,1-Car,No injury,SPEED TOO FAST FOR WEATHER CONDITIONS,N CENTER & SR45,39.09916994,-86.65205139
2014,6,7,Weekend,1000,2-Car,functional,FOLLOWING TOO CLOSELY,HINDS & SR45E,39.09916994,-86.65205139
2014,1,5,Weekday,500,1-Car,No injury,SPEED TOO FAST FOR WEATHER CONDITIONS,HINDS & SR45W,39.099152,-86.652
2014,8,6,Weekday,1400,2-Car,No injury,FOLLOWING TOO CLOSELY,HINDS & SR45W,39.099152,-86.652
2014,11,5,Weekday,1500,3+ Cars,No injury,FOLLOWING TOO CLOSELY,HINDS & SR45W,39.099152,-86.652
2014,11,3,Weekday,600,2-Car,No injury,OTHER (DRIVER) - EXPLAIN IN NARRATIVE,HINDS & SR45W,39.09878383,-86.6525232
2014,8,3,Weekday,2100,1-Car,No injury,RAN OFF ROAD RIGHT,HINDS & SR45W,39.09859974,-86.6527848
2014,8,6,Weekday,1300,2-Car,No injury,FOLLOWING TOO CLOSELY,CONSTITUTION & LIBERTY DR,39.09834571,-86.5768703
2014,6,4,Weekday,500,2-Car,No injury,RAN OFF ROAD RIGHT,HINDS & SR45W,39.09823709,-86.65331172
2014,9,2,Weekday,1700,2-Car,No injury,FOLLOWING TOO CLOSELY,SR45W & W HINDS,39.09823709,-86.65331172
2014,9,6,Weekday,1700,2-Car,No injury,OTHER (VEHICLE) - EXPLAIN IN NARRATIVE,HINDS & SR45W,39.09791987,-86.65502648
2014,10,5,Weekday,1100,1-Car,No injury,SPEED TOO FAST FOR WEATHER CONDITIONS,ROCKPORT ROAD RDS & WEST BOLIN RD,39.0978812,-86.57508999
2014,1,6,Weekday,0,1-Car,No injury,SPEED TOO FAST FOR WEATHER CONDITIONS,E CHERRY & S FAIRFAX RD,39.09784,-86.5168
2014,11,4,Weekday,1400,1-Car,non-funcitonal,RAN OFF ROAD RIGHT,SR45W,39.09772873,-86.65816498
2014,9,6,Weekday,500,1-Car,No injury,ANIMAL/OBJECT IN ROADWAY,SR45W & W HINDS,39.09749309,-86.65665092
2014,11,2,Weekday,800,1-Car,No injury,RAN OFF ROAD RIGHT,S ROCKPORT & W HENNESSY,39.096496,-86.55672021
2014,1,7,Weekend,2100,1-Car,No injury,SPEED TOO FAST FOR WEATHER CONDITIONS,AIRLINE & HANDY RD,39.09587994,-86.49366685
2014,2,4,Weekday,700,1-Car,non-funcitonal,RAN OFF ROAD RIGHT,E FIRST SANDERS & S FAIRFAX RD,39.09518736,-86.51332005
2014,11,6,Weekday,900,2-Car,No injury,FAILURE TO YIELD RIGHT OF WAY,SR37N & VICTOR,39.09431839,-86.55906677
2014,10,1,Weekend,1700,2-Car,No injury,DISREGARD SIGNAL/REG SIGN,SR37S & VICTOR,39.09431839,-86.55906677
2014,12,4,Weekday,1800,2-Car,No injury,UNSAFE BACKING,S HANDY,39.0938614,-86.4878725
2014,2,4,Weekday,1100,1-Car,No injury,RAN OFF ROAD RIGHT,HARMONY & WEST MAY RD,39.093744,-86.638304
2014,3,3,Weekday,0,1-Car,No injury,UNSAFE BACKING,W MAY RD,39.09365845,-86.6384201
2014,2,6,Weekday,1500,1-Car,No injury,RAN OFF ROAD RIGHT,S BLAIKLEE & W MAY RD,39.0934398,-86.61231034
2014,4,1,Weekend,900,1-Car,No injury,RAN OFF ROAD RIGHT,S ROCKPORT RD & W MAY,39.093344,-86.5868
2014,6,4,Weekday,900,1-Car,No injury,RAN OFF ROAD RIGHT,OLD RICHARDSON & SR446S,39.09334123,-86.42645263
2014,1,7,Weekend,1300,2-Car,functional,FAILURE TO YIELD RIGHT OF WAY,DILLMAN & SR37S,39.092976,-86.545648
2014,2,2,Weekday,1100,Bus,No injury,FOLLOWING TOO CLOSELY,DILLMAN & SR37S,39.092976,-86.545648
2014,3,7,Weekend,1200,3+ Cars,functional,FAILURE TO YIELD RIGHT OF WAY,DILLMAN & SR37S,39.092976,-86.545648
2014,10,7,Weekend,1100,2-Car,non-funcitonal,FAILURE TO YIELD RIGHT OF WAY,E DILLMAN & SR37S,39.092976,-86.545648
2014,3,2,Weekday,1900,2-Car,functional,UNSAFE SPEED,S OLD STATE ROAD 37 RD & STATE ROAD 37,39.09295969,-86.54403028
2014,1,5,Weekday,2000,2-Car,No injury,LEFT OF CENTER,E DILLMAN RD & S EMPIRE,39.092928,-86.54176
2014,2,6,Weekend,1900,1-Car,No injury,RAN OFF ROAD RIGHT,1050 DILLMAN RD & DILLMAN,39.09264591,-86.51724863
2014,10,6,Weekday,1500,1-Car,functional,UNSAFE SPEED,1371 E DILLMAN & S FAIRFAX,39.09264,-86.51672
2014,7,3,Weekday,2000,2-Car,No injury,FAILURE TO YIELD RIGHT OF WAY,E DILLMAN & S FAIRFAX RD,39.09261033,-86.51702016
2014,2,5,Weekday,500,1-Car,No injury,ANIMAL/OBJECT IN ROADWAY,FAIRFAX RD & RAYLETOWN,39.0925715,-86.51671393
2014,6,1,Weekend,1600,1-Car,No injury,RAN OFF ROAD RIGHT,PAYNETOWN CAMPGROUND & SR446N,39.092112,-86.422832