Year,Month,Day,Weekend?,Hour,Collision Type,Injury Type,Primary Factor,Reported_Location,Latitude,Longitude
2014,5,6,Weekday,1800,1-Car,No injury,OTHER (DRIVER) - EXPLAIN IN NARRATIVE,STATE ROAD 446 HWY,39.09188882,-86.42310462
2014,11,6,Weekday,1800,1-Car,functional,ANIMAL/OBJECT IN ROADWAY,SR45W & STANFORD,39.09171295,-86.66372607
2014,9,3,Weekday,2200,2-Car,No injury,RAN OFF ROAD RIGHT,STANFORD RD,39.09145737,-86.66584014
2014,8,7,Weekend,1400,Moped/Motorcycle,functional,ROADWAY SURFACE CONDITION,PAYNETOWN SRA & SR446S,39.09077267,-86.42254836
2014,6,3,Weekday,1300,1-Car,functional,UNSAFE SPEED,SR45N & STANFORD,39.0907082,-86.66506908
2014,3,5,Weekday,1400,2-Car,No injury,LEFT OF CENTER,SR45W & STANFORD,39.09040189,-86.66553064
2014,4,3,Weekday,600,2-Car,functional,UNSAFE LANE MOVEMENT,S STANFORD & SR45W,39.09028951,-86.66568531
2014,10,4,Weekday,900,1-Car,No injury,RAN OFF ROAD RIGHT,SR45W & STANFORD,39.08993365,-86.66617511
2014,6,5,Weekday,0,1-Car,functional,RAN OFF ROAD RIGHT,HANDY RIDGE RD,39.08986213,-86.47741936
2014,4,6,Weekday,1600,2-Car,No injury,UNSAFE SPEED,SR45W & STANFORD,39.08984,-86.666304
2014,10,6,Weekday,1300,3+ Cars,No injury,FOLLOWING TOO CLOSELY,STANFORD & W SR 45,39.08984,-86.666304
2014,11,4,Weekday,800,2-Car,functional,DRIVER DISTRACTED - EXPLAIN IN NARRATIVE,E RHORER & S OLD SR 37,39.08973159,-86.53134987
2014,9,2,Weekday,1700,2-Car,No injury,FAILURE TO YIELD RIGHT OF WAY,E RHORER & S OLD 37 HWY,39.08973159,-86.53134986
2014,2,6,Weekend,1900,2-Car,No injury,LEFT OF CENTER,SR45 & STANFORD,39.08962597,-86.66664847
2014,10,6,Weekend,2300,1-Car,No injury,SPEED TOO FAST FOR WEATHER CONDITIONS,RED OAK & SR446S,39.08907122,-86.42325955
2014,2,3,Weekday,700,3+ Cars,functional,UNSAFE SPEED,N OLD SR37 & SR37S,39.08750265,-86.54271841
2014,11,6,Weekday,1800,1-Car,No injury,ANIMAL/OBJECT IN ROADWAY,SOUTH BREEDEN & SR45,39.08749403,-86.67013535
2014,2,3,Weekday,700,1-Car,No injury,UNSAFE SPEED,HARMONY RD & KIRKSVILLE,39.08709195,-86.63844981
2014,9,7,Weekend,1400,1-Car,functional,RAN OFF ROAD RIGHT,S BREEDEN & SR45W,39.08701513,-86.67099574
2014,10,3,Weekday,2200,1-Car,non-funcitonal,UNSAFE SPEED,BREEDEN & SR45E,39.08701513,-86.67099574
2014,4,6,Weekday,900,2-Car,No injury,FOLLOWING TOO CLOSELY,BREEDEN & SR45,39.0868555,-86.67128253
2014,4,1,Weekend,0,1-Car,functional,RAN OFF ROAD RIGHT,BREEDEN & SR45W,39.0868555,-86.67128253
2014,11,4,Weekday,2100,1-Car,No injury,ANIMAL/OBJECT IN ROADWAY,BREEDEN & SR45W,39.08684429,-86.67145559
2014,3,1,Weekday,2000,1-Car,No injury,SPEED TOO FAST FOR WEATHER CONDITIONS,BREEDEN & SR45W,39.08683528,-86.67184309
2014,12,6,Weekday,1200,1-Car,No injury,RAN OFF ROAD RIGHT,BREEDEN & SR45W,39.086832,-86.671984
2014,7,1,Weekend,1800,3+ Cars,functional,FOLLOWING TOO CLOSELY,S BREEDEN & SR45W,39.08681297,-86.67416892
2014,1,1,Weekend,1300,1-Car,No injury,RAN OFF ROAD RIGHT,BREEDEN & SR45W,39.08680128,-86.67550806
2014,12,7,Weekend,600,1-Car,No injury,SPEED TOO FAST FOR WEATHER CONDITIONS,OLD STATE RD 37 & SR37S,39.08671047,-86.54365745
2014,12,6,Weekday,800,1-Car,non-funcitonal,RAN OFF ROAD RIGHT,HARMONY & KIRKSVILLE,39.08659676,-86.64544568
2014,9,2,Weekday,2100,1-Car,functional,RAN OFF ROAD RIGHT,RUSH RIDGE & SR446S,39.08652396,-86.42189088
2014,12,2,Weekday,2200,1-Car,No injury,RAN OFF ROAD RIGHT,EMPIRE MILL & OLD STATE ROAD 37,39.08624,-86.542
2014,8,1,Weekend,800,1-Car,No injury,ROADWAY SURFACE CONDITION,RUSH RIDGE & SR446S,39.08587746,-86.42163628
2014,2,1,Weekend,300,1-Car,No injury,SPEED TOO FAST FOR WEATHER CONDITIONS,OLD STATE ROAD 37 RD & SR37,39.085632,-86.542304
2014,2,6,Weekday,1500,2-Car,No injury,SPEED TOO FAST FOR WEATHER CONDITIONS,S OLD STATE ROAD 37 & SR37N,39.085632,-86.542304
2014,2,3,Weekday,800,1-Car,No injury,SPEED TOO FAST FOR WEATHER CONDITIONS,S OLD SR 37 & SR37N,39.085632,-86.542304
2014,3,4,Weekday,1600,Bus,functional,UNSAFE LANE MOVEMENT,OLD STATE ROAD 37 SOUTH RD & SR37S,39.085632,-86.542304
2014,5,6,Weekday,900,2-Car,No injury,UNSAFE BACKING,S OLD SR 37 RD & SR37,39.085632,-86.542304
2014,5,6,Weekday,1200,2-Car,No injury,DISREGARD SIGNAL/REG SIGN,OLD STATE ROAD 37 & SR37S,39.085632,-86.542304
2014,7,5,Weekday,700,2-Car,No injury,FOLLOWING TOO CLOSELY,SOUTH OLD STATE ROAD 37 & SR37S,39.085632,-86.542304
2014,8,6,Weekday,1800,2-Car,No injury,SPEED TOO FAST FOR WEATHER CONDITIONS,SOUTH OLD SR 37 RD & SR37S,39.085632,-86.542304
2014,8,4,Weekday,1600,2-Car,functional,LEFT OF CENTER,S OLD STATE RD 37 HWY & SR37S,39.085632,-86.542304
2014,11,7,Weekend,700,1-Car,No injury,ANIMAL/OBJECT IN ROADWAY,OLD SR 37,39.085632,-86.542304
2014,7,5,Weekday,2200,1-Car,No injury,RAN OFF ROAD RIGHT,OLD RICHARDSON & SR446S,39.08542162,-86.42645263
2014,4,2,Weekday,1700,1-Car,No injury,OTHER (ENVIRONMENTAL) - EXPLAIN IN NARR,RUSH RIDGE & SR446S,39.08518299,-86.42106731
2014,9,1,Weekend,1500,Moped/Motorcycle,No injury,OVERCORRECTING/OVERSTEERING,RUSH RIDGE & SR446S,39.08518299,-86.42106731
2014,3,5,Weekday,2000,1-Car,No injury,ANIMAL/OBJECT IN ROADWAY,OLD STATE ROAD 37S & SR37S,39.08449007,-86.54132519
2014,4,7,Weekend,200,1-Car,No injury,ANIMAL/OBJECT IN ROADWAY,SOUTH OLD STATE ROAD 37 & SR37S,39.08449007,-86.54132519
2014,12,7,Weekend,700,1-Car,No injury,SPEED TOO FAST FOR WEATHER CONDITIONS,OLD STATE RD 37 & SR37S,39.08449007,-86.54132519
2014,2,5,Weekday,2100,2-Car,No injury,DISREGARD SIGNAL/REG SIGN,SR OLD 37 & SR37S,39.08384,-86.540768
2014,7,3,Weekday,1500,2-Car,functional,FOLLOWING TOO CLOSELY,S ROCKPORT RD & W TRAMWAY,39.083744,-86.592592
2014,11,3,Weekday,1600,1-Car,No injury,RAN OFF ROAD RIGHT,E EMPIRE & OLD STATE ROAD 37,39.083248,-86.5408
2014,12,2,Weekday,1800,1-Car,functional,RAN OFF ROAD RIGHT,E 2ND SANDERS & FAIRFAX,39.08161593,-86.51529386
2014,7,4,Weekday,200,1-Car,functional,RAN OFF ROAD RIGHT,SOUTH FAIRFAX RD & SR37S,39.080448,-86.514416
2014,4,5,Weekday,2200,1-Car,No injury,RAN OFF ROAD RIGHT,6695 S HARMONY RD & W KOONTZ,39.079248,-86.6304
2014,9,4,Weekday,1600,Bus,No injury,LEFT OF CENTER,LODGE RD & ROCKPORT,39.07899411,-86.59294448
2014,12,4,Weekday,1600,2-Car,No injury,LEFT OF CENTER,S BREEDEN & SR45W,39.07894135,-86.67573651
2014,2,4,Weekday,800,2-Car,No injury,OTHER (DRIVER) - EXPLAIN IN NARRATIVE,PINEWOOD & S WALNUT ST,39.07869224,-86.53143033
2014,9,2,Weekday,0,1-Car,No injury,ANIMAL/OBJECT IN ROADWAY,1ST & FAIRFAX RD,39.07808961,-86.51154656
2014,12,3,Weekday,1100,1-Car,No injury,OVERCORRECTING/OVERSTEERING,HOBART & OLD SR 37,39.0769972,-86.54097967
2014,2,4,Weekday,700,Bus,No injury,LEFT OF CENTER,BIRCH ROAD RD & TOM PHILLIPS RD,39.075952,-86.666192
2014,8,5,Weekday,1200,Moped/Motorcycle,functional,ROADWAY SURFACE CONDITION,FLUCKMILL RD & VICTOR,39.07387746,-86.57104254
2014,2,6,Weekday,1600,2-Car,No injury,IMPROPER TURNING,17TH ST & FORREST,39.07323635,-86.52249992
2014,7,5,Weekday,1700,Moped/Motorcycle,non-funcitonal,FAILURE TO YIELD RIGHT OF WAY,PHYLLIS & ROGERS ST,39.07308521,-86.54028967
2014,7,1,Weekend,500,1-Car,No injury,UNSAFE BACKING,FAIRFAX RD,39.07264709,-86.5041275
2014,10,7,Weekend,1800,1-Car,No injury,UNSAFE SPEED,EAST RUSH RIDGE & SR446E,39.07231178,-86.41636478
2014,6,3,Weekday,2000,1-Car,functional,RAN OFF ROAD RIGHT,FLUCK MILL RD & MAMIE EADS,39.07183997,-86.56615732
2014,8,6,Weekday,600,1-Car,No injury,DRIVER ASLEEP OR FATIGUED,S MAMIE EADS & W FLUCK MILL RD,39.07176,-86.565824
2014,8,3,Weekday,1100,1-Car,functional,RAN OFF ROAD RIGHT,SMITHVILLE ROAD RD & ZIKES,39.071344,-86.5252
2014,12,4,Weekday,1800,1-Car,No injury,RAN OFF ROAD RIGHT,SMITHVILLE & SR37,39.07133594,-86.52538403
2014,4,1,Weekend,0,1-Car,functional,RAN OFF ROAD RIGHT,KETCHAM RUN & SMITHVILLE,39.07121208,-86.54550791
2014,6,7,Weekend,800,2-Car,No injury,FAILURE TO YIELD RIGHT OF WAY,FAIRFAX RD & SMITHVILLE,39.071152,-86.503088
2014,6,5,Weekday,1800,2-Car,No injury,FAILURE TO YIELD RIGHT OF WAY,FAIRFAX RD & RAMP CREEK,39.07114998,-86.50319002
2014,9,2,Weekday,1900,1-Car,No injury,IMPROPER TURNING,FAIRFAX RD & RAMP CREEK,39.07114998,-86.50319002
2014,1,6,Weekday,900,2-Car,No injury,OTHER (DRIVER) - EXPLAIN IN NARRATIVE,SMITHVILLE RD & STRAIN RIDGE,39.07112,-86.507008
2014,3,1,Weekday,2200,2-Car,No injury,FOLLOWING TOO CLOSELY,RAMP 14 & SR45W,39.07110977,-86.50228881
2014,4,4,Weekday,1500,2-Car,No injury,FOLLOWING TOO CLOSELY,RAMP 14 & SR45W,39.07110977,-86.50228881
2014,7,5,Weekday,1300,2-Car,functional,FOLLOWING TOO CLOSELY,RAMP 14 & SR45W,39.07110977,-86.50228881
2014,7,2,Weekday,1200,2-Car,No injury,FAILURE TO YIELD RIGHT OF WAY,SMITHVILLE & STRAIN RIDGE RD,39.07110974,-86.50704972
2014,1,4,Weekday,700,2-Car,No injury,FOLLOWING TOO CLOSELY,SMITHVILLE RD & SR37N,39.071056,-86.5356
2014,2,4,Weekday,1500,2-Car,non-funcitonal,FAILURE TO YIELD RIGHT OF WAY,SMITHVILLE & SR37S,39.071056,-86.5356
2014,7,4,Weekday,900,2-Car,No injury,FAILURE TO YIELD RIGHT OF WAY,SMITHVILLE & SR37S,39.071056,-86.5356
2014,9,6,Weekday,1500,2-Car,No injury,FOLLOWING TOO CLOSELY,E SMITHVILLE & SR37S,39.071056,-86.5356
2014,2,4,Weekday,1200,1-Car,No injury,RAN OFF ROAD RIGHT,BAKERSFIELD & SMITHVILLE RD,39.07062024,-86.51904993
2014,12,4,Weekday,1800,1-Car,No injury,ANIMAL/OBJECT IN ROADWAY,SMITHVILLE & SR37,39.07050671,-86.53560702
2014,11,6,Weekday,1800,1-Car,No injury,RAN OFF ROAD RIGHT,S STRAINRIDGE,39.07033157,-86.50749207
2014,10,7,Weekend,0,1-Car,No injury,RAN OFF ROAD RIGHT,E NORTH & STRAIN RIDGE RD,39.07032914,-86.50749379
2014,11,3,Weekday,1000,2-Car,No injury,UNSAFE LANE MOVEMENT,POINTE & STRAINRIDGE,39.070301,-86.507506
2014,10,4,Weekday,0,1-Car,No injury,RAN OFF ROAD RIGHT,S FAIRFAX RD & S LOCUST,39.070256,-86.503232
2014,8,1,Weekend,1400,1-Car,No injury,RAN OFF ROAD RIGHT,BREEDEN RD & W GRAVES,39.06854543,-86.67140007
2014,1,5,Weekday,2100,1-Car,non-funcitonal,RAN OFF ROAD RIGHT,EAST BERNICE & SOUTH FAIRFAX RD,39.068496,-86.50312
2014,7,7,Weekend,1600,1-Car,No injury,TOW HITCH FAILURE,CUTRIGHT SRA & SR446S,39.06725965,-86.41561686
2014,12,3,Weekday,2000,1-Car,non-funcitonal,SPEED TOO FAST FOR WEATHER CONDITIONS,E HAYS & SR446S,39.06567061,-86.40818738
2014,1,1,Weekend,100,1-Car,functional,SPEED TOO FAST FOR WEATHER CONDITIONS,EAST ROGERS & SOUTH OLD ST RD 37 HWY,39.06441491,-86.54105544
2014,12,4,Weekday,1500,2-Car,No injury,FAILURE TO YIELD RIGHT OF WAY,S OLD STATE RD 37 & W ROGERS,39.06392008,-86.54097028
2014,2,6,Weekday,1000,2-Car,No injury,FOLLOWING TOO CLOSELY,S VICTOR PIKE,39.063136,-86.579472
2014,10,3,Weekday,200,2-Car,No injury,IMPROPER LANE USAGE,SR446S & WALDRIP CREEK,39.06173282,-86.41444601
2014,7,5,Weekday,1800,1-Car,No injury,OTHER (DRIVER) - EXPLAIN IN NARRATIVE,EAST WALDRIP CREEK RD & SR446S,39.0613398,-86.41417802
2014,4,4,Weekday,2100,1-Car,No injury,RAN OFF ROAD RIGHT,SR446S & WALDRIP CREEK,39.0613212,-86.4144235
2014,1,2,Weekday,2100,1-Car,No injury,RAN OFF ROAD RIGHT,CAROWINDS & FAIRFAX RD,39.06104,-86.498448
2014,6,3,Weekday,1700,1-Car,No injury,RAN OFF ROAD RIGHT,SR446 & WALDRIP CREEK RD,39.06081497,-86.41626007
2014,12,1,Weekday,2100,2-Car,No injury,FOLLOWING TOO CLOSELY,SCOTT & STRAIN RIDGE,39.05687995,-86.50779001
2014,12,7,Weekend,900,1-Car,No injury,RAN OFF ROAD RIGHT,S STRAINRIDGE & SCOTT,39.056848,-86.507776
2014,12,7,Weekend,800,2-Car,No injury,RAN OFF ROAD RIGHT,ROCKPORT & VICTOR,39.0564548,-86.60574519
2014,9,7,Weekend,1300,2-Car,No injury,FAILURE TO YIELD RIGHT OF WAY,HARMONY & SR7500W,39.05585861,-86.61650848
2014,1,3,Weekday,700,1-Car,No injury,RAN OFF ROAD RIGHT,S ROCKPORT RD RD & STANSIIFER,39.054745,-86.57585978
2014,6,7,Weekend,2000,Moped/Motorcycle,functional,LEFT OF CENTER,S FAIRFAX RD & S WISLEY,39.054608,-86.498432
2014,5,6,Weekend,1900,1-Car,No injury,RAN OFF ROAD RIGHT,S BURCH RD & S MOUNT ZION,39.05424,-86.638944
2014,9,5,Weekday,1500,1-Car,No injury,RAN OFF ROAD RIGHT,S ROCKPORT RD & S VICTOR,39.053744,-86.606304
2014,3,1,Weekend,1400,1-Car,No injury,RAN OFF ROAD RIGHT,BOTTOM & SR37S,39.05370432,-86.55792236
2014,12,3,Weekday,600,1-Car,No injury,ANIMAL/OBJECT IN ROADWAY,SR37S & ZIKES,39.05308133,-86.5358382
2014,1,5,Weekday,2100,2-Car,No injury,UNSAFE BACKING,1 ST & S MAIN ST,39.05298165,-86.51574008
2014,7,4,Weekday,100,1-Car,No injury,RAN OFF ROAD RIGHT,1ST AVENUE SANDERS & SOUTH FAIRFAX RD,39.05298165,-86.51332005
2014,3,4,Weekday,0,1-Car,No injury,ANIMAL/OBJECT IN ROADWAY,7955 HARMONY RD & ROCKPORT,39.05232151,-86.61140222
2014,4,3,Weekday,1500,1-Car,functional,ANIMAL/OBJECT IN ROADWAY,SR37S & ZIKES,39.05055459,-86.53587315
2014,5,1,Weekend,1700,2-Car,non-funcitonal,UNSAFE SPEED,OLD 37 HWY & S ORCHARD,39.05027645,-86.53130024
2014,1,1,Weekend,1800,1-Car,functional,OTHER (DRIVER) - EXPLAIN IN NARRATIVE,SR446S & WALDRIP CREEK,39.05005393,-86.40981894
2014,4,6,Weekday,200,1-Car,No injury,RAN OFF ROAD RIGHT,SR37 & ZIKES RD,39.04949752,-86.53236845
2014,5,6,Weekend,2300,1-Car,No injury,ANIMAL/OBJECT IN ROADWAY,SR37S & ZIKES,39.049456,-86.535888
2014,2,1,Weekend,1700,1-Car,No injury,RAN OFF ROAD RIGHT,SR37S & ZIKES,39.04670943,-86.53586743
2014,6,6,Weekday,600,1-Car,No injury,ANIMAL/OBJECT IN ROADWAY,SR37N & ZIKES,39.04533614,-86.53585714
2014,8,2,Weekday,200,1-Car,No injury,ANIMAL/OBJECT IN ROADWAY,SR37S & ZIKES,39.04396287,-86.53584423
2014,12,5,Weekday,1900,1-Car,No injury,ANIMAL/OBJECT IN ROADWAY,S OLD SR 37 & W CEDAR BLUFF,39.04212982,-86.54117011
2014,2,2,Weekday,1500,Bus,No injury,UNSAFE BACKING,W CEDAR BLUFF RD,39.04171584,-86.55704889
2014,2,3,Weekday,500,Bus,No injury,SPEED TOO FAST FOR WEATHER CONDITIONS,EAST POINTE RD & POINTE VIEW,39.03492004,-86.50863031
2014,7,1,Weekend,1700,2-Car,non-funcitonal,FAILURE TO YIELD RIGHT OF WAY,ALLENS CREEK & SR446S,39.034112,-86.408208
2014,9,2,Weekday,1000,1-Car,No injury,FAILURE TO YIELD RIGHT OF WAY,S FAIRFAX RD,39.03407288,-86.4906311
2014,4,6,Weekday,1300,1-Car,No injury,VIEW OBSTRUCTED,STRAIN RIDGE RD,39.03269984,-86.52091339
2014,2,5,Weekday,100,1-Car,No injury,ANIMAL/OBJECT IN ROADWAY,GORE & OLD SR 37 RD,39.032544,-86.541696
2014,2,4,Weekday,800,1-Car,No injury,RAN OFF ROAD RIGHT,FAIRFAX & POINT RD,39.0324799,-86.48987328
2014,5,7,Weekend,1900,1-Car,functional,RAN OFF ROAD RIGHT,8645 SOUTH BREEDEN RD & ROCKEAST,39.03203603,-86.66166902
2014,1,5,Weekday,1000,1-Car,No injury,SPEED TOO FAST FOR WEATHER CONDITIONS,ALLENS CREEK & SR446N,39.03126907,-86.42194366
2014,1,5,Weekday,900,1-Car,No injury,RAN OFF ROAD RIGHT,ALLENS CREEK & SR446S,39.03014083,-86.40774745
2014,10,3,Weekday,0,1-Car,No injury,SPEED TOO FAST FOR WEATHER CONDITIONS,ALLENS CREEK & SR446S,39.03014083,-86.40774745
2014,4,5,Weekday,1500,1-Car,No injury,RAN OFF ROAD RIGHT,CHAPEL HILL & SR446N,39.03010902,-86.40775852
2014,6,2,Weekday,1600,1-Car,No injury,SPEED TOO FAST FOR WEATHER CONDITIONS,ALLENS CREEK & SR446S,39.02987578,-86.40783977
2014,6,7,Weekend,2100,2-Car,No injury,UNSAFE BACKING,SOUTH FAIRFAX RD,39.02936116,-86.48948259
2014,10,5,Weekday,500,1-Car,No injury,RAN OFF ROAD RIGHT,FAIRFAX,39.02936116,-86.48948259
2014,9,3,Weekday,1100,1-Car,No injury,SPEED TOO FAST FOR WEATHER CONDITIONS,EAST ALLENS CREEK & SR446S,39.02758297,-86.40724404
2014,10,6,Weekday,1500,2-Car,functional,FAILURE TO YIELD RIGHT OF WAY,POINT CLUB & STRAIN RIDGE,39.02245117,-86.52173281
2014,6,6,Weekday,1800,2-Car,No injury,FOLLOWING TOO CLOSELY,E MONROE DAM RD & FOGGY MORNING,39.02116969,-86.53159373
2014,10,7,Weekend,1300,1-Car,No injury,OVERSIZE/OVERWEIGHT LOAD,E MONROE DAM & S FOGGY MORNING,39.02116969,-86.53156345
2014,12,2,Weekday,1100,1-Car,No injury,RAN OFF ROAD RIGHT,FOGGY MORNING & MONROE DAM,39.02116969,-86.53147692
2014,8,5,Weekday,1700,1-Car,No injury,ANIMAL/OBJECT IN ROADWAY,MONROE DAM & SR37S,39.02032157,-86.5360806
2014,12,7,Weekend,700,2-Car,No injury,ROADWAY SURFACE CONDITION,MONROE DAM & SR37N,39.020254,-86.536096
2014,7,5,Weekday,1500,1-Car,No injury,ANIMAL/OBJECT IN ROADWAY,EAST MONROE DAM & SR37S,39.020048,-86.536096
2014,2,1,Weekend,0,1-Car,No injury,SPEED TOO FAST FOR WEATHER CONDITIONS,EAST MONROE DAM & SOUTH STRAIN RIDGE RD,39.018656,-86.522896
2014,12,4,Weekday,800,2-Car,No injury,LEFT OF CENTER,E MONROE DAM & S STRAIN RIDGE,39.018656,-86.522896
2014,6,2,Weekday,400,1-Car,functional,ANIMAL/OBJECT IN ROADWAY,E TOWER RIDGE RD & SR446,39.01650711,-86.39170458
2014,4,7,Weekend,1300,2-Car,No injury,VIEW OBSTRUCTED,HOBART ROAD RD & SR37,39.014352,-86.537088
2014,6,4,Weekday,2100,Moped/Motorcycle,functional,RAN OFF ROAD RIGHT,E DEPOT HILL & MONROE DAM RD,39.01330009,-86.52362979
2014,12,2,Weekday,1200,2-Car,No injury,UNSAFE BACKING,3 RD,39.01295853,-86.5491333
2014,5,6,Weekend,2100,1-Car,No injury,BRAKE FAILURE OR DEFECTIVE,MONROE DAM RD & VALLEY MISSION,39.01240324,-86.50785136
2014,8,3,Weekday,400,1-Car,functional,RAN OFF ROAD RIGHT,3RD & WEST POPCORN RD,39.011984,-86.549232
2014,3,7,Weekend,2100,1-Car,No injury,ANIMAL/OBJECT IN ROADWAY,KETCHUM & POPCORN RD,39.01174977,-86.56188876
2014,2,1,Weekend,600,1-Car,No injury,RAN OFF ROAD RIGHT,WEST POPCORN RD,39.01113957,-86.56308406
2014,10,5,Weekday,2200,1-Car,No injury,OTHER (DRIVER) - EXPLAIN IN NARRATIVE,KETCHAM & POPCORN,39.01108387,-86.56336515
2014,9,6,Weekday,800,1-Car,No injury,ANIMAL/OBJECT IN ROADWAY,MONROE DAM & SR37N,39.01074232,-86.53738755
2014,1,3,Weekday,700,1-Car,No injury,RAN OFF ROAD RIGHT,E MONROE DAM RD & S VALLEY MISSION,39.009344,-86.510096
2014,3,5,Weekday,1200,2-Car,No injury,LEFT OF CENTER,LIZZY & S LEONARD SPRINGS RD,39.00864125,-86.59514017
2014,6,4,Weekday,2000,2-Car,non-funcitonal,LEFT OF CENTER,THACKER RD & WEAVER,39.00710712,-86.66268811
2014,5,3,Weekday,1000,1-Car,No injury,RAN OFF ROAD RIGHT,SR37S,39.00621589,-86.53712704
2014,12,7,Weekend,500,1-Car,No injury,SPEED TOO FAST FOR WEATHER CONDITIONS,SR37S,39.00621589,-86.53712704
2014,1,6,Weekday,1400,2-Car,No injury,ROADWAY SURFACE CONDITION,OARD RD & STATE ROAD 48,39.00620257,-86.62014976
2014,10,3,Weekday,1300,2-Car,No injury,FOLLOWING TOO CLOSELY,3RD & LIBERTY,39.00599354,-86.57913007
2014,8,4,Weekday,1500,2-Car,No injury,FOLLOWING TOO CLOSELY,S LIBERTY DR & W 3RD,39.00599354,-86.57913006
2014,6,1,Weekday,2300,1-Car,No injury,ANIMAL/OBJECT IN ROADWAY,SOUTH DUTCH RIDGE & SR446S,39.00413945,-86.39493821
2014,9,4,Weekday,1700,1-Car,functional,RAN OFF ROAD RIGHT,POPCORN RD & ROCKPORT,39.00279502,-86.59021482
2014,5,6,Weekday,1300,1-Car,functional,RAN OFF ROAD RIGHT,9400 S ROCKPORT RD & POPCORN,39.002752,-86.59
2014,6,5,Weekday,100,1-Car,functional,RAN OFF ROAD RIGHT,DUTCH RIDGE & SR446N,38.99522272,-86.37118742
2014,12,3,Weekday,700,1-Car,No injury,ANIMAL/OBJECT IN ROADWAY,ORCHARD & SOUTH OLD 37,38.99218484,-86.53130025
2014,4,7,Weekend,2100,1-Car,No injury,ANIMAL/OBJECT IN ROADWAY,INGRAM & SR37S,38.99132941,-86.53726096
2014,7,6,Weekday,1700,1-Car,No injury,LEFT OF CENTER,ROCKPORT & SR37N,38.99090198,-86.59308624
2014,8,4,Weekday,500,1-Car,No injury,RAN OFF ROAD RIGHT,N HEADLEY RD & N HINKLE,38.98876077,-86.51437148
2014,2,2,Weekday,2000,1-Car,No injury,ANIMAL/OBJECT IN ROADWAY,EDGAR LANE & S HANDY ROAD RD,38.98664098,-86.48303993
2014,8,2,Weekday,700,1-Car,No injury,ANIMAL/OBJECT IN ROADWAY,GREEN & S STRAIN RIDGE RD,38.98473901,-86.50776989
2014,12,6,Weekday,800,2-Car,No injury,FOLLOWING TOO CLOSELY,E DILLMAN & S OLD ST RD 37,38.98213115,-86.5441601
2014,4,2,Weekday,1700,3+ Cars,No injury,INSECURE/LEAKY LOAD,E ELLIS & SR37N,38.98171686,-86.53289794
2014,1,1,Weekend,800,1-Car,No injury,ROADWAY SURFACE CONDITION,FAIRFAX & SR37S,38.94889902,-86.49017333
2014,8,6,Weekday,1800,1-Car,No injury,UNSAFE SPEED,CEDAR BLUFF & KETCHAM RD,38.93688592,-86.56989991
2014,11,7,Weekend,1200,3+ Cars,No injury,LEFT OF CENTER,S LIBERTY & W 3RD,38.90024909,-86.57913007
2014,12,2,Weekday,2200,1-Car,non-funcitonal,OVERCORRECTING/OVERSTEERING,E GRAMERCY PARK & N HINKLE,38.89279597,-86.50542967
2014,11,2,Weekday,2100,1-Car,No injury,ROADWAY SURFACE CONDITION,E RAMP CREEK & S CHURCH,38.65200062,-86.48465999
2014,1,1,Weekend,0,1-Car,No injury,ANIMAL/OBJECT IN ROADWAY,HARMONY DR & MT ZION,38.64628355,-86.62609018
2014,10,6,Weekday,1200,2-Car,No injury,UNSAFE BACKING,W,38.63943368,-85.84378838
2014,3,6,Weekend,2100,1-Car,functional,OVERCORRECTING/OVERSTEERING,MT GILEAD RD & N UPPER  BIRDIE GALYAN,38.60308997,-86.42372019
2014,11,5,Weekday,700,1-Car,No injury,ANIMAL/OBJECT IN ROADWAY,SR37S & ZIKES,38.48812826,-86.53515625
2014,2,4,Weekday,700,1-Car,functional,SPEED TOO FAST FOR WEATHER CONDITIONS,K S ROLLOFF & OLD SR 37 RD,1,1
2014,4,6,Weekday,800,2-Car,functional,LEFT OF CENTER,HINES & SR45S,1,1
2014,4,6,Weekday,800,2-Car,functional,DRIVER DISTRACTED - EXPLAIN IN NARRATIVE,SR37N,1,1
2014,9,5,Weekday,1100,1-Car,non-funcitonal,RAN OFF ROAD RIGHT,GREEN CO LINE & SR45W,1,1
2014,9,6,Weekday,1000,Bus,functional,FAILURE TO YIELD RIGHT OF WAY,ENT TO 3205 W SR 45 & SR45W,1,1
2014,1,5,Weekday,800,1-Car,No injury,UNSAFE LANE MOVEMENT,SR45W & UNKNOWN,0,0
2014,1,3,Weekday,1600,2-Car,No injury,SPEED TOO FAST FOR WEATHER CONDITIONS,3RD ST & 45 46,0,0
2014,1,5,Weekday,1100,1-Car,No injury,ROADWAY SURFACE CONDITION,600 BLOCK W DITTEMORE RD & CROSSOVER,0,0
2014,1,6,Weekday,1700,2-Car,No injury,OTHER (DRIVER) - EXPLAIN IN NARRATIVE,RICHLAND PARKING LOT & RICHLAND PLAZA PARKING LOT,0,0
2014,1,6,Weekend,1900,1-Car,No injury,SPEED TOO FAST FOR WEATHER CONDITIONS,COUNTY LINE & HEDRICK RD,0,0
2014,1,1,Weekend,1200,2-Car,No injury,OTHER (DRIVER) - EXPLAIN IN NARRATIVE,SR37S,0,0
2014,1,6,Weekday,900,1-Car,No injury,RAN OFF ROAD RIGHT,E ROBINSON RD & N OLD STATE,0,0