Year,Month,Day,Weekend?,Hour,Collision Type,Injury Type,Primary Factor,Reported_Location,Latitude,Longitude
2014,1,3,Weekday,1700,2-Car,No injury,DRIVER DISTRACTED - EXPLAIN IN NARRATIVE,SR45W & W BUNGER,0,0
2014,1,5,Weekday,800,2-Car,No injury,SPEED TOO FAST FOR WEATHER CONDITIONS,N BOUND 37 EXIT RAMP TO 3RD & W 3RD ST,0,0
2014,1,6,Weekday,1100,2-Car,No injury,UNSAFE BACKING,NORTH CURRY & PARKING LOT PLN,0,0
2014,1,5,Weekday,1000,1-Car,No injury,RAN OFF ROAD RIGHT,8840 WEST SR 45 RD & STANFORD,0,0
2014,1,3,Weekday,1000,1-Car,No injury,ROADWAY SURFACE CONDITION,SR46E,0,0
2014,1,2,Weekday,1700,2-Car,No injury,FAILURE TO YIELD RIGHT OF WAY,ARLINGTON RD & SHELBOURNE,0,0
2014,1,4,Weekday,500,2-Car,No injury,DISREGARD SIGNAL/REG SIGN,SR37 & SR46W,0,0
2014,1,4,Weekday,1900,2-Car,No injury,FOLLOWING TOO CLOSELY,BLOOMFIELD & STATE ROAD 37 SOUTH BOUND RD,0,0
2014,1,6,Weekday,800,2-Car,No injury,FAILURE TO YIELD RIGHT OF WAY,IU UNIVERSITY GYM DR & SR45E,0,0
2014,1,2,Weekday,900,2-Car,No injury,UNSAFE BACKING,HAWTHORNE & KIRKWOOD AVE,0,0
2014,2,5,Weekday,2200,2-Car,No injury,FOLLOWING TOO CLOSELY,BLOOMFIELD RD RD & STATE HIGHWAY 37,0,0
2014,2,5,Weekday,1100,2-Car,No injury,FAILURE TO YIELD RIGHT OF WAY,CURRY PIKE & SR48N,0,0
2014,2,6,Weekday,1200,2-Car,No injury,UNSAFE BACKING,BUSINES SPEA PARKING LOT N DR & FEE,0,0
2014,2,1,Weekday,1900,2-Car,No injury,DISREGARD SIGNAL/REG SIGN,BLOOMFIELD RD & SR 37,0,0
2014,2,6,Weekday,1600,2-Car,No injury,SPEED TOO FAST FOR WEATHER CONDITIONS,BLOOMFIELD RD & INDUSTRIAL,0,0
2014,2,3,Weekday,700,1-Car,No injury,UNSAFE SPEED,N COLLEGE AVE RAMP,0,0
2014,2,4,Weekday,1400,2-Car,No injury,FAILURE TO YIELD RIGHT OF WAY,BLOOMFIELD & LIBERTY DR,0,0
2014,2,4,Weekday,700,1-Car,No injury,RAN OFF ROAD RIGHT,NORTH & S STRAIN RIDGE RD,0,0
2014,2,6,Weekday,500,1-Car,No injury,ROADWAY SURFACE CONDITION,KING RAIL OVERLOOK & W HOGE DR,0,0
2014,2,6,Weekday,800,2-Car,No injury,FOLLOWING TOO CLOSELY,PURPLE LOT GATE 10 & SR46E,0,0
2014,2,6,Weekday,1700,Bus,No injury,OTHER (DRIVER) - EXPLAIN IN NARRATIVE,GRAHAM & ROGERS RD,0,0
2014,3,1,Weekend,700,2-Car,No injury,ROADWAY SURFACE CONDITION,SMITH RD & SNODDY,0,0
2014,3,2,Weekday,600,2-Car,No injury,UNSAFE BACKING,INDIANA & VON LEE LOT DR,0,0
2014,3,7,Weekend,1100,2-Car,No injury,FAILURE TO YIELD RIGHT OF WAY,GATES & PARKING LOT RD,0,0
2014,3,3,Weekday,1400,2-Car,No injury,FOLLOWING TOO CLOSELY,SR37N,0,0
2014,3,3,Weekday,1600,2-Car,No injury,FOLLOWING TOO CLOSELY,BLOOMFIELD RD & LIBERTY,0,0
2014,4,4,Weekday,1200,Bus,No injury,FAILURE TO YIELD RIGHT OF WAY,11TH & FEE LN,0,0
2014,5,1,Weekend,1100,2-Car,No injury,LEFT OF CENTER,3200 E 10 & 3211 E 10TH DR,0,0
2014,5,3,Weekday,1100,2-Car,No injury,OTHER (VEHICLE) - EXPLAIN IN NARRATIVE,2512 E 3RD ST,0,0
2014,4,7,Weekend,1200,2-Car,No injury,DRIVER DISTRACTED - EXPLAIN IN NARRATIVE,SR37N,0,0
2014,4,5,Weekday,800,2-Car,No injury,UNSAFE BACKING,2931 E 10TH PARKING LOT ST & RANGE,0,0
2014,4,6,Weekday,1500,2-Car,No injury,UNSAFE BACKING,E 1OTH ST,0,0
2014,4,6,Weekday,1800,2-Car,No injury,FAILURE TO YIELD RIGHT OF WAY,S LEONARD & SR45W,0,0
2014,4,2,Weekday,1200,2-Car,No injury,OTHER (DRIVER) - EXPLAIN IN NARRATIVE,FINE ARTS CIR & STADIUM,0,0
2014,4,6,Weekday,900,2-Car,No injury,UNSAFE BACKING,10TH & EIGENMANN (1900 E 10TH) CIR,0,0
2014,4,5,Weekday,1600,2-Car,No injury,FOLLOWING TOO CLOSELY,SR37S & THAT RD,0,0
2014,4,3,Weekday,1600,2-Car,No injury,IMPROPER TURNING,WELLNESS WAY,0,0
2014,4,5,Weekday,1400,2-Car,No injury,UNSAFE BACKING,AMARYLLIS DR,0,0
2014,4,6,Weekday,900,2-Car,No injury,OTHER (DRIVER) - EXPLAIN IN NARRATIVE,E THIRD ST & NORTH DRIVE K MART,0,0
2014,4,4,Weekday,900,2-Car,No injury,FAILURE TO YIELD RIGHT OF WAY,5340 S OLD SR 37 HWY & S FAIRFAX,0,0
2014,5,5,Weekday,1000,2-Car,No injury,UNSAFE BACKING,701 E 17TH (WHITE LOT) ST & NORTH DUNN,0,0
2014,5,5,Weekday,1100,2-Car,No injury,FAILURE TO YIELD RIGHT OF WAY,10TH ST & TULIP TREE,0,0
2014,4,4,Weekday,2000,1-Car,No injury,RAN OFF ROAD RIGHT,5330 W WOODYARD RD & N HARTSTRAIT,0,0
2014,5,6,Weekday,900,2-Car,No injury,UNSAFE BACKING,EIGENMANN HALL SOUTH LOT N DR & UNION,0,0
2014,5,6,Weekday,700,2-Car,No injury,FOLLOWING TOO CLOSELY,S FAIRFAX & S OLD SR37 RD,0,0
2014,5,7,Weekend,500,1-Car,No injury,RAN OFF ROAD RIGHT,3200 E 1OTH ST & PETE ELLIS,0,0
2014,1,4,Weekday,2100,1-Car,No injury,RAN OFF ROAD RIGHT,SR9200E,0,0
2014,5,7,Weekend,1100,2-Car,No injury,FOLLOWING TOO CLOSELY,SR46E & THIRD,0,0
2014,5,2,Weekday,800,1-Car,No injury,OVERCORRECTING/OVERSTEERING,FOURTH & SR46W,0,0
2014,5,4,Weekday,1800,3+ Cars,No injury,FAILURE TO YIELD RIGHT OF WAY,BLOOMFIELD RD & INDUSTRIAL,0,0
2014,5,3,Weekday,1500,2-Car,No injury,FOLLOWING TOO CLOSELY,RAMP 17 & W BLOOMFIELD RD,0,0
2014,5,1,Weekend,1000,1-Car,No injury,UNSAFE SPEED,N MT GILEAD & W SR 45 RD,0,0
2014,5,4,Weekday,1200,2-Car,No injury,DRIVER DISTRACTED - EXPLAIN IN NARRATIVE,SR37S,0,0
2014,5,4,Weekday,1600,2-Car,No injury,FAILURE TO YIELD RIGHT OF WAY,BLOOMFIELD & LIBERTY DR,0,0
2014,5,7,Weekend,1500,2-Car,No injury,LEFT OF CENTER,CHESTER DR & DEER,0,0
2014,5,7,Weekend,1900,1-Car,No injury,RAN OFF ROAD RIGHT,EAST TIEMEY STREET & SOUTH STRAIN RIDGE RD,0,0
2014,6,2,Weekday,1400,2-Car,functional,FOLLOWING TOO CLOSELY,US37S,0,0
2014,6,2,Weekday,1200,2-Car,No injury,VIEW OBSTRUCTED,EW ALLEY E OF N COLLEGE AVE & NS ALLEY N OF 10TH ST ALY,0,0
2014,6,3,Weekday,800,2-Car,No injury,FOLLOWING TOO CLOSELY,SR37N,0,0
2014,6,5,Weekday,900,2-Car,No injury,VIEW OBSTRUCTED,SR46W & UNIONVALLEY,0,0
2014,6,1,Weekend,1200,Moped/Motorcycle,No injury,FOLLOWING TOO CLOSELY,10 & SR46E,0,0
2014,6,3,Weekday,1700,3+ Cars,No injury,DRIVER DISTRACTED - EXPLAIN IN NARRATIVE,SR46W & UNIONVALLEY,0,0
2014,6,4,Weekday,1100,2-Car,No injury,OTHER (DRIVER) - EXPLAIN IN NARRATIVE,SR37N,0,0
2014,6,6,Weekday,1500,2-Car,No injury,FOLLOWING TOO CLOSELY,45 46 BYP & KINSER,0,0
2014,6,2,Weekday,1400,1-Car,No injury,DRIVER ILLNESS,SR37N,0,0
2014,6,5,Weekday,1600,2-Car,No injury,FOLLOWING TOO CLOSELY,45 46 BYP & NORTHBOUND 37  5,0,0
2014,6,5,Weekday,1700,2-Car,No injury,UNSAFE BACKING,LINCOLN ST & PARKING LOT ENTRANCE,0,0
2014,7,6,Weekday,1000,2-Car,No injury,DISREGARD SIGNAL/REG SIGN,COLLEGE MALL RD & EASTLAND PLAZA,0,0
2014,7,4,Weekday,1000,2-Car,No injury,UNSAFE LANE MOVEMENT,N BOUND 37 ENT & W BLOOMFIELD RD,0,0
2014,7,7,Weekend,1000,1-Car,No injury,OVERCORRECTING/OVERSTEERING,S KETCHUM RUN AROUND & S OLD SR37 RD,0,0
2014,7,3,Weekday,1600,2-Car,No injury,ANIMAL/OBJECT IN ROADWAY,BLOOMFIELD & SR 37 RD,0,0
2014,6,4,Weekday,1600,2-Car,No injury,DRIVER DISTRACTED - EXPLAIN IN NARRATIVE,MAIN ST & MATTHEW,0,0
2014,8,6,Weekday,700,2-Car,No injury,SPEED TOO FAST FOR WEATHER CONDITIONS,E RHORER & S OLD SR37 HWY,0,0
2014,9,7,Weekend,1200,2-Car,No injury,INSECURE/LEAKY LOAD,S DOLIMAH AVE & W MILIEU,0,0
2014,9,1,Weekday,2000,2-Car,No injury,FAILURE TO YIELD RIGHT OF WAY,E 10TH ST & TULIP TREE,0,0
2014,10,4,Weekday,1400,2-Car,No injury,FOLLOWING TOO CLOSELY,SMITH & WOODYARD,0,0
2014,10,5,Weekday,1900,2-Car,non-funcitonal,FOLLOWING TOO CLOSELY,BLOOMFIELD & LIBERTY,0,0
2014,10,5,Weekday,1200,2-Car,No injury,OTHER (DRIVER) - EXPLAIN IN NARRATIVE,BASSWOOD & SECOND,0,0
2014,8,7,Weekend,1700,2-Car,No injury,FOLLOWING TOO CLOSELY,IN SR 37 & W 2ND ST,0,0
2014,8,7,Weekend,2100,1-Car,No injury,ANIMAL/OBJECT IN ROADWAY,17 & SR4546W,0,0
2014,8,2,Weekday,700,2-Car,No injury,OTHER (DRIVER) - EXPLAIN IN NARRATIVE,W2ND ST,0,0
2014,8,3,Weekday,100,2-Car,No injury,UNSAFE BACKING,100 BLOCK W 11TH & ALLEY ALY,0,0
2014,8,3,Weekday,1400,2-Car,No injury,FAILURE TO YIELD RIGHT OF WAY,EIGENMANN S DR & JEFFERSON,0,0
2014,8,2,Weekday,2100,2-Car,No injury,FOLLOWING TOO CLOSELY,NORTH CURRY PIKE & NORTH LINTEL,0,0
2014,8,6,Weekday,1200,2-Car,No injury,FAILURE TO YIELD RIGHT OF WAY,FENBROOK LN & ROMANS,0,0
2014,8,7,Weekend,200,2-Car,No injury,OVERCORRECTING/OVERSTEERING,DOLIMAH & MILIEU DR,0,0
2014,8,7,Weekend,900,2-Car,No injury,FOLLOWING TOO CLOSELY,SR37S,0,0
2014,8,1,Weekday,2200,1-Car,No injury,RAN OFF ROAD RIGHT,45 46 BYPASS & KINSER PIKE,0,0
2014,9,3,Weekday,1600,2-Car,No injury,UNSAFE BACKING,S JUNYA ST,0,0
2014,9,4,Weekday,1400,2-Car,No injury,OTHER (DRIVER) - EXPLAIN IN NARRATIVE,2451 EAST 10TH (PARKING LOT) ST & EAST 10TH,0,0
2014,9,5,Weekday,800,2-Car,No injury,FOLLOWING TOO CLOSELY,SR37S,0,0
2014,9,6,Weekday,1500,3+ Cars,No injury,FOLLOWING TOO CLOSELY,45 46 BYPASS BYP & RANGE,0,0
2014,9,7,Weekend,1100,2-Car,No injury,OTHER (DRIVER) - EXPLAIN IN NARRATIVE,W MILIEU DR,0,0
2014,9,4,Weekday,700,2-Car,No injury,ANIMAL/OBJECT IN ROADWAY,CRAMER & CRAMER CIR,0,0
2014,9,1,Weekend,1400,2-Car,No injury,FAILURE TO YIELD RIGHT OF WAY,SR45W & WALMART,0,0
2014,9,2,Weekday,800,2-Car,No injury,DRIVER DISTRACTED - EXPLAIN IN NARRATIVE,SMITH & WOODYARD,0,0
2014,9,4,Weekday,1700,2-Car,No injury,FOLLOWING TOO CLOSELY,BLOOMFIELD RD & HICKORY LEAF,0,0
2014,9,2,Weekday,700,2-Car,No injury,ANIMAL/OBJECT IN ROADWAY,N OUTBACK & W STATE ROAD 46 RD,0,0
2014,9,2,Weekday,800,3+ Cars,No injury,FOLLOWING TOO CLOSELY,BARGER & TAPP RD,0,0
2014,9,5,Weekday,1700,2-Car,No injury,OTHER (DRIVER) - EXPLAIN IN NARRATIVE,3069 MATHEA DR & LUCAS,0,0
2014,9,2,Weekday,800,1-Car,No injury,RAN OFF ROAD RIGHT,HINES & SR45W,0,0
2014,9,3,Weekday,1000,2-Car,No injury,UNSAFE BACKING,E4TH ST,0,0
2014,9,3,Weekday,900,2-Car,No injury,UNSAFE BACKING,1101 N FEE (PARKING NW LOT) LN & WALNUT GROVE,0,0
2014,10,7,Weekend,1000,2-Car,No injury,FAILURE TO YIELD RIGHT OF WAY,LIBERTY DR & PRIVATE,0,0
2014,10,2,Weekday,1100,1-Car,No injury,RAN OFF ROAD RIGHT,E 2ND AVE & SOUTH FAIRFAX RD,0,0
2014,10,1,Weekend,300,3+ Cars,No injury,IMPROPER LANE USAGE,20TH & VARSITY LN,0,0
2014,10,5,Weekday,700,1-Car,No injury,RAN OFF ROAD RIGHT,E SALT CREEK & S SR446 RD,0,0
2014,10,3,Weekday,900,2-Car,No injury,FAILURE TO YIELD RIGHT OF WAY,E RHORER & S OLD SR37 HWY,0,0
2014,10,3,Weekday,1200,2-Car,No injury,BRAKE FAILURE OR DEFECTIVE,MERIE & VERNAL,0,0
2014,10,4,Weekday,1200,2-Car,No injury,FAILURE TO YIELD RIGHT OF WAY,SUSAN & WHITEHALL CROSSING,0,0
2014,10,5,Weekday,900,2-Car,No injury,FOLLOWING TOO CLOSELY,SR37S,0,0
2014,10,5,Weekday,1700,2-Car,No injury,UNSAFE LANE MOVEMENT,KIRKWOOD,0,0
2014,10,6,Weekday,1800,2-Car,No injury,SPEED TOO FAST FOR WEATHER CONDITIONS,N SMITH & W FORREST PARK,0,0
2014,10,7,Weekend,1200,2-Car,No injury,FOLLOWING TOO CLOSELY,KINGSTON & PETE ELLIS,0,0
2014,10,2,Weekday,1800,2-Car,No injury,FOLLOWING TOO CLOSELY,SR45E,0,0
2014,10,5,Weekday,0,2-Car,No injury,OTHER (DRIVER) - EXPLAIN IN NARRATIVE,2374 S WINSLOW,0,0
2014,10,6,Weekday,1300,2-Car,No injury,IMPROPER LANE USAGE,W THIRD,0,0
2014,10,7,Weekend,1100,2-Car,No injury,FOLLOWING TOO CLOSELY,COUNTRY CLUB & MILTON,0,0
2014,10,1,Weekend,900,1-Car,No injury,OVERCORRECTING/OVERSTEERING,2315 N SMITH & WOODYARD,0,0
2014,10,1,Weekend,1300,2-Car,No injury,DRIVER DISTRACTED - EXPLAIN IN NARRATIVE,3RD & S STATE RD 37 RAMP 13,0,0
2014,10,6,Weekday,1300,3+ Cars,functional,FAILURE TO YIELD RIGHT OF WAY,W 3RD & WHITE HALL,0,0
2014,10,6,Weekday,1700,3+ Cars,No injury,FOLLOWING TOO CLOSELY,45 46 & KINSER,0,0
2014,12,2,Weekday,900,1-Car,No injury,OTHER (DRIVER) - EXPLAIN IN NARRATIVE,EAST THIRD,0,0
2014,12,2,Weekday,1900,1-Car,functional,RAN OFF ROAD RIGHT,E CHAPEL & SR45W,0,0
2014,12,2,Weekday,1800,2-Car,No injury,FAILURE TO YIELD RIGHT OF WAY,BLOOMFIELD & LIBERTY,0,0
2014,12,3,Weekday,1500,2-Car,No injury,FOLLOWING TOO CLOSELY,SMITH & WOODYARD,0,0
2014,12,3,Weekday,1700,2-Car,No injury,FOLLOWING TOO CLOSELY,3RD & CURRY,0,0
2014,12,6,Weekday,1800,2-Car,No injury,FOLLOWING TOO CLOSELY,SB RAMP TO SR 37 & SR45W,0,0
2014,12,7,Weekend,600,2-Car,No injury,UNSAFE SPEED,DANIELS & W STATE ROAD 48,0,0
2014,12,7,Weekend,2200,1-Car,No injury,RAN OFF ROAD RIGHT,N PAYNE & SR37N,0,0
2014,12,1,Weekend,1400,2-Car,No injury,FOLLOWING TOO CLOSELY,COFFEY LANE & N SMITH,0,0
2014,12,7,Weekend,1300,2-Car,No injury,DRIVER DISTRACTED - EXPLAIN IN NARRATIVE,SR37S,0,0
2014,12,7,Weekend,400,1-Car,No injury,OVERCORRECTING/OVERSTEERING,E GRAHAM & S HENDERSON,0,0
2014,12,6,Weekend,1900,2-Car,No injury,OTHER (DRIVER) - EXPLAIN IN NARRATIVE,NORTH LAKE VIEW & SR46W,0,0
2014,12,3,Weekday,1100,2-Car,No injury,OTHER (DRIVER) - EXPLAIN IN NARRATIVE,N GATES,0,0
2014,12,2,Weekday,2100,1-Car,No injury,RAN OFF ROAD RIGHT,S ROCKPORT & W BOLIN,0,0
2014,12,3,Weekday,1400,2-Car,No injury,UNSAFE BACKING,N JACOB,0,0
2014,12,3,Weekday,1500,2-Car,No injury,UNSAFE BACKING,N GATES,0,0
2014,12,4,Weekday,1300,2-Car,No injury,OTHER (DRIVER) - EXPLAIN IN NARRATIVE,S BASSWOOD,0,0
2014,11,2,Weekday,1000,2-Car,No injury,FAILURE TO YIELD RIGHT OF WAY,BLOOMFIELD & LIBERTY,0,0
2014,11,3,Weekday,1100,2-Car,No injury,IMPROPER LANE USAGE,W THIRD,0,0
2014,11,2,Weekday,1500,3+ Cars,No injury,OVERCORRECTING/OVERSTEERING,DOLIMAH & MILIEU,0,0
2014,11,3,Weekday,1700,1-Car,No injury,ROADWAY SURFACE CONDITION,S BANTA & W COUNTRY CLUB,0,0
2014,10,6,Weekend,1900,3+ Cars,No injury,SPEED TOO FAST FOR WEATHER CONDITIONS,45 46 & KINSER,0,0
2014,11,7,Weekend,0,1-Car,No injury,ANIMAL/OBJECT IN ROADWAY,SR37N,0,0
2014,11,2,Weekday,1000,2-Car,No injury,FOLLOWING TOO CLOSELY,48 & CURRY,0,0
2014,11,6,Weekday,1200,2-Car,No injury,FOLLOWING TOO CLOSELY,COLLEGEMALL & E 2ND,0,0
2014,11,3,Weekday,1500,2-Car,No injury,UNSAFE LANE MOVEMENT,GATES & JACOBS,0,0
2014,11,3,Weekday,1800,2-Car,No injury,FAILURE TO YIELD RIGHT OF WAY,DANIELS,0,0
2014,11,7,Weekend,2000,2-Car,No injury,LEFT OF CENTER,N MONROE & W 2OTH,0,0
2014,11,2,Weekday,600,2-Car,No injury,FOLLOWING TOO CLOSELY,S FAIRFAX & S WALNUT STREET,0,0
2014,11,3,Weekday,800,2-Car,No injury,LEFT OF CENTER,N UNION VALLEY & N WESTFALL,0,0
2014,11,5,Weekday,800,2-Car,No injury,OTHER (DRIVER) - EXPLAIN IN NARRATIVE,GILMORE PARKING CENTER ROW & INDIANA,0,0
2014,11,3,Weekday,1800,1-Car,No injury,RAN OFF ROAD RIGHT,HUGES & MOORES CREEK,0,0
2014,11,2,Weekday,1800,1-Car,No injury,RAN OFF ROAD RIGHT,9625 CARMICHAL & ROCKEAST,0,0
2014,11,2,Weekday,1900,2-Car,No injury,FAILURE TO YIELD RIGHT OF WAY,SR4546E,0,0
2014,11,4,Weekday,700,2-Car,No injury,FOLLOWING TOO CLOSELY,NB OFF RAMP SR 37,0,0
2014,11,5,Weekday,1400,2-Car,No injury,OTHER (DRIVER) - EXPLAIN IN NARRATIVE,S DOLIMAH,0,0
2014,11,5,Weekday,1900,3+ Cars,functional,FOLLOWING TOO CLOSELY,45 46 & DUNN,0,0
2014,11,7,Weekend,1200,2-Car,No injury,FAILURE TO YIELD RIGHT OF WAY,N SMITH & W WOODYARD,0,0
2014,11,3,Weekday,1900,1-Car,No injury,RAN OFF ROAD RIGHT,SR46,0,0
2014,11,7,Weekend,800,2-Car,No injury,FAILURE TO YIELD RIGHT OF WAY,AIRPORT & BUNGER,0,0
2014,11,7,Weekend,1800,3+ Cars,No injury,FAILURE TO YIELD RIGHT OF WAY,S LIBERTY & W THIRD,0,0
2014,12,3,Weekday,700,2-Car,No injury,FAILURE TO YIELD RIGHT OF WAY,HARVEST & UNIONVALLEY,0,0
2014,12,6,Weekday,1000,2-Car,non-funcitonal,FAILURE TO YIELD RIGHT OF WAY,ACCESS TO GREASE MONKEY & COUNTRY CLUB,0,0
2014,12,6,Weekend,1900,2-Car,No injury,FOLLOWING TOO CLOSELY,FORREST & SMITH,0,0
2014,12,7,Weekend,1400,2-Car,No injury,FAILURE TO YIELD RIGHT OF WAY,3 & GATES,0,0
2014,12,7,Weekend,1700,2-Car,No injury,FOLLOWING TOO CLOSELY,TAPP,0,0
2014,12,1,Weekend,1200,Pedestrian,non-funcitonal,OTHER (DRIVER) - EXPLAIN IN NARRATIVE,E LIDEN,0,0
2014,12,5,Weekday,1600,2-Car,No injury,FAILURE TO YIELD RIGHT OF WAY,CAPITAL & SR46W,0,0
2014,12,5,Weekday,900,2-Car,No injury,OTHER (DRIVER) - EXPLAIN IN NARRATIVE,SR37S,0,0
2014,12,4,Weekday,1000,2-Car,No injury,DRIVER DISTRACTED - EXPLAIN IN NARRATIVE,RIDGESPRINGS & SR46W,0,0
2014,12,4,Weekday,1500,2-Car,No injury,UNSAFE LANE MOVEMENT,COLLEGE & SIXTH,0,0
2014,12,4,Weekday,1700,2-Car,No injury,DISREGARD SIGNAL/REG SIGN,BLOOMFIELD & RAMP 17,0,0
2014,5,5,Weekday,2200,2-Car,No injury,DRIVER DISTRACTED - EXPLAIN IN NARRATIVE,3RD ST & STATE ROAD 37,0,0
2014,6,4,Weekday,2300,2-Car,No injury,UNSAFE BACKING,WEST SUDBERRY DR,0,0
2014,6,5,Weekday,1800,2-Car,functional,LEFT OF CENTER,EAST ROBINSON RD & NORTH OLD 37,0,0
2014,6,6,Weekday,1200,1-Car,No injury,OTHER (DRIVER) - EXPLAIN IN NARRATIVE,BLOOMFIELD RD,0,0
2014,6,6,Weekday,1500,2-Car,No injury,FOLLOWING TOO CLOSELY,S FAIRFAX RD & S WALNUT STREET,0,0
2014,6,7,Weekend,2100,1-Car,No injury,ANIMAL/OBJECT IN ROADWAY,CONNAUGHT & SR37N,0,0
2014,6,2,Weekday,600,1-Car,No injury,ANIMAL/OBJECT IN ROADWAY,HENDRICK & SR46E,0,0
2014,7,3,Weekday,1200,2-Car,No injury,FAILURE TO YIELD RIGHT OF WAY,3RD ST & WOODSCREST,0,0
2014,7,3,Weekday,1600,2-Car,No injury,FOLLOWING TOO CLOSELY,S LIBERTY DR & STATE ROAD 45,0,0
2014,7,3,Weekday,2000,1-Car,No injury,SPEED TOO FAST FOR WEATHER CONDITIONS,CONSITIUTION & S LIBERTY DR,0,0
2014,6,6,Weekday,1600,2-Car,No injury,FAILURE TO YIELD RIGHT OF WAY,HARTSTRAIT ROAD & SR46W,0,0
2014,7,4,Weekday,1400,2-Car,No injury,FOLLOWING TOO CLOSELY,GORDON PIKE & ROGERS,0,0
2014,7,5,Weekday,200,2-Car,No injury,OTHER (DRIVER) - EXPLAIN IN NARRATIVE,E CARDINAL GLEN DR & S WALNUT STREET,0,0
2014,7,5,Weekday,1200,2-Car,No injury,OVERCORRECTING/OVERSTEERING,E KIRKWOOD AVE,0,0
2014,7,6,Weekday,1200,1-Car,functional,RAN OFF ROAD RIGHT,ADAMS ST & BLOOMFIELD,0,0
2014,7,7,Weekend,1300,Moped/Motorcycle,No injury,UNSAFE BACKING,BLOOMFIELD & LEONARD SPRINGS RD,0,0
2014,7,7,Weekend,2000,2-Car,No injury,FOLLOWING TOO CLOSELY,W JACOB DR,0,0
2014,10,1,Weekend,1400,2-Car,No injury,FOLLOWING TOO CLOSELY,BLOOMFIELD & LIBERTY,0,0
2014,12,7,Weekend,700,2-Car,No injury,SPEED TOO FAST FOR WEATHER CONDITIONS,COUNTY LINE & SR45,0,0
2014,12,7,Weekend,2200,1-Car,No injury,RAN OFF ROAD RIGHT,CHAPEL HILL & HUNTERS CREEK,0,0
2014,12,2,Weekday,1800,2-Car,No injury,FAILURE TO YIELD RIGHT OF WAY,CAMPBELLS PARK & HARTSTRAIGHT,0,0
2014,12,3,Weekday,1100,3+ Cars,functional,FOLLOWING TOO CLOSELY,HUNTERS GLEN & SARE,0,0
2014,12,3,Weekday,1700,2-Car,No injury,DRIVER DISTRACTED - EXPLAIN IN NARRATIVE,45 46 & MARTHA,0,0
2014,12,3,Weekday,400,1-Car,No injury,UNSAFE BACKING,WICKENS,0,0
2014,12,4,Weekday,500,1-Car,No injury,SPEED TOO FAST FOR WEATHER CONDITIONS,DUNN & OLD 37,0,0
2014,12,6,Weekend,1900,2-Car,No injury,FAILURE TO YIELD RIGHT OF WAY,SR46W,0,0
2014,12,7,Weekend,200,1-Car,functional,RAN OFF ROAD RIGHT,MOORES & RENWICK,0,0
2013,10,5,Weekday,1200,2-Car,No injury,IMPROPER TURNING,5TH ST & WALNUT,41.22866547,-85.81796868
2013,6,6,Weekday,1700,1-Car,No injury,OTHER (DRIVER) - EXPLAIN IN NARRATIVE,1ST ST & NORTH SOUTH,40.60466646,-86.86640566
2013,3,6,Weekday,1600,2-Car,No injury,FOLLOWING TOO CLOSELY,E 3RD ST & S PARK,40.25679758,-85.67143555
2013,12,6,Weekday,600,1-Car,No injury,SPEED TOO FAST FOR WEATHER CONDITIONS,INGRAM & SR37S,39.992208,-86.59564208
2013,11,7,Weekend,1800,1-Car,No injury,ANIMAL/OBJECT IN ROADWAY,MONROE DAM & SR37S,39.57675709,-86.53836059
2013,12,6,Weekday,1100,2-Car,No injury,SPEED TOO FAST FOR WEATHER CONDITIONS,10TH ST & PARK,39.45742966,-87.40306548
2013,11,3,Weekday,500,1-Car,No injury,RAN OFF ROAD RIGHT,BOTTOM & MT TABOR RD,39.4168988,-86.63320004
2013,5,6,Weekend,2200,2-Car,No injury,UNSAFE LANE MOVEMENT,BOTTOMS & SR37S,39.41638261,-86.55792236
2013,10,6,Weekday,200,1-Car,No injury,IMPROPER LANE USAGE,MT GILEAD & SR45E,39.39745182,-86.46720886
2013,3,6,Weekday,1500,3+ Cars,functional,FOLLOWING TOO CLOSELY,SR37S & VERNAL,39.38900649,-86.55998992
2013,12,2,Weekday,1900,1-Car,functional,RAN OFF ROAD RIGHT,BOTTOM & SR37N,39.3824478,-86.55792236
2013,11,3,Weekday,700,1-Car,functional,RAN OFF ROAD RIGHT,BARR & MT TABOR RD,39.3799397,-86.62183016
2013,11,1,Weekend,1000,1-Car,functional,ANIMAL/OBJECT IN ROADWAY,COOKSEY & SR37N,39.37599609,-86.50932888
2013,11,6,Weekday,1000,1-Car,No injury,SPEED TOO FAST FOR WEATHER CONDITIONS,BOTTOM & SIMPSON CHAPEL RD,39.37564801,-86.54774017
2013,7,6,Weekday,300,1-Car,No injury,RAN OFF ROAD RIGHT,ANDERSON & OLD STATE ROAD 37 RD,39.37191774,-86.50191999
2013,5,6,Weekday,1200,2-Car,No injury,OTHER (DRIVER) - EXPLAIN IN NARRATIVE,DUNN & OLD SR 37 RD,39.36681223,-86.52871996
2013,12,2,Weekday,1500,1-Car,No injury,UNSAFE SPEED,RED HILL RD & W CHAFIN CHAPEL,39.36549062,-86.63475975
2013,3,1,Weekend,1700,1-Car,functional,RAN OFF ROAD RIGHT,EAST MERRITT & SR446S,39.36357228,-86.42514777
2013,12,7,Weekend,1000,1-Car,No injury,RAN OFF ROAD RIGHT,MT TABOR RD & WOODLAND,39.36291853,-86.62419989
2013,12,7,Weekend,1100,1-Car,No injury,RAN OFF ROAD RIGHT,MT TABOR RD & WOODLAND,39.36291853,-86.62419989
2013,11,4,Weekday,500,1-Car,No injury,ANIMAL/OBJECT IN ROADWAY,SR37N & ZIKES,39.36101269,-86.53515625
2013,5,6,Weekend,2200,1-Car,No injury,RAN OFF ROAD RIGHT,EARL YOUNG & LENTZ RD,39.35901148,-86.46848022
2013,10,4,Weekday,1700,1-Car,No injury,SPEED TOO FAST FOR WEATHER CONDITIONS,BOLTINGHOUSE RD & EARL YOUNG,39.35741645,-86.47337995
2013,4,5,Weekday,2300,1-Car,functional,RAN OFF ROAD RIGHT,UNION VALLEY RD & W MCNEELY,39.34344061,-86.59277113
2013,10,3,Weekday,1100,Bus,No injury,RAN OFF ROAD RIGHT,MAPLE GROVE CHURCH & MAPLE GROVE RD,39.34320045,-86.5722502
2013,2,3,Weekday,1300,1-Car,No injury,ANIMAL/OBJECT IN ROADWAY,ANDERSON ROAD & BEAN BLOSSOM ROAD RD,39.33996348,-86.4321485
2013,12,2,Weekday,900,1-Car,No injury,RAN OFF ROAD RIGHT,NORTH BOTTOM & SR37N,39.33871061,-86.54191693
2013,12,5,Weekday,1600,1-Car,No injury,SPEED TOO FAST FOR WEATHER CONDITIONS,BRYANTS CREEK & SR37N,39.334368,-86.5124
2013,3,6,Weekday,1800,2-Car,functional,RAN OFF ROAD RIGHT,FULLERTON & SR37S,39.33345989,-86.56779479
2013,5,1,Weekend,1700,1-Car,No injury,RAN OFF ROAD RIGHT,WAMPLER RD,39.332859,-86.595306
2013,1,4,Weekday,2000,1-Car,functional,RAN OFF ROAD RIGHT,E HACKERS CREEK RD & MORGAN COUNTY,39.33018905,-86.46517363