Year,Month,Day,Weekend?,Hour,Collision Type,Injury Type,Primary Factor,Reported_Location,Latitude,Longitude
2013,8,2,Weekday,1100,3+ Cars,No injury,FOLLOWING TOO CLOSELY,10TH ST & WOODLAWN,39.171632,-86.523536
2013,9,1,Weekend,1800,1-Car,No injury,UNSAFE BACKING,E 10TH ST,39.171632,-86.523536
2013,9,4,Weekday,1200,2-Car,No injury,UNSAFE BACKING,10TH ST & WOODLAWN,39.171632,-86.523536
2013,10,4,Weekday,1600,1-Car,No injury,OTHER (DRIVER) - EXPLAIN IN NARRATIVE,E 10TH ST,39.171632,-86.523536
2013,10,3,Weekday,1600,2-Car,No injury,UNSAFE BACKING,EAST 10TH ST,39.171632,-86.523536
2013,12,6,Weekday,1500,Bus,No injury,FOLLOWING TOO CLOSELY,10TH & WOODLAWN AVE,39.171632,-86.523536
2013,8,4,Weekday,1900,2-Car,No injury,UNSAFE SPEED,10TH ST & FORREST,39.17163022,-86.52237989
2013,9,6,Weekday,0,1-Car,No injury,DRIVER DISTRACTED - EXPLAIN IN NARRATIVE,10TH ST & FORREST,39.17163022,-86.52237989
2013,11,6,Weekday,1200,2-Car,No injury,FAILURE TO YIELD RIGHT OF WAY,10TH ST & FORREST,39.17163022,-86.52237989
2013,11,7,Weekend,1600,2-Car,No injury,DISREGARD SIGNAL/REG SIGN,FEE LN & TENTH,39.17163013,-86.51902446
2013,12,5,Weekday,0,2-Car,No injury,UNSAFE BACKING,FEE & TENTH ST,39.17163011,-86.51901956
2013,8,2,Weekday,1600,2-Car,No injury,FAILURE TO YIELD RIGHT OF WAY,TENTH & WOODLAWN AVE,39.17162998,-86.52351778
2013,2,2,Weekday,1700,2-Car,functional,IMPROPER PASSING,10TH & N SMITH RD,39.17162407,-86.48129791
2013,1,3,Weekday,1200,2-Car,No injury,UNSAFE BACKING,EAST 10TH ST,39.17162087,-86.50077565
2013,4,4,Weekday,1600,2-Car,No injury,IMPROPER TURNING,E 10TH ST,39.17162087,-86.50077565
2013,10,4,Weekday,700,1-Car,No injury,UNSAFE BACKING,E 10TH ST,39.1716193,-86.50069948
2013,6,6,Weekday,1000,2-Car,No injury,UNSAFE SPEED,10TH ST & FEE,39.1716101,-86.51903273
2013,10,2,Weekday,2000,2-Car,No injury,FOLLOWING TOO CLOSELY,10TH ST & FEE,39.1716101,-86.51903273
2013,12,7,Weekend,1700,2-Car,No injury,FOLLOWING TOO CLOSELY,E 10TH ST & N FEE,39.1716101,-86.51903705
2013,8,7,Weekend,1900,2-Car,No injury,FOLLOWING TOO CLOSELY,10TH ST & FEE,39.1716101,-86.51906301
2013,1,5,Weekday,1900,2-Car,No injury,SPEED TOO FAST FOR WEATHER CONDITIONS,10TH ST & WALNUNT GROVE,39.1716101,-86.52099416
2013,3,4,Weekday,1700,3+ Cars,functional,FOLLOWING TOO CLOSELY,10TH ST & WALNUT GROVE,39.17160131,-86.52101949
2013,3,6,Weekday,1100,3+ Cars,No injury,DRIVER DISTRACTED - EXPLAIN IN NARRATIVE,10TH ST & WALNUT,39.1716,-86.520896
2013,3,4,Weekday,1200,2-Car,No injury,IMPROPER TURNING,TENTH ST & WALNUT,39.1716,-86.520896
2013,5,6,Weekday,1600,2-Car,No injury,FOLLOWING TOO CLOSELY,10TH ST & WALNUT GROVE,39.1716,-86.520896
2013,11,4,Weekday,1300,2-Car,functional,FOLLOWING TOO CLOSELY,TENTH ST & WALNUT,39.1716,-86.520896
2013,12,6,Weekday,1400,2-Car,No injury,FOLLOWING TOO CLOSELY,E 10TH ST & N WALNUT GROVE,39.1716,-86.520896
2013,10,3,Weekday,1300,2-Car,No injury,UNSAFE BACKING,1309 E 10TH (DOCK) ST & NORTH FEE,39.17159884,-86.51902426
2013,9,1,Weekday,2300,2-Car,No injury,UNSAFE BACKING,JORDAN & TENTH ST,39.17159746,-86.51259531
2013,5,5,Weekday,1200,2-Car,No injury,UNSAFE BACKING,1320 E 10TH (S PARKING LOT) ST & JORDAN,39.1715952,-86.51566449
2013,3,6,Weekday,1700,2-Car,No injury,FOLLOWING TOO CLOSELY,10TH ST & CAMPBELL,39.17158999,-86.51394031
2013,1,6,Weekday,1200,Pedestrian,functional,FAILURE TO YIELD RIGHT OF WAY,10TH ST & JORDAN,39.17158999,-86.51563433
2013,10,3,Weekday,2200,3+ Cars,No injury,FOLLOWING TOO CLOSELY,10TH ST & JORDAN,39.17158999,-86.5156473
2013,10,5,Weekday,2300,1-Car,No injury,SPEED TOO FAST FOR WEATHER CONDITIONS,10TH ST & JORDAN,39.17158999,-86.51565163
2013,11,5,Weekday,1800,Pedestrian,No injury,SPEED TOO FAST FOR WEATHER CONDITIONS,10TH ST & JORDAN,39.17158999,-86.51565163
2013,2,2,Weekday,1700,3+ Cars,No injury,DRIVER DISTRACTED - EXPLAIN IN NARRATIVE,10TH & JORDAN AVE,39.17158999,-86.51566028
2013,4,4,Weekday,1900,Bus,No injury,FAILURE TO YIELD RIGHT OF WAY,10TH & JORDAN AVE,39.17158999,-86.51566028
2013,9,5,Weekday,800,Bus,No injury,SPEED TOO FAST FOR WEATHER CONDITIONS,10TH & JORDAN AVE,39.17158999,-86.51566028
2013,3,6,Weekday,1400,1-Car,No injury,OVERCORRECTING/OVERSTEERING,10TH ST,39.17158931,-86.50409527
2013,10,6,Weekday,700,2-Car,No injury,UNSAFE BACKING,E 10TH ST,39.17158931,-86.50409527
2013,4,6,Weekday,900,2-Car,No injury,UNSAFE BACKING,1315 N FEE (PARKING LOT) LN & FEE,39.171584,-86.518688
2013,10,3,Weekday,900,2-Car,functional,UNSAFE SPEED,10TH ST & FEE,39.171584,-86.518688
2013,8,1,Weekday,1900,2-Car,No injury,FOLLOWING TOO CLOSELY,10TH ST & SUNRISE,39.17157993,-86.51247639
2013,2,5,Weekday,2000,3+ Cars,No injury,DRIVER DISTRACTED - EXPLAIN IN NARRATIVE,10TH ST & SUNRISE,39.17157993,-86.51247985
2013,3,7,Weekend,1600,2-Car,No injury,FOLLOWING TOO CLOSELY,10TH ST & SUNRISE,39.17157993,-86.51247985
2013,4,2,Weekday,1800,2-Car,No injury,DISREGARD SIGNAL/REG SIGN,10TH ST & SUNRISE,39.17157993,-86.51247985
2013,9,7,Weekend,1600,Cyclist,functional,FAILURE TO YIELD RIGHT OF WAY,10TH & SUNRISE DR,39.17157993,-86.51247985
2013,2,6,Weekday,1200,2-Car,No injury,FAILURE TO YIELD RIGHT OF WAY,10TH ST & SUNRISE,39.17157993,-86.51249715
2013,4,6,Weekday,1600,2-Car,No injury,FAILURE TO YIELD RIGHT OF WAY,E 10TH ST & N SUNRISE,39.17157993,-86.51250581
2013,5,5,Weekday,1200,2-Car,No injury,UNSAFE BACKING,E 10TH ST,39.17157943,-86.51826514
2013,1,5,Weekday,1500,2-Car,No injury,IMPROPER PASSING,E 10TH ST,39.17157747,-86.51808392
2013,1,4,Weekday,1900,2-Car,No injury,OTHER (VEHICLE) - EXPLAIN IN NARRATIVE,E 10TH ST,39.17157747,-86.51808392
2013,5,4,Weekday,2300,2-Car,No injury,UNSAFE BACKING,E 10TH ST,39.17157747,-86.51808392
2013,11,2,Weekday,1200,2-Car,No injury,UNSAFE BACKING,EAST 10TH ST,39.17157747,-86.51808392
2013,12,4,Weekday,700,2-Car,No injury,UNSAFE SPEED,10TH ST & FEE,39.17157638,-86.51798237
2013,1,3,Weekday,1700,2-Car,No injury,UNSAFE LANE MOVEMENT,TENTH & UNION ST,39.17157235,-86.50945322
2013,1,3,Weekday,1900,2-Car,No injury,DRIVER DISTRACTED - EXPLAIN IN NARRATIVE,TENTH & UNION ST,39.17157235,-86.50945322
2013,12,6,Weekday,1300,2-Car,No injury,SPEED TOO FAST FOR WEATHER CONDITIONS,TENTH ST & UNION,39.17157235,-86.50945322
2013,8,6,Weekday,1600,2-Car,No injury,FOLLOWING TOO CLOSELY,SR46 & UNIONVILLE,39.17156644,-86.50228603
2013,9,3,Weekday,1700,3+ Cars,No injury,FOLLOWING TOO CLOSELY,SR45 & SR46,39.1715658,-86.50228603
2013,12,4,Weekday,900,2-Car,No injury,SPEED TOO FAST FOR WEATHER CONDITIONS,SR45 & SR46,39.1715658,-86.50228603
2013,12,6,Weekend,1900,3+ Cars,No injury,FOLLOWING TOO CLOSELY,SR46 & UNIONVILLE,39.1715658,-86.50228603
2013,4,5,Weekday,800,2-Car,No injury,OTHER (VEHICLE) - EXPLAIN IN NARRATIVE,E TENTH ST,39.17156383,-86.51814334
2013,1,3,Weekday,700,2-Car,functional,OTHER (DRIVER) - EXPLAIN IN NARRATIVE,JORDAN & TENTH ST,39.171552,-86.515728
2013,4,7,Weekend,1500,2-Car,No injury,UNSAFE SPEED,10TH & WOODBRIDGE DR,39.17154975,-86.49086996
2013,8,4,Weekday,1500,Moped/Motorcycle,functional,FAILURE TO YIELD RIGHT OF WAY,10TH ST & JOHN HINKLE,39.17154975,-86.49086996
2013,8,5,Weekday,2100,2-Car,functional,FAILURE TO YIELD RIGHT OF WAY,EAST 10TH ST & WOODBRIDGE,39.17154975,-86.49086996
2013,9,1,Weekend,0,2-Car,No injury,FAILURE TO YIELD RIGHT OF WAY,10TH ST & N DRIVE TO HILLTOP GARDENS,39.17154975,-86.50485031
2013,7,4,Weekday,1200,2-Car,No injury,UNSAFE BACKING,TENTH ST & UNION,39.17154975,-86.50943905
2013,3,6,Weekday,1400,2-Car,No injury,UNSAFE BACKING,10TH & UNION ST,39.17154975,-86.5094503
2013,8,5,Weekday,1500,Bus,No injury,DRIVER DISTRACTED - EXPLAIN IN NARRATIVE,10TH ST & UNION,39.17154975,-86.5094503
2013,11,7,Weekend,2200,2-Car,functional,FOLLOWING TOO CLOSELY,10TH ST & UNION,39.17154975,-86.5094503
2013,11,5,Weekday,2100,2-Car,No injury,FOLLOWING TOO CLOSELY,10TH ST & UNION,39.17154975,-86.50945462
2013,5,5,Weekday,1700,Pedestrian,non-funcitonal,FAILURE TO YIELD RIGHT OF WAY,10TH ST & UNION,39.17154975,-86.50945678
2013,1,5,Weekday,1500,2-Car,No injury,FOLLOWING TOO CLOSELY,10TH & 45 46 BYPASS ST,39.17153031,-86.50220967
2013,5,7,Weekend,1600,2-Car,No injury,FOLLOWING TOO CLOSELY,10TH ST & 45 46,39.17153031,-86.50220967
2013,9,1,Weekend,1500,2-Car,No injury,FOLLOWING TOO CLOSELY,10TH & 45 46 BYP,39.17153031,-86.50220967
2013,10,3,Weekday,1500,2-Car,No injury,DRIVER DISTRACTED - EXPLAIN IN NARRATIVE,10TH ST & 45 46,39.17153031,-86.50220967
2013,10,1,Weekend,1800,2-Car,functional,FOLLOWING TOO CLOSELY,10TH ST & 45 46,39.17153031,-86.50220967
2013,2,3,Weekday,1400,2-Car,No injury,UNSAFE LANE MOVEMENT,EAST TENTH ST & STATE ROAD 45 46,39.17152876,-86.50224706
2013,2,6,Weekday,1700,2-Car,No injury,FOLLOWING TOO CLOSELY,E 10TH ST & JORDAN,39.1715274,-86.51396405
2013,5,3,Weekday,1300,Cyclist,functional,FOLLOWING TOO CLOSELY,SR45 & SR46,39.17152599,-86.49774101
2013,11,4,Weekday,1400,3+ Cars,No injury,FAILURE TO YIELD RIGHT OF WAY,EAST TENTH ST,39.17150684,-86.5092726
2013,9,4,Weekday,1600,2-Car,No injury,IMPROPER PASSING,E 10TH ST & RANGE,39.171504,-86.49478273
2013,1,1,Weekend,1800,3+ Cars,No injury,FOLLOWING TOO CLOSELY,10 ST & PETE ELLIS,39.171504,-86.495312
2013,1,4,Weekday,1800,2-Car,No injury,FOLLOWING TOO CLOSELY,10TH ST & PETE ELLIS,39.171504,-86.495312
2013,6,1,Weekend,1000,2-Car,No injury,DISREGARD SIGNAL/REG SIGN,10TH ST & RANGE,39.171504,-86.495312
2013,4,3,Weekday,1600,Cyclist,functional,FAILURE TO YIELD RIGHT OF WAY,10TH ST & RANGE,39.171504,-86.495312
2013,9,6,Weekday,1700,2-Car,functional,FAILURE TO YIELD RIGHT OF WAY,RANGE & SR46E,39.171504,-86.495312
2013,11,3,Weekday,1200,2-Car,No injury,FOLLOWING TOO CLOSELY,E 10TH ST & PETE ELLIS,39.171504,-86.495312
2013,2,5,Weekday,1900,2-Car,No injury,UNSAFE BACKING,E 10TH ST,39.171504,-86.512288
2013,6,1,Weekend,1700,2-Car,No injury,UNSAFE BACKING,E 10TH ST,39.171504,-86.512288
2013,5,5,Weekday,1600,2-Car,No injury,FAILURE TO YIELD RIGHT OF WAY,E 10TH ST,39.171504,-86.512288
2013,6,2,Weekday,1900,2-Car,No injury,UNSAFE BACKING,BLOCK OF EAST 10TH ST,39.171504,-86.512288
2013,8,3,Weekday,1300,2-Car,No injury,UNSAFE BACKING,EAST 10TH ST,39.171504,-86.512288
2013,9,4,Weekday,2000,1-Car,No injury,OTHER (DRIVER) - EXPLAIN IN NARRATIVE,E 10TH ST,39.171504,-86.512288
2013,2,3,Weekday,1700,3+ Cars,functional,DISREGARD SIGNAL/REG SIGN,10TH ST & PETE ELLIS,39.17149007,-86.4953801
2013,3,6,Weekend,1900,2-Car,No injury,DISREGARD SIGNAL/REG SIGN,10TH ST & RANGE,39.17149007,-86.4953801
2013,5,6,Weekday,1300,2-Car,No injury,UNSAFE SPEED,10TH ST & PETE ELLIS,39.17149007,-86.4953801
2013,10,6,Weekday,800,1-Car,No injury,UNSAFE BACKING,10TH ST & RANGE,39.17149007,-86.4953801
2013,11,1,Weekend,1500,2-Car,functional,DISREGARD SIGNAL/REG SIGN,10TH ST & PETE ELLIS,39.17149007,-86.4953801
2013,11,7,Weekend,500,1-Car,No injury,ANIMAL/OBJECT IN ROADWAY,10TH ST & PETE ELLIS,39.17149007,-86.4953974
2013,9,6,Weekday,1300,1-Car,No injury,UNSAFE BACKING,2931 E 10TH (LOT) ST & NORTH RANGE,39.17148598,-86.49537255
2013,2,5,Weekday,1800,2-Car,functional,FOLLOWING TOO CLOSELY,E 10TH ST & UNION,39.17148364,-86.51043443
2013,10,5,Weekday,2000,2-Car,No injury,IMPROPER TURNING,E 10TH ST,39.17148317,-86.51039227
2013,12,4,Weekday,1400,2-Car,No injury,IMPROPER TURNING,10TH ST,39.17148166,-86.51025546
2013,7,6,Weekday,1400,2-Car,No injury,UNSAFE BACKING,E 10TH ST,39.17148145,-86.51023592
2013,5,1,Weekend,1800,2-Car,No injury,FOLLOWING TOO CLOSELY,10TH ST & UNION,39.17147782,-86.50990522
2013,1,2,Weekday,1300,2-Car,No injury,UNSAFE BACKING,N UNION ST,39.171472,-86.509376
2013,1,2,Weekday,2200,1-Car,No injury,IMPROPER TURNING,E 10TH & UNION ST,39.171472,-86.509376
2013,4,6,Weekend,2200,2-Car,No injury,UNSAFE BACKING,E 10TH ST,39.171472,-86.509376
2013,4,6,Weekend,2100,2-Car,functional,FAILURE TO YIELD RIGHT OF WAY,E 10TH ST,39.171472,-86.509376
2013,8,2,Weekday,2000,2-Car,No injury,FAILURE TO YIELD RIGHT OF WAY,E 10TH ST,39.171472,-86.509376
2013,8,5,Weekday,1500,2-Car,No injury,UNSAFE BACKING,N UNION ST,39.171472,-86.509376
2013,7,2,Weekday,2300,Moped/Motorcycle,functional,UNSAFE SPEED,10TH ST & UNION,39.171472,-86.509376
2013,8,3,Weekday,1100,2-Car,No injury,FAILURE TO YIELD RIGHT OF WAY,10TH & UNION ST,39.171472,-86.509376
2013,7,6,Weekday,1600,Moped/Motorcycle,functional,OTHER (DRIVER) - EXPLAIN IN NARRATIVE,PETE ELLIS DR & SR45,39.17146144,-86.49541336
2013,12,6,Weekend,1900,2-Car,No injury,UNSAFE LANE MOVEMENT,PETE ELLIS DR & SR45,39.17146144,-86.49541336
2013,4,2,Weekday,2200,2-Car,No injury,FOLLOWING TOO CLOSELY,10TH & JORDAN AVE,39.17144254,-86.51574009
2013,4,1,Weekend,100,1-Car,No injury,OTHER (DRIVER) - EXPLAIN IN NARRATIVE,W 10TH ST,39.17144,-86.548192
2013,9,6,Weekday,1800,2-Car,No injury,OTHER (DRIVER) - EXPLAIN IN NARRATIVE,EAST 10TH ST,39.17144,-86.548192
2013,12,6,Weekday,1300,2-Car,functional,SPEED TOO FAST FOR WEATHER CONDITIONS,800 NORTH SMITH RD & MEADOW BROOK APT,39.171425,-86.479675
2013,12,6,Weekday,1300,1-Car,No injury,SPEED TOO FAST FOR WEATHER CONDITIONS,10TH ST & JEFFERSON,39.17141028,-86.50722728
2013,8,1,Weekend,1200,2-Car,No injury,OTHER (DRIVER) - EXPLAIN IN NARRATIVE,N WALNUT ST,39.17132767,-86.53352555
2013,2,6,Weekday,1300,2-Car,No injury,UNSAFE BACKING,EAST 10TH ST,39.171312,-86.5492
2013,2,4,Weekday,1100,2-Car,No injury,UNSAFE BACKING,10TH ST,39.171312,-86.5492
2013,6,4,Weekday,700,2-Car,No injury,UNSAFE BACKING,EAST 10TH ST,39.171312,-86.5492
2013,10,5,Weekday,1400,1-Car,No injury,UNSAFE BACKING,E 10TH ST,39.171312,-86.5492
2013,5,5,Weekday,2200,1-Car,No injury,UNSAFE BACKING,N GATES DR,39.17126846,-86.57679748
2013,5,4,Weekday,900,2-Car,No injury,FAILURE TO YIELD RIGHT OF WAY,N SMITH RD,39.171248,-86.481328
2013,1,4,Weekday,2200,2-Car,No injury,IMPROPER LANE USAGE,10TH & UNION ST,39.17119738,-86.50937067
2013,8,5,Weekday,2200,1-Car,No injury,UNSAFE BACKING,WALNUT ST,39.17115625,-86.53352784
2013,11,3,Weekday,900,2-Car,No injury,FAILURE TO YIELD RIGHT OF WAY,10TH & UNION ST,39.17106006,-86.509368
2013,8,1,Weekend,1700,2-Car,non-funcitonal,FOLLOWING TOO CLOSELY,SR46 & UNIONVILLE,39.17098821,-86.5019736
2013,9,4,Weekday,1400,2-Car,No injury,UNSAFE BACKING,S COLLEGE AVE,39.17088686,-86.534768
2013,11,3,Weekday,1400,2-Car,No injury,FAILURE TO YIELD RIGHT OF WAY,S COLLEGE AVE,39.17088686,-86.534768
2013,11,1,Weekend,1300,2-Car,functional,DRIVER DISTRACTED - EXPLAIN IN NARRATIVE,E 10TH & SR46E,39.17088014,-86.50171207
2013,6,2,Weekday,2000,2-Car,No injury,UNSAFE BACKING,N WALNUT ST,39.17086237,-86.53353176
2013,4,3,Weekday,1800,2-Car,No injury,DRIVER DISTRACTED - EXPLAIN IN NARRATIVE,E HILLSIDE DR,39.170848,-86.503696
2013,8,6,Weekday,1200,2-Car,No injury,UNSAFE BACKING,E HILLSIDE DR,39.170848,-86.503696
2013,3,6,Weekday,1400,2-Car,No injury,OTHER (DRIVER) - EXPLAIN IN NARRATIVE,4TH & GRANT ST,39.17084706,-86.52981966
2013,1,5,Weekday,1500,2-Car,No injury,OTHER (DRIVER) - EXPLAIN IN NARRATIVE,N WALNUT ST,39.17073992,-86.53353339
2013,4,5,Weekday,1100,Bus,No injury,IMPROPER TURNING,E JOHN HINKLE & N PETE ELLIS DR,39.17072,-86.4956
2013,9,6,Weekday,1700,2-Car,No injury,SPEED TOO FAST FOR WEATHER CONDITIONS,JOHN HINKLE & PETE ELLIS DR,39.17072,-86.4956
2013,9,6,Weekday,1600,3+ Cars,No injury,FOLLOWING TOO CLOSELY,9TH & WALNUT ST,39.17068132,-86.53353417
2013,7,4,Weekday,1600,2-Car,No injury,UNSAFE BACKING,N PARK AVE,39.17058906,-86.52456196
2013,2,3,Weekday,1200,2-Car,No injury,UNSAFE BACKING,N JACOBS DR,39.17057008,-86.5723139
2013,2,4,Weekday,1100,2-Car,No injury,UNSAFE BACKING,N JACOBS DR,39.17057008,-86.5723139
2013,6,6,Weekday,1000,2-Car,functional,UNSAFE BACKING,N JACOB DR,39.17057008,-86.5723139
2013,7,3,Weekday,700,1-Car,No injury,OTHER (DRIVER) - EXPLAIN IN NARRATIVE,NINTH ST & WOODLAWN,39.170544,-86.523488
2013,1,3,Weekday,800,2-Car,No injury,OTHER (DRIVER) - EXPLAIN IN NARRATIVE,9TH ST & PARK,39.170544,-86.52456
2013,6,4,Weekday,1400,2-Car,No injury,UNSAFE BACKING,E 9TH ST,39.170544,-86.52793437
2013,8,7,Weekend,1900,2-Car,No injury,UNSAFE BACKING,BLOCK OF DUNN ST,39.170544,-86.52824
2013,9,2,Weekday,1000,Cyclist,functional,PEDESTRIAN ACTION,9TH & N DUNN ST,39.170544,-86.52824
2013,8,4,Weekday,1600,2-Car,No injury,FAILURE TO YIELD RIGHT OF WAY,E 9TH ST & GRANT,39.170544,-86.529696
2013,5,6,Weekday,1800,2-Car,No injury,SPEED TOO FAST FOR WEATHER CONDITIONS,W 9TH ST & WALNUT,39.170544,-86.533536
2013,7,7,Weekend,1900,Pedestrian,functional,FAILURE TO YIELD RIGHT OF WAY,E 9TH ST & WALNUT,39.170544,-86.533536
2013,1,5,Weekday,1800,Bus,No injury,SPEED TOO FAST FOR WEATHER CONDITIONS,9TH & NORTH COLLEGE AVE,39.170544,-86.534768
2013,3,4,Weekday,1100,2-Car,No injury,FAILURE TO YIELD RIGHT OF WAY,N COLLEGE AVE & W 9TH,39.170544,-86.534768
2013,3,7,Weekend,1000,2-Car,functional,FAILURE TO YIELD RIGHT OF WAY,9TH & N COLLEGE AVE,39.170544,-86.534768
2013,1,7,Weekend,1400,1-Car,No injury,OTHER (DRIVER) - EXPLAIN IN NARRATIVE,EAST JOHN HINKLE PL,39.17053986,-86.49426269
2013,5,4,Weekday,1500,2-Car,No injury,FAILURE TO YIELD RIGHT OF WAY,9TH & GRANT ST,39.1704601,-86.52977004
2013,1,4,Weekday,1800,2-Car,No injury,FOLLOWING TOO CLOSELY,9TH & WALNUT ST,39.1704601,-86.53356
2013,1,4,Weekday,1700,2-Car,No injury,IMPROPER TURNING,9TH & WALNUT ST,39.1704601,-86.53356
2013,8,6,Weekday,1600,2-Car,No injury,FOLLOWING TOO CLOSELY,9TH & WALNUT ST,39.1704601,-86.53356
2013,2,5,Weekday,1800,2-Car,No injury,FAILURE TO YIELD RIGHT OF WAY,9TH & COLLEGE AVE,39.1704601,-86.53485015
2013,10,7,Weekend,2200,2-Car,No injury,UNSAFE LANE MOVEMENT,9TH & COLLEGE AVE,39.1704601,-86.53485015
2013,1,3,Weekday,1400,2-Car,No injury,IMPROPER LANE USAGE,9TH ST & WOODLAWN,39.17042993,-86.52349971
2013,12,2,Weekday,600,1-Car,No injury,ANIMAL/OBJECT IN ROADWAY,BOTTOM & SR37N,39.17035524,-86.55792236
2013,3,3,Weekday,1300,2-Car,No injury,UNSAFE BACKING,NORTH JACOB DR,39.1702919,-86.57196044
2013,3,3,Weekday,1900,2-Car,No injury,FAILURE TO YIELD RIGHT OF WAY,EASTGATE & SR4546N,39.17024,-86.501392
2013,12,6,Weekday,1800,3+ Cars,functional,BRAKE FAILURE OR DEFECTIVE,EASTGATE & SR45N,39.17024,-86.501392
2013,9,3,Weekday,800,2-Car,No injury,UNSAFE BACKING,8TH & HOPEWELL ST,39.17022931,-86.552192
2013,9,2,Weekday,900,2-Car,No injury,UNSAFE BACKING,E EASTGATE LN,39.170159,-86.501186
2013,10,6,Weekday,1400,2-Car,No injury,DRIVER DISTRACTED - EXPLAIN IN NARRATIVE,EASTGATE & SR45S,39.17015076,-86.5014801
2013,6,4,Weekday,1600,2-Car,No injury,FAILURE TO YIELD RIGHT OF WAY,N DANIELS WAY & ZENITTH,39.17015031,-86.59829981
2013,2,5,Weekday,1000,2-Car,No injury,UNSAFE BACKING,N PARK RIDGE RD,39.170144,-86.474896
2013,12,1,Weekend,300,2-Car,No injury,UNSAFE BACKING,NORTH WALNUT ST,39.17002869,-86.53322601
2013,11,7,Weekend,1000,1-Car,No injury,UNSAFE BACKING,SOUTH WALNUT ST,39.16999739,-86.53354482
2013,4,5,Weekday,1400,2-Car,No injury,FAILURE TO YIELD RIGHT OF WAY,CATHCART & SOUTH WILCOX ST,39.1699906,-86.49986006
2013,8,4,Weekday,1400,1-Car,No injury,DRIVER ILLNESS,NORTH COLLEGE AVE,39.16997528,-86.53449249
2013,7,1,Weekend,1300,2-Car,No injury,UNSAFE BACKING,GATES DR,39.1698761,-86.57495117
2013,8,7,Weekend,1800,2-Car,No injury,UNSAFE BACKING,NORTH GATES DR,39.1698761,-86.57495117
2013,2,1,Weekend,1200,2-Car,No injury,IMPROPER TURNING,8TH & N COLLEGE AVE,39.16982663,-86.53477957
2013,10,1,Weekend,1100,2-Car,No injury,FOLLOWING TOO CLOSELY,8TH & COLLEGE AVE,39.16982663,-86.53477957
2013,1,3,Weekday,100,1-Car,No injury,OVERCORRECTING/OVERSTEERING,W SMITH AVE,39.1698213,-86.48138871
2013,9,3,Weekday,1200,2-Car,No injury,OTHER (DRIVER) - EXPLAIN IN NARRATIVE,BELL TRACE CIR,39.16973121,-86.49048909
2013,1,4,Weekday,1300,1-Car,No injury,OTHER (VEHICLE) - EXPLAIN IN NARRATIVE,WEST 8TH TRLR 6 ST,39.16972931,-86.55493061
2013,10,5,Weekday,1400,2-Car,No injury,OTHER (DRIVER) - EXPLAIN IN NARRATIVE,SEVENTH & UNION ST,39.16970103,-86.50943432
2013,12,7,Weekend,1500,2-Car,No injury,OTHER (DRIVER) - EXPLAIN IN NARRATIVE,8TH & WALNUT ST,39.16968932,-86.53354979
2013,8,2,Weekday,1600,1-Car,No injury,UNSAFE BACKING,WALNUT ST,39.1696883,-86.53351038
2013,10,6,Weekday,1600,2-Car,functional,FAILURE TO YIELD RIGHT OF WAY,EAST 8TH & NORTH DUNN ST,39.169648,-86.52824
2013,1,7,Weekend,1200,2-Car,No injury,UNSAFE BACKING,NORTH JORDAN AVE,39.16964203,-86.51621751
2013,1,3,Weekday,1200,2-Car,No injury,DRIVER DISTRACTED - EXPLAIN IN NARRATIVE,EAST 8TH ST,39.169616,-86.5432
2013,9,2,Weekday,1000,2-Car,No injury,FAILURE TO YIELD RIGHT OF WAY,N PETE ELLIS DR,39.169584,-86.495904
2013,3,5,Weekday,1200,2-Car,No injury,FAILURE TO YIELD RIGHT OF WAY,8TH & N ROGERS ST,39.169584,-86.538576
2013,9,4,Weekday,800,2-Car,No injury,FAILURE TO YIELD RIGHT OF WAY,8TH & S ROGERS ST,39.169584,-86.538576
2013,10,4,Weekday,1700,2-Car,No injury,FAILURE TO YIELD RIGHT OF WAY,8TH & ROGERS ST,39.169584,-86.538576
2013,11,1,Weekend,1500,Moped/Motorcycle,,LEFT OF CENTER,SR48W & VERNAL,39.1695645,-86.67307377
2013,6,1,Weekend,1200,2-Car,functional,WRONG WAY ON ONE WAY,E 8TH & N LINCOLN ST,39.169552,-86.530992
2013,5,7,Weekend,1900,3+ Cars,functional,FAILURE TO YIELD RIGHT OF WAY,8TH & N WALNUT ST,39.169552,-86.533552
2013,12,3,Weekday,2200,Pedestrian,functional,IMPROPER TURNING,8TH & N WALNUT ST,39.169552,-86.533552
2013,2,7,Weekend,200,2-Car,functional,UNSAFE LANE MOVEMENT,8TH & COLLEGE AVE,39.169552,-86.534784
2013,10,1,Weekend,1100,2-Car,No injury,UNSAFE LANE MOVEMENT,N COLLEGE AVE & W 8TH,39.169552,-86.534784
2013,11,5,Weekday,2300,2-Car,No injury,FAILURE TO YIELD RIGHT OF WAY,8TH & COLLEGE ST,39.169552,-86.534784