Year,Month,Day,Weekend?,Hour,Collision Type,Injury Type,Primary Factor,Reported_Location,Latitude,Longitude
2013,12,6,Weekday,1100,2-Car,No injury,FAILURE TO YIELD RIGHT OF WAY,N COLLEGE AVE & W 8TH,39.169552,-86.534784
2013,10,2,Weekday,1100,2-Car,No injury,FAILURE TO YIELD RIGHT OF WAY,8TH & ROGERS ST,39.16951999,-86.53866022
2013,10,5,Weekday,1000,2-Car,functional,DISREGARD SIGNAL/REG SIGN,EIGHTH & INDIANA AVE,39.16951018,-86.52696246
2013,5,2,Weekday,1700,2-Car,No injury,UNSAFE LANE MOVEMENT,8TH & COLLEGE AVE,39.16950993,-86.53484009
2013,8,5,Weekday,1000,2-Car,No injury,UNSAFE SPEED,KERR CREEK RD & SR46,39.16950736,-86.45889222
2013,11,3,Weekday,1800,2-Car,No injury,FAILURE TO YIELD RIGHT OF WAY,EIGHTH & WALNUT ST,39.16949578,-86.53357019
2013,4,5,Weekday,200,1-Car,functional,DRIVER DISTRACTED - EXPLAIN IN NARRATIVE,8TH & INDIANA AVE,39.16948982,-86.52695976
2013,1,2,Weekday,1400,2-Car,No injury,OTHER (DRIVER) - EXPLAIN IN NARRATIVE,DUNN & E 8TH ST,39.16948982,-86.528283
2013,11,4,Weekday,1100,2-Car,No injury,FAILURE TO YIELD RIGHT OF WAY,EIGHTH & WOODLAWN AVE,39.16947976,-86.52349032
2013,3,7,Weekend,2000,Pedestrian,functional,FAILURE TO YIELD RIGHT OF WAY,8TH & WALNUT ST,39.16947976,-86.53357006
2013,4,5,Weekday,2100,2-Car,No injury,FAILURE TO YIELD RIGHT OF WAY,8TH & WALNUT ST,39.16947976,-86.53357006
2013,9,5,Weekday,1700,Bus,No injury,FAILURE TO YIELD RIGHT OF WAY,E 8TH ST & WOODLAWN,39.16947817,-86.52349401
2013,3,2,Weekday,800,1-Car,No injury,ROADWAY SURFACE CONDITION,NORTH HARTSTRAIGHT RD,39.16925049,-86.61382293
2013,2,7,Weekend,1100,1-Car,No injury,DISREGARD SIGNAL/REG SIGN,7TH & ADAMS ST,39.16912327,-86.54953919
2013,4,3,Weekday,1100,3+ Cars,functional,FAILURE TO YIELD RIGHT OF WAY,7TH & UNION ST,39.16899987,-86.509328
2013,11,7,Weekend,0,1-Car,No injury,ANIMAL/OBJECT IN ROADWAY,SR48 & VERNAL,39.16898809,-86.66456348
2013,3,7,Weekend,1400,Cyclist,No injury,DISREGARD SIGNAL/REG SIGN,7TH & JORDAN AVE,39.168944,-86.516016
2013,9,4,Weekday,1800,Moped/Motorcycle,functional,IMPROPER LANE USAGE,7TH ST & JORDAN,39.168944,-86.516016
2013,10,4,Weekday,1400,Pedestrian,functional,FAILURE TO YIELD RIGHT OF WAY,7TH & JORDAN AVE,39.168944,-86.516016
2013,7,6,Weekday,1000,Cyclist,functional,OTHER (DRIVER) - EXPLAIN IN NARRATIVE,S WALNUT ST,39.16890057,-86.53356343
2013,10,4,Weekday,1900,Cyclist,No injury,FAILURE TO YIELD RIGHT OF WAY,7TH & JORDAN AVE,39.16885011,-86.51615984
2013,10,3,Weekday,1900,Cyclist,functional,FAILURE TO YIELD RIGHT OF WAY,7TH & JORDAN AVE,39.16885011,-86.51615984
2013,3,6,Weekend,1900,2-Car,No injury,FAILURE TO YIELD RIGHT OF WAY,7TH ST & JORDAN,39.16885011,-86.51616849
2013,2,4,Weekday,1300,2-Car,No injury,FOLLOWING TOO CLOSELY,7TH & N COLLEGE AVE,39.16876586,-86.534784
2013,11,6,Weekday,1200,2-Car,No injury,DISREGARD SIGNAL/REG SIGN,GATES DR & JONATHAN,39.16876025,-86.57641969
2013,12,2,Weekday,1000,2-Car,functional,FOLLOWING TOO CLOSELY,GATES & JONATHAN DR,39.16876025,-86.57641969
2013,3,6,Weekday,1400,2-Car,No injury,OTHER (DRIVER) - EXPLAIN IN NARRATIVE,E 7TH ST,39.168752,-86.5436
2013,9,5,Weekday,2300,1-Car,No injury,RAN OFF ROAD RIGHT,EAST 7TH ST,39.168752,-86.5436
2013,11,6,Weekday,1200,2-Car,No injury,UNSAFE BACKING,EAST 7TH ST,39.168752,-86.5436
2013,4,5,Weekday,0,2-Car,No injury,UNSAFE LANE MOVEMENT,826 W 7TH ST & WALDRON,39.16874825,-86.5432472
2013,11,7,Weekend,800,2-Car,No injury,OTHER (DRIVER) - EXPLAIN IN NARRATIVE,N COLLEGE AVE,39.16874743,-86.534784
2013,4,4,Weekday,900,2-Car,No injury,UNSAFE BACKING,E 7TH ST & N CAMPBELL,39.16873199,-86.51390544
2013,12,2,Weekday,300,1-Car,No injury,RAN OFF ROAD RIGHT,SR43 & SR48W,39.16873169,-86.68357953
2013,2,1,Weekend,0,2-Car,functional,FAILURE TO YIELD RIGHT OF WAY,NORTH ROGERS ST & WEST 7TH,39.168704,-86.538576
2013,5,3,Weekday,600,1-Car,functional,RAN OFF ROAD RIGHT,N ROGERS ST & W 7TH,39.168704,-86.538576
2013,5,6,Weekday,800,2-Car,No injury,UNSAFE BACKING,7TH & ROGERS ST,39.168704,-86.538576
2013,12,7,Weekend,1600,2-Car,No injury,FOLLOWING TOO CLOSELY,S ROGERS ST & W 7TH,39.168704,-86.538576
2013,10,3,Weekday,1700,2-Car,No injury,FOLLOWING TOO CLOSELY,SR37N & VERNAL,39.16868722,-86.56252288
2013,1,4,Weekday,1300,2-Car,No injury,UNSAFE LANE MOVEMENT,SR37 & SR48,39.16867843,-86.57236845
2013,7,3,Weekday,1200,Bus,No injury,UNSAFE BACKING,7TH & MORTON ST,39.168672,-86.536
2013,8,6,Weekday,800,1-Car,functional,DRIVER DISTRACTED - EXPLAIN IN NARRATIVE,N WALNUT ST,39.16865861,-86.53356767
2013,4,6,Weekday,1200,2-Car,No injury,FAILURE TO YIELD RIGHT OF WAY,COLLEGE & SEVENTH ST,39.168656,-86.534784
2013,2,1,Weekend,0,2-Car,No injury,FAILURE TO YIELD RIGHT OF WAY,S COLLEGE & W 7TH ST,39.168656,-86.534784
2013,5,5,Weekday,1500,2-Car,No injury,UNSAFE BACKING,N COLLEGE AVE,39.168656,-86.534784
2013,9,6,Weekday,1500,3+ Cars,No injury,FOLLOWING TOO CLOSELY,7TH & NORTH COLLEGE AVE,39.168656,-86.534784
2013,9,7,Weekend,0,Pedestrian,functional,DISREGARD SIGNAL/REG SIGN,7TH & N COLLEGE AVE,39.168656,-86.534784
2013,1,1,Weekend,200,2-Car,No injury,OTHER (DRIVER) - EXPLAIN IN NARRATIVE,7TH ST & WALNUT,39.16864232,-86.53374439
2013,12,5,Weekday,1200,2-Car,No injury,FAILURE TO YIELD RIGHT OF WAY,N OAK & W 7TH ST,39.16864023,-86.54687985
2013,9,6,Weekday,800,2-Car,No injury,DRIVER DISTRACTED - EXPLAIN IN NARRATIVE,7TH ST & OAK,39.16864023,-86.54688634
2013,11,3,Weekday,1400,Bus,No injury,UNSAFE LANE MOVEMENT,E 7TH ST & WASHINGTON,39.16864,-86.53257642
2013,10,5,Weekday,1300,2-Car,No injury,VIEW OBSTRUCTED,7TH ST & WOODLAWN,39.16864,-86.523392
2013,11,3,Weekday,1300,1-Car,No injury,UNSAFE BACKING,7TH & WOODLAWN AVE,39.16864,-86.523392
2013,6,4,Weekday,1800,1-Car,No injury,OTHER (ENVIRONMENTAL) - EXPLAIN IN NARR,7TH & INDIANA AVE,39.16864,-86.526944
2013,1,7,Weekend,1700,1-Car,No injury,STEERING FAILURE,7TH ST & INDIANA,39.16864,-86.52697928
2013,1,5,Weekday,100,2-Car,No injury,IMPROPER LANE USAGE,7TH ST & GRANT,39.16864,-86.529696
2013,3,2,Weekday,1500,1-Car,No injury,IMPROPER TURNING,EAST 7TH ST,39.16864,-86.529696
2013,11,4,Weekday,1100,2-Car,No injury,FAILURE TO YIELD RIGHT OF WAY,E 7TH ST & S WASHINGTON,39.16864,-86.5324
2013,1,6,Weekday,1000,2-Car,No injury,FAILURE TO YIELD RIGHT OF WAY,7TH & WALNUT ST,39.16864,-86.533568
2013,4,2,Weekday,1900,2-Car,No injury,UNSAFE LANE MOVEMENT,7TH & WALNUT ST,39.16864,-86.533568
2013,3,5,Weekday,2300,2-Car,No injury,IMPROPER TURNING,205 N WALNUT ST & 7TH,39.16864,-86.533568
2013,9,7,Weekend,200,2-Car,No injury,UNSAFE LANE MOVEMENT,7TH & WALNUT ST,39.16864,-86.533568
2013,10,7,Weekend,200,2-Car,No injury,UNSAFE BACKING,N WALNUT ST,39.16864,-86.533568
2013,12,6,Weekday,200,2-Car,No injury,FAILURE TO YIELD RIGHT OF WAY,N WALNUT AVE & W 7TH,39.16864,-86.533568
2013,1,2,Weekday,1100,2-Car,No injury,FAILURE TO YIELD RIGHT OF WAY,7TH & ROGERS ST,39.16858993,-86.53867028
2013,4,3,Weekday,1500,2-Car,functional,DRIVER DISTRACTED - EXPLAIN IN NARRATIVE,7TH & ROGERS ST,39.16858993,-86.53867028
2013,11,4,Weekday,1100,2-Car,functional,FAILURE TO YIELD RIGHT OF WAY,7TH & ROGERS ST,39.16858993,-86.53867028
2013,9,6,Weekday,700,Cyclist,No injury,FAILURE TO YIELD RIGHT OF WAY,7TH ST & MADISON,39.16857988,-86.53740458
2013,7,4,Weekday,1100,2-Car,functional,IMPROPER TURNING,7TH & COLLEGE AVE,39.16855976,-86.5348602
2013,9,1,Weekend,1200,Bus,No injury,LEFT OF CENTER,7TH ST & COLLEGE,39.16855976,-86.5348602
2013,1,6,Weekday,1800,2-Car,No injury,DRIVER DISTRACTED - EXPLAIN IN NARRATIVE,7TH & WALNUT ST,39.1685497,-86.53359018
2013,1,3,Weekday,1400,2-Car,No injury,FAILURE TO YIELD RIGHT OF WAY,7TH ST & WALNUT,39.1685497,-86.53359018
2013,3,6,Weekday,1400,2-Car,No injury,OTHER (DRIVER) - EXPLAIN IN NARRATIVE,7TH ST & WALNUT,39.1685497,-86.53359018
2013,4,6,Weekday,0,Pedestrian,functional,FAILURE TO YIELD RIGHT OF WAY,7TH & WALNUT ST,39.1685497,-86.53359018
2013,7,6,Weekday,1400,2-Car,No injury,DRIVER DISTRACTED - EXPLAIN IN NARRATIVE,7TH & WALNUT ST,39.1685497,-86.53359018
2013,4,2,Weekday,1300,2-Car,functional,FAILURE TO YIELD RIGHT OF WAY,7TH ST & WALNUT,39.1685497,-86.53361614
2013,4,5,Weekday,1800,2-Car,functional,FOLLOWING TOO CLOSELY,7TH ST & LINCOLN,39.16854031,-86.53106018
2013,10,2,Weekday,1700,2-Car,No injury,UNSAFE BACKING,7TH & WASHINGTON ST,39.16854031,-86.53233021
2013,4,3,Weekday,2300,Pedestrian,functional,LEFT OF CENTER,7TH ST & SUNRISE,39.16853026,-86.51242017
2013,4,2,Weekday,900,2-Car,No injury,UNSAFE BACKING,JACOB DR,39.16852154,-86.57362014
2013,11,7,Weekend,1000,2-Car,No injury,UNSAFE LANE MOVEMENT,7TH ST & DUNN,39.16851014,-86.5282499
2013,12,4,Weekday,1900,Pedestrian,functional,FAILURE TO YIELD RIGHT OF WAY,7TH ST & DUNN,39.16851014,-86.5282499
2013,7,6,Weekday,1800,2-Car,No injury,OTHER (VEHICLE) - EXPLAIN IN NARRATIVE,DANLYN RD & TAPP,39.16850053,-86.57611995
2013,10,2,Weekday,1000,2-Car,No injury,OTHER (ENVIRONMENTAL) - EXPLAIN IN NARR,7TH ST & FESS,39.16850008,-86.52578026
2013,1,3,Weekday,1400,2-Car,functional,FAILURE TO YIELD RIGHT OF WAY,7TH ST & INDIANA,39.16850008,-86.5269497
2013,11,3,Weekday,1700,2-Car,No injury,UNSAFE SPEED,7TH ST & INDIANA,39.16850008,-86.5269497
2013,12,6,Weekend,2000,Cyclist,No injury,FAILURE TO YIELD RIGHT OF WAY,PARK AVE & SEVENTH,39.16849932,-86.52462619
2013,1,7,Weekend,1000,Bus,No injury,UNSAFE BACKING,SEVENTH & WOODLAWN AVE,39.16848867,-86.52347771
2013,5,2,Weekday,1100,1-Car,No injury,OTHER (VEHICLE) - EXPLAIN IN NARRATIVE,7TH & FORREST AVE,39.16846991,-86.52236701
2013,6,7,Weekend,2200,2-Car,No injury,UNSAFE BACKING,E 7TH ST & FORREST,39.16846991,-86.52239297
2013,6,5,Weekday,1700,Pedestrian,functional,BRAKE FAILURE OR DEFECTIVE,E EASTGATE LN,39.168434,-86.498863
2013,4,4,Weekday,1700,2-Car,No injury,FOLLOWING TOO CLOSELY,E ATWATER & S FACULTY AVE,39.16838627,-86.52105767
2013,8,2,Weekday,1600,2-Car,No injury,UNSAFE BACKING,7TH ST,39.16837311,-86.54669952
2013,1,6,Weekday,1300,2-Car,No injury,FAILURE TO YIELD RIGHT OF WAY,CURRY PIKE & JONATHAN,39.16835994,-86.5829797
2013,7,5,Weekday,1900,2-Car,No injury,FOLLOWING TOO CLOSELY,JONATHAN & N CURRY PIKE,39.16835994,-86.5829797
2013,7,2,Weekday,1500,2-Car,No injury,FAILURE TO YIELD RIGHT OF WAY,JOHNATHAN & N CURRY PIKE PIKE,39.16835994,-86.5829797
2013,9,5,Weekday,1300,2-Car,No injury,UNSAFE LANE MOVEMENT,CURRY PIKE & JONATHAN,39.16835994,-86.5829797
2013,10,1,Weekend,1300,Moped/Motorcycle,No injury,FOLLOWING TOO CLOSELY,CUURY PIKE & JONATHAN,39.16835994,-86.5829797
2013,11,5,Weekday,1700,Moped/Motorcycle,functional,FAILURE TO YIELD RIGHT OF WAY,CURRY PIKE & JONATHAN,39.16835994,-86.5829797
2013,12,6,Weekday,1700,3+ Cars,functional,FAILURE TO YIELD RIGHT OF WAY,CURRY PIKE & JONATHAN,39.16835994,-86.5829797
2013,5,4,Weekday,1500,1-Car,functional,DRIVER ILLNESS,CURRY & JONATHAN DR,39.16835994,-86.58298403
2013,7,4,Weekday,1000,Bus,No injury,IMPROPER PASSING,ATWATER & JORDAN AVE,39.16833684,-86.51638984
2013,11,5,Weekday,1500,2-Car,No injury,FAILURE TO YIELD RIGHT OF WAY,CURRY & JONATHAN DR,39.16830909,-86.58298388
2013,10,6,Weekday,900,1-Car,functional,ANIMAL/OBJECT IN ROADWAY,KINGS & SR46E,39.16830826,-86.44885152
2013,1,2,Weekday,800,2-Car,No injury,UNSAFE BACKING,CAMBRIDGE DR & PARKRIDGE,39.16830624,-86.47511712
2013,7,5,Weekday,1500,3+ Cars,functional,FOLLOWING TOO CLOSELY,SR37S & TAPP,39.16828969,-86.5544281
2013,2,4,Weekday,1500,2-Car,No injury,FAILURE TO YIELD RIGHT OF WAY,7TH & UNION ST,39.16825839,-86.5093136
2013,10,2,Weekday,900,2-Car,No injury,IMPROPER TURNING,11TH & 709 N FEE GARAGE LN,39.16825648,-86.54174
2013,3,4,Weekday,800,3+ Cars,No injury,SPEED TOO FAST FOR WEATHER CONDITIONS,7TH ST & ROSE,39.16822509,-86.51123526
2013,5,3,Weekday,1700,2-Car,No injury,UNSAFE BACKING,7TH & N CLARK ST,39.168224,-86.504832
2013,3,5,Weekday,1600,1-Car,No injury,UNSAFE BACKING,BRAESIDE DR,39.16819967,-86.49439707
2013,1,5,Weekday,1800,1-Car,No injury,ROADWAY SURFACE CONDITION,7TH ST & UNION,39.168176,-86.509312
2013,1,5,Weekday,1900,2-Car,No injury,SPEED TOO FAST FOR WEATHER CONDITIONS,7TH ST & UNION,39.168176,-86.509312
2013,3,1,Weekend,800,2-Car,No injury,UNSAFE BACKING,NORTH COLLEGE AVE,39.16810057,-86.534784
2013,3,2,Weekday,1600,2-Car,No injury,DRIVER DISTRACTED - EXPLAIN IN NARRATIVE,7TH ST & UNION,39.16809976,-86.50945968
2013,7,3,Weekday,900,2-Car,No injury,FAILURE TO YIELD RIGHT OF WAY,7TH & UNION ST,39.16809976,-86.50945968
2013,2,6,Weekend,1900,2-Car,No injury,UNSAFE BACKING,N GATES DR,39.16803807,-86.57621853
2013,9,6,Weekday,400,2-Car,No injury,FOLLOWING TOO CLOSELY,JONATHAN DR,39.16797638,-86.58177185
2013,10,3,Weekday,1500,1-Car,No injury,RAN OFF ROAD RIGHT,BRAESIDE & PETE ELLIS DR,39.16791735,-86.49504
2013,12,1,Weekday,2200,2-Car,No injury,FOLLOWING TOO CLOSELY,FISHERS & JORDAN AVE,39.16790047,-86.5168599
2013,2,6,Weekday,1700,2-Car,No injury,OTHER (DRIVER) - EXPLAIN IN NARRATIVE,S FRANKLIN RD,39.16789246,-86.57160186
2013,4,5,Weekday,700,1-Car,No injury,OTHER (DRIVER) - EXPLAIN IN NARRATIVE,N MADISON ST,39.16787298,-86.537296
2013,6,3,Weekday,1300,Cyclist,functional,OTHER (DRIVER) - EXPLAIN IN NARRATIVE,6TH & MORTON ST,39.16786999,-86.536
2013,10,5,Weekday,1500,2-Car,No injury,UNSAFE BACKING,N GATES DR,39.16781209,-86.57606229
2013,3,4,Weekday,700,2-Car,No injury,ROADWAY SURFACE CONDITION,DANIELS & SR48W,39.16778946,-86.5989685
2013,4,1,Weekend,1700,2-Car,No injury,FOLLOWING TOO CLOSELY,6TH & ADAMS ST,39.167728,-86.5496
2013,11,7,Weekend,1500,2-Car,No injury,FAILURE TO YIELD RIGHT OF WAY,ADAMS & WEST 6TH ST,39.167728,-86.5496
2013,7,3,Weekday,800,2-Car,No injury,UNSAFE BACKING,N ELM ST & W 6TH,39.167712,-86.5452
2013,1,3,Weekday,1600,2-Car,No injury,FOLLOWING TOO CLOSELY,N ROGERS ST & WEST 6TH,39.16768,-86.538592
2013,6,3,Weekday,1400,2-Car,No injury,FAILURE TO YIELD RIGHT OF WAY,N ROGERS & WEST 6TH ST,39.16768,-86.538592
2013,9,5,Weekday,1200,2-Car,No injury,FAILURE TO YIELD RIGHT OF WAY,6TH ST & MADISON,39.167664,-86.53701374
2013,3,2,Weekday,0,2-Car,No injury,UNSAFE BACKING,N MORTON ST & W 6TH,39.167664,-86.536
2013,9,2,Weekday,1000,Pedestrian,functional,UNSAFE BACKING,N MORTON ST & W 6TH,39.167664,-86.536
2013,9,4,Weekday,1100,Pedestrian,non-funcitonal,FAILURE TO YIELD RIGHT OF WAY,MORTON & W 6TH ST,39.167664,-86.536
2013,11,2,Weekday,1500,2-Car,No injury,UNSAFE BACKING,6TH & MORTON ST,39.167664,-86.536
2013,6,5,Weekday,1200,2-Car,No injury,FAILURE TO YIELD RIGHT OF WAY,6TH & MADISON ST,39.167664,-86.537296
2013,9,1,Weekend,1800,2-Car,No injury,UNSAFE BACKING,BLOCK OF E 6TH AND DUNN ST,39.167664,-86.537296
2013,1,4,Weekday,1400,2-Car,No injury,UNSAFE BACKING,6TH ST & WALNUT,39.16765038,-86.53340761
2013,10,6,Weekday,1600,2-Car,No injury,FAILURE TO YIELD RIGHT OF WAY,6TH & ADAMS ST,39.16764982,-86.54965996
2013,6,6,Weekday,1200,2-Car,No injury,FOLLOWING TOO CLOSELY,6TH ST & WALNUT,39.167648,-86.53376041
2013,3,1,Weekend,1700,2-Car,No injury,UNSAFE LANE MOVEMENT,E 6TH & N WALNUT ST,39.167648,-86.533584
2013,6,4,Weekday,2100,2-Car,No injury,UNSAFE LANE MOVEMENT,6TH & WALNUT ST,39.167648,-86.533584
2013,4,7,Weekend,1200,2-Car,No injury,UNSAFE LANE MOVEMENT,100 N WALNUT ST & 6TH,39.167648,-86.533584
2013,5,6,Weekday,1100,2-Car,functional,IMPROPER TURNING,6TH & WALNUT ST,39.167648,-86.533584
2013,3,3,Weekday,1100,2-Car,No injury,UNSAFE BACKING,COLLEGE & W 6TH ST,39.167648,-86.534784
2013,11,3,Weekday,1300,2-Car,No injury,DISREGARD SIGNAL/REG SIGN,6TH & COLLEGE AVE,39.167648,-86.534784
2013,11,7,Weekend,1300,Bus,No injury,IMPROPER TURNING,COLLEGE & W 6TH ST,39.167648,-86.534784
2013,4,3,Weekday,1300,2-Car,No injury,FAILURE TO YIELD RIGHT OF WAY,6TH ST & ELM,39.16763976,-86.54527992
2013,7,2,Weekday,1900,2-Car,No injury,FOLLOWING TOO CLOSELY,ROGERS ST & SIXTH,39.16759014,-86.53867967
2013,7,3,Weekday,1300,2-Car,functional,FAILURE TO YIELD RIGHT OF WAY,6 TH & ROGERS ST,39.16759014,-86.53867967
2013,10,6,Weekday,1800,2-Car,functional,FAILURE TO YIELD RIGHT OF WAY,6TH & ROGERS ST,39.16759014,-86.53867967
2013,12,4,Weekday,1200,2-Car,No injury,DRIVER DISTRACTED - EXPLAIN IN NARRATIVE,6TH & N MORTON ST,39.16758008,-86.53611011
2013,7,2,Weekday,1600,2-Car,No injury,DISREGARD SIGNAL/REG SIGN,6 TH & COLLEGE AVE,39.16757002,-86.5348602
2013,9,4,Weekday,2100,2-Car,No injury,UNSAFE BACKING,NORTH JORDAN AVE,39.16756058,-86.51656341
2013,10,3,Weekday,2200,1-Car,No injury,IMPROPER LANE USAGE,NORTH JORDAN AVE,39.16756058,-86.51656341
2013,5,1,Weekend,1500,Moped/Motorcycle,functional,OTHER (VEHICLE) - EXPLAIN IN NARRATIVE,6TH & WALNUT ST,39.16754991,-86.53360024
2013,8,7,Weekend,1800,2-Car,No injury,UNSAFE LANE MOVEMENT,6TH & WALNUT ST,39.16754991,-86.53360024
2013,3,6,Weekday,1100,2-Car,No injury,IMPROPER TURNING,GRANT ST & SIXTH,39.16753985,-86.52979016
2013,7,1,Weekend,1700,2-Car,No injury,UNSAFE BACKING,INDIANA AVE & SIXTH,39.16751336,-86.5269452
2013,8,3,Weekday,1300,Cyclist,functional,FOLLOWING TOO CLOSELY,6TH & N DUNN ST,39.16745336,-86.52820396
2013,4,6,Weekend,1900,2-Car,No injury,UNSAFE BACKING,E LONGVIEW AVE,39.16742706,-86.49233245
2013,9,7,Weekend,1200,2-Car,No injury,OTHER (DRIVER) - EXPLAIN IN NARRATIVE,KINGSTON DR,39.16742706,-86.49314117
2013,9,1,Weekend,1500,1-Car,No injury,RAN OFF ROAD RIGHT,CONCORD & LONGVIEW AVE,39.16734003,-86.48723886
2013,9,2,Weekday,2100,1-Car,No injury,ANIMAL/OBJECT IN ROADWAY,GETTYS CREEK & SR46E,39.1673317,-86.41666713
2013,12,6,Weekday,1200,2-Car,No injury,UNSAFE BACKING,FRANKLIN RD,39.16729736,-86.57054138
2013,1,2,Weekday,1000,2-Car,No injury,UNSAFE BACKING,E KIRKWOOD AVE,39.16724212,-86.52359627
2013,9,5,Weekday,1200,2-Car,No injury,UNSAFE BACKING,S FRANKLIN RD,39.16719437,-86.57176971
2013,8,4,Weekday,1000,Cyclist,functional,FAILURE TO YIELD RIGHT OF WAY,JORDAN AVE & READ N,39.16716892,-86.51593924
2013,4,1,Weekend,1400,1-Car,No injury,OTHER (DRIVER) - EXPLAIN IN NARRATIVE,NORTH JORDAN AVE,39.16711003,-86.51624299
2013,6,5,Weekday,1300,2-Car,No injury,OTHER (VEHICLE) - EXPLAIN IN NARRATIVE,N DANIELS WAY,39.16710265,-86.59823788
2013,2,3,Weekday,300,2-Car,No injury,OTHER (DRIVER) - EXPLAIN IN NARRATIVE,W KIRKWOOD AVE,39.16697693,-86.55130767
2013,7,2,Weekday,800,Moped/Motorcycle,functional,OTHER (DRIVER) - EXPLAIN IN NARRATIVE,W KIRKWOOD AVE,39.1669693,-86.55064392
2013,9,3,Weekday,1500,2-Car,No injury,DRIVER DISTRACTED - EXPLAIN IN NARRATIVE,E LONGVIEW DR & PETE ELLIS,39.166944,-86.495056
2013,3,6,Weekday,1000,2-Car,No injury,DISREGARD SIGNAL/REG SIGN,LONGVIEW & PETE ELLIS DR,39.1669102,-86.4949201
2013,11,7,Weekend,1700,2-Car,functional,FAILURE TO YIELD RIGHT OF WAY,LONGVIEW & PETE ELLIS DR,39.1669102,-86.4949201
2013,10,4,Weekday,1200,1-Car,No injury,OTHER (DRIVER) - EXPLAIN IN NARRATIVE,E KIRKWOOD AVE,39.16686662,-86.52211166
2013,3,7,Weekend,1500,1-Car,No injury,DRIVER DISTRACTED - EXPLAIN IN NARRATIVE,FORREST AVE & KIRKWOOD,39.16684985,-86.52156986
2013,2,3,Weekday,400,1-Car,No injury,RAN OFF ROAD RIGHT,HOPEWELL & KIRKWOOD AVE,39.16684985,-86.55232589
2013,8,1,Weekend,1700,1-Car,No injury,OTHER (DRIVER) - EXPLAIN IN NARRATIVE,E LONGVIEW DR,39.166848,-86.495088
2013,5,4,Weekday,2100,2-Car,No injury,UNSAFE BACKING,E 5TH & N ROOSEVELT ST,39.166848,-86.505888
2013,3,2,Weekday,1800,2-Car,No injury,FAILURE TO YIELD RIGHT OF WAY,5TH & N JEFFERSON ST,39.166848,-86.506992
2013,9,6,Weekday,1800,2-Car,No injury,UNSAFE BACKING,FAIRVIEW LN & KIRKWOOD,39.16684133,-86.5408
2013,3,5,Weekday,2000,2-Car,No injury,IMPROPER TURNING,EAST KIRKWOOD AVE,39.16681671,-86.52758789
2013,6,1,Weekend,1100,2-Car,No injury,FOLLOWING TOO CLOSELY,KIRKWOOD & S ADAMS ST,39.166816,-86.549488
2013,12,7,Weekend,700,2-Car,No injury,UNSAFE BACKING,JORDAN AVE,39.16680895,-86.51620209
2013,12,3,Weekday,900,2-Car,No injury,IMPROPER TURNING,DUNN ST & KIRKWOOD,39.16680478,-86.52819442
2013,10,6,Weekday,1500,2-Car,No injury,OTHER (ENVIRONMENTAL) - EXPLAIN IN NARR,PINE & WEST KIRKWOOD ST,39.1668,-86.548288
2013,5,7,Weekend,800,2-Car,No injury,FAILURE TO YIELD RIGHT OF WAY,KIRKWOOD AVE & OAK,39.1667878,-86.54715279
2013,1,3,Weekday,1700,2-Car,No injury,UNSAFE BACKING,E KIRKWOOD AVE,39.16678078,-86.52203053
2013,1,5,Weekday,1900,1-Car,No injury,SPEED TOO FAST FOR WEATHER CONDITIONS,E KIRKWOOD AVE,39.16678078,-86.52203053
2013,2,4,Weekday,800,2-Car,No injury,OTHER (DRIVER) - EXPLAIN IN NARRATIVE,EAST KIRKWOOD AVE,39.16678078,-86.52203053
2013,2,6,Weekday,1700,2-Car,No injury,UNSAFE BACKING,E KIRKWOOD AVE,39.16678078,-86.52203053
2013,9,3,Weekday,1800,2-Car,No injury,IMPROPER LANE USAGE,EAST KIRKWOOD AVE,39.16678078,-86.52203053
2013,10,4,Weekday,2000,1-Car,No injury,UNSAFE BACKING,E KIRKWOOD AVE,39.16678078,-86.52203053
2013,4,2,Weekday,1500,2-Car,No injury,IMPROPER LANE USAGE,KIRKWOOD & N COLLEGE AVE,39.16677732,-86.53479782
2013,9,2,Weekday,1100,2-Car,No injury,UNSAFE BACKING,N ROGERS ST,39.16677486,-86.53860637
2013,4,5,Weekday,800,2-Car,functional,FAILURE TO YIELD RIGHT OF WAY,ELM ST & KIRKWOOD,39.166768,-86.5452
2013,9,1,Weekend,100,Bus,No injury,FAILURE TO YIELD RIGHT OF WAY,N ELM & W KIRKWOOD AVE,39.166768,-86.5452
2013,11,6,Weekday,0,2-Car,No injury,UNSAFE BACKING,E KIRKWOOD AVE,39.16674793,-86.52246639
2013,1,7,Weekend,1600,2-Car,No injury,UNSAFE BACKING,GRANT ST & KIRKWOOD,39.16673613,-86.529696
2013,6,4,Weekday,1100,2-Car,No injury,OVERCORRECTING/OVERSTEERING,N DANIELS WAY,39.16673116,-86.59909039
2013,8,4,Weekday,1900,2-Car,No injury,UNSAFE BACKING,N DANIELS WAY,39.16673116,-86.59909039
2013,10,4,Weekday,1200,2-Car,No injury,UNSAFE BACKING,NORTH DANIELS WAY,39.16673116,-86.59909039
2013,2,2,Weekday,1600,3+ Cars,No injury,FOLLOWING TOO CLOSELY,KIRKWOOD AVE & MAPLE,39.16672,-86.542096