Year,Month,Day,Weekend?,Hour,Collision Type,Injury Type,Primary Factor,Reported_Location,Latitude,Longitude
2013,3,4,Weekday,200,2-Car,No injury,UNSAFE LANE MOVEMENT,KIRKWOOD AVE & MAPLE,39.16671674,-86.54183142
2013,1,4,Weekday,1000,2-Car,No injury,UNSAFE BACKING,EAST KIRKWOOD ST,39.166704,-86.5408
2013,8,5,Weekday,1400,2-Car,No injury,UNSAFE BACKING,N FAIRVIEW ST & W KIRKWOOD,39.166704,-86.5408
2013,4,2,Weekday,1600,2-Car,No injury,FOLLOWING TOO CLOSELY,ADAMS & KIRKWOOD AVE,39.16670032,-86.54963985
2013,2,4,Weekday,1500,2-Car,No injury,OTHER (DRIVER) - EXPLAIN IN NARRATIVE,KIRKWOOD AVE,39.1666849,-86.54194727
2013,8,2,Weekday,900,2-Car,No injury,FAILURE TO YIELD RIGHT OF WAY,ROGERS & W KIRKWOOD AVE,39.16667482,-86.53881966
2013,11,2,Weekday,1100,2-Car,No injury,FAILURE TO YIELD RIGHT OF WAY,KIRKWOOD AVE & ROGERS,39.16667435,-86.53878439
2013,8,7,Weekend,900,Moped/Motorcycle,functional,OTHER (DRIVER) - EXPLAIN IN NARRATIVE,W KIRKWOOD AVE,39.16667233,-86.53863249
2013,3,7,Weekend,1600,Moped/Motorcycle,non-funcitonal,OTHER (DRIVER) - EXPLAIN IN NARRATIVE,KIRKWOOD & ROGERS ST,39.166672,-86.538608
2013,12,2,Weekday,2300,2-Car,functional,DISREGARD SIGNAL/REG SIGN,ROGERS & W KIRKWOOD AVE,39.166672,-86.538608
2013,3,6,Weekday,1300,2-Car,No injury,FAILURE TO YIELD RIGHT OF WAY,KIRKWOOD AVE & MADISON,39.166656,-86.537296
2013,2,4,Weekday,1400,2-Car,No injury,IMPROPER PASSING,NORTH CURRY PIKE,39.16664802,-86.58291265
2013,5,4,Weekday,1700,3+ Cars,No injury,FOLLOWING TOO CLOSELY,E KIRKWOOD AVE & FAIRVIEW,39.16664424,-86.54092183
2013,9,7,Weekend,1200,2-Car,No injury,UNSAFE BACKING,E KIRKWOOD AVE & GRANT,39.16664,-86.52872574
2013,9,6,Weekday,400,Pedestrian,functional,FAILURE TO YIELD RIGHT OF WAY,INDIANA & KIRKWOOD AVE,39.16664,-86.52707241
2013,8,4,Weekday,1300,2-Car,No injury,UNSAFE BACKING,GRANT & KIRKWOOD AVE,39.16664,-86.52946667
2013,6,2,Weekday,1100,2-Car,No injury,IMPROPER TURNING,KIRKWOOD AVE & WALNUT,39.16664,-86.53324718
2013,5,6,Weekday,700,3+ Cars,No injury,FAILURE TO YIELD RIGHT OF WAY,E KIRKWOOD AVE & WALNUT,39.16664,-86.53342359
2013,9,4,Weekday,1800,2-Car,No injury,UNSAFE BACKING,COLLEGE & KIRKWOOD AVE,39.16664,-86.53453538
2013,1,7,Weekend,1700,3+ Cars,functional,FOLLOWING TOO CLOSELY,KINGS & SR46E,39.16664,-86.454992
2013,10,5,Weekday,200,1-Car,No injury,ANIMAL/OBJECT IN ROADWAY,KERR CREEK & SR46E,39.16664,-86.462496
2013,10,7,Weekend,1100,2-Car,No injury,SPEED TOO FAST FOR WEATHER CONDITIONS,46 & SR4546N,39.16664,-86.462496
2013,9,7,Weekend,2300,2-Car,No injury,FAILURE TO YIELD RIGHT OF WAY,DUNN ST & KIRKWOOD,39.16664,-86.528192
2013,10,1,Weekend,1100,2-Car,No injury,UNSAFE LANE MOVEMENT,E KIRKWOOD & N DUNN ST,39.16664,-86.528192
2013,11,7,Weekend,1400,Pedestrian,functional,OTHER (DRIVER) - EXPLAIN IN NARRATIVE,DUNN ST & KIRKWOOD,39.16664,-86.528192
2013,11,7,Weekend,300,1-Car,No injury,RAN OFF ROAD RIGHT,DUNN & KIRKWOOD AVE,39.16664,-86.528192
2013,6,7,Weekend,200,1-Car,No injury,OTHER (DRIVER) - EXPLAIN IN NARRATIVE,E KIRKWOOD AVE,39.16664,-86.52923559
2013,12,3,Weekday,200,2-Car,No injury,IMPROPER TURNING,E KIRKWOOD AVE,39.16664,-86.52923559
2013,3,5,Weekday,1300,2-Car,No injury,UNSAFE BACKING,KIRKWOOD & S GRANT ST,39.16664,-86.529696
2013,11,7,Weekend,900,Cyclist,functional,FAILURE TO YIELD RIGHT OF WAY,110 S LINCOLN & S LINCOLN ST,39.16664,-86.530992
2013,6,2,Weekday,700,1-Car,No injury,RAN OFF ROAD RIGHT,E KIRKWOOD AVE & N WASHINGTON,39.16664,-86.5324
2013,8,6,Weekday,1600,2-Car,No injury,UNSAFE BACKING,KIRKWOOD AVE,39.16664,-86.5324
2013,3,5,Weekday,1200,2-Car,No injury,FOLLOWING TOO CLOSELY,KIRKWOOD & WALNUT ST,39.16664,-86.5336
2013,6,3,Weekday,1800,Cyclist,non-funcitonal,DISREGARD SIGNAL/REG SIGN,KIRKWOOD AVE & N WALNUT,39.16664,-86.5336
2013,4,2,Weekday,1600,3+ Cars,functional,FAILURE TO YIELD RIGHT OF WAY,E KIRKWOOD AVE & WALNUT,39.16664,-86.5336
2013,4,1,Weekend,200,3+ Cars,No injury,WRONG WAY ON ONE WAY,KIRKWOOD & S WALNUT ST,39.16664,-86.5336
2013,6,4,Weekday,1000,Pedestrian,non-funcitonal,FAILURE TO YIELD RIGHT OF WAY,KIRKWOOD & N WALNUT ST,39.16664,-86.5336
2013,7,3,Weekday,800,2-Car,functional,UNSAFE LANE MOVEMENT,KIRKWOOD & S WALNUT ST,39.16664,-86.5336
2013,9,3,Weekday,1800,2-Car,No injury,DISREGARD SIGNAL/REG SIGN,KIRKWOOD & WALNUT ST,39.16664,-86.5336
2013,12,6,Weekday,1400,2-Car,No injury,UNSAFE BACKING,KIRKWOOD & WALNUT ST,39.16664,-86.5336
2013,1,3,Weekday,1100,2-Car,No injury,FAILURE TO YIELD RIGHT OF WAY,COLLEGE & KIRKWOOD AVE,39.16664,-86.5348
2013,1,7,Weekend,900,2-Car,No injury,DISREGARD SIGNAL/REG SIGN,KIRKWOOD & N COLLEGE AVE,39.16664,-86.5348
2013,3,6,Weekday,0,3+ Cars,No injury,IMPROPER LANE USAGE,N COLLEGE AVE & W KIRKWOOD,39.16664,-86.5348
2013,5,7,Weekend,900,2-Car,No injury,DISREGARD SIGNAL/REG SIGN,COLLEGE AVE & KIRKWOOD,39.16664,-86.5348
2013,7,4,Weekday,900,2-Car,functional,DISREGARD SIGNAL/REG SIGN,COLLEGE & KIRKWOOD AVE,39.16664,-86.5348
2013,8,7,Weekend,1200,2-Car,No injury,FAILURE TO YIELD RIGHT OF WAY,COLLEGE AVE & KIRKWOOD,39.16664,-86.5348
2013,11,3,Weekday,1200,2-Car,No injury,UNSAFE LANE MOVEMENT,N COLLEGE & W KIRKWOOD AVE,39.16664,-86.5348
2013,12,7,Weekend,700,2-Car,No injury,DISREGARD SIGNAL/REG SIGN,COLLEGE AVE & KIRKWOOD,39.16664,-86.5348
2013,10,6,Weekday,1500,2-Car,No injury,UNSAFE BACKING,FAIRVIEW & W KIRKWOOD AVE,39.16663997,-86.54091566
2013,1,1,Weekend,1700,3+ Cars,No injury,FOLLOWING TOO CLOSELY,KIRKWOOD AVE & MAPLE,39.16663997,-86.54220007
2013,8,4,Weekday,1400,2-Car,No injury,OTHER (VEHICLE) - EXPLAIN IN NARRATIVE,KIRKWOOD AVE & MAPLE,39.16663997,-86.54220007
2013,2,3,Weekday,1700,3+ Cars,No injury,DRIVER DISTRACTED - EXPLAIN IN NARRATIVE,JACKSON & KIRKWOOD AVE,39.16662991,-86.53985335
2013,6,3,Weekday,1700,2-Car,No injury,FOLLOWING TOO CLOSELY,JACKSON & KIRKWOOD AVE,39.16662991,-86.53985984
2013,1,5,Weekday,400,2-Car,No injury,OTHER (VEHICLE) - EXPLAIN IN NARRATIVE,S JORDAN AVE,39.1666165,-86.51632212
2013,2,5,Weekday,1700,2-Car,No injury,UNSAFE BACKING,S JORDAN AVE,39.1666165,-86.51632212
2013,4,3,Weekday,1600,2-Car,No injury,FAILURE TO YIELD RIGHT OF WAY,KIRKWOOD AVE & ROGERS,39.16660979,-86.53868324
2013,3,6,Weekday,1700,2-Car,No injury,FAILURE TO YIELD RIGHT OF WAY,KIRKWOOD AVE & ROGERS,39.16660979,-86.53868973
2013,9,2,Weekday,1400,2-Car,No injury,FAILURE TO YIELD RIGHT OF WAY,KIRKWOOD AVE & ROGERS,39.16660979,-86.53868973
2013,5,6,Weekday,1200,2-Car,No injury,FAILURE TO YIELD RIGHT OF WAY,E KIRKWOOD AVE,39.16660376,-86.53088383
2013,5,1,Weekday,2300,2-Car,No injury,OTHER (DRIVER) - EXPLAIN IN NARRATIVE,COLLEGE AVE & KIRKWOOD,39.16659974,-86.53488032
2013,9,6,Weekday,1400,2-Car,No injury,IMPROPER TURNING,COLLEGE AVE & KIRKWOOD,39.16659974,-86.53488032
2013,10,5,Weekday,1800,2-Car,No injury,UNSAFE BACKING,COLLEGE & KIRKWOOD AVE,39.16659974,-86.53488032
2013,6,4,Weekday,1400,Pedestrian,functional,PEDESTRIAN ACTION,RODGERS & WEST KIRKWOOD AVE,39.16659496,-86.53870046
2013,5,5,Weekday,1500,2-Car,No injury,OTHER (VEHICLE) - EXPLAIN IN NARRATIVE,E KINGS & SR46E,39.16659254,-86.45501392
2013,12,6,Weekday,700,1-Car,No injury,RAN OFF ROAD RIGHT,KINGS & SR46,39.16659092,-86.45510893
2013,4,1,Weekend,1800,2-Car,No injury,OTHER (DRIVER) - EXPLAIN IN NARRATIVE,KIRKWOOD & MORTON ST,39.16658968,-86.53604976
2013,12,3,Weekday,1100,Cyclist,functional,IMPROPER PASSING,KIRKWOOD AVE & MORTON,39.16658968,-86.53604976
2013,1,2,Weekday,1400,1-Car,No injury,RAN OFF ROAD RIGHT,KIRKWOOD & WALNUT ST,39.16658029,-86.53361029
2013,9,5,Weekday,1800,Pedestrian,No injury,FAILURE TO YIELD RIGHT OF WAY,KIRKWOOD & WALNUT ST,39.16658029,-86.53361029
2013,10,4,Weekday,1400,1-Car,No injury,OTHER (DRIVER) - EXPLAIN IN NARRATIVE,KIRKWOOD AVE & WALNUT,39.16658029,-86.53361029
2013,10,5,Weekday,900,2-Car,No injury,DISREGARD SIGNAL/REG SIGN,KIRKWOOD & WALNUT ST,39.16658029,-86.53361029
2013,8,4,Weekday,800,2-Car,No injury,DRIVER DISTRACTED - EXPLAIN IN NARRATIVE,LINGLEBACH & NORTH JORDAN AVE,39.16657237,-86.51253014
2013,1,6,Weekday,500,1-Car,No injury,OTHER (DRIVER) - EXPLAIN IN NARRATIVE,WEST KIRKWOOD AVE,39.16656822,-86.53888486
2013,7,6,Weekday,1000,1-Car,No injury,BRAKE FAILURE OR DEFECTIVE,WEST KIRKWOOD AVE,39.16656822,-86.53888486
2013,7,5,Weekday,2000,Moped/Motorcycle,No injury,FAILURE TO YIELD RIGHT OF WAY,GRANT ST & KIRKWOOD,39.16655011,-86.52981027
2013,8,5,Weekday,1500,Cyclist,functional,FAILURE TO YIELD RIGHT OF WAY,GRANT & KIRKWOOD AVE,39.16655011,-86.52981027
2013,8,1,Weekend,300,Moped/Motorcycle,No injury,UNSAFE BACKING,DUNN & KIRKWOOD AVE,39.16654006,-86.52824298
2013,4,3,Weekday,1700,2-Car,No injury,UNSAFE LANE MOVEMENT,DUNN ST & KIRKWOOD,39.16654006,-86.5282499
2013,8,6,Weekday,1800,Bus,No injury,IMPROPER TURNING,DUNN ST & KIRKWOOD,39.16654006,-86.5282499
2013,5,5,Weekday,1500,2-Car,No injury,UNSAFE BACKING,E KIRKWOOD AVE,39.16650385,-86.52963392
2013,4,6,Weekday,1200,2-Car,No injury,FOLLOWING TOO CLOSELY,DUNN ST & KIRKWOOD,39.16650277,-86.52818536
2013,2,6,Weekday,1600,2-Car,No injury,FAILURE TO YIELD RIGHT OF WAY,KIRKWOOD & S COLLEGE AVE,39.16650267,-86.5348
2013,1,3,Weekday,1400,2-Car,No injury,FAILURE TO YIELD RIGHT OF WAY,KIRKWOOD AVE,39.16650251,-86.52938783
2013,12,7,Weekend,1000,1-Car,No injury,OTHER (DRIVER) - EXPLAIN IN NARRATIVE,S FRANKLIN RD,39.166496,-86.571216
2013,10,3,Weekday,1500,2-Car,functional,FAILURE TO YIELD RIGHT OF WAY,CURRY PIKE & GRAND,39.16648977,-86.58297032
2013,3,4,Weekday,1600,2-Car,No injury,SPEED TOO FAST FOR WEATHER CONDITIONS,MORNINGSIDE & SMITH RD,39.166432,-86.4812
2013,3,6,Weekday,500,2-Car,No injury,FOLLOWING TOO CLOSELY,MORNINGSIDE & SMITH RD,39.166432,-86.4812
2013,8,6,Weekday,1100,2-Car,No injury,FAILURE TO YIELD RIGHT OF WAY,E MORNINGSIDE & N SMITH RD,39.166432,-86.4812
2013,9,6,Weekday,1500,2-Car,functional,SPEED TOO FAST FOR WEATHER CONDITIONS,MORNINGSIDE & SMITH RD,39.166432,-86.4812
2013,10,4,Weekday,400,2-Car,No injury,OVERCORRECTING/OVERSTEERING,MORNINGSIDE & SARATOGA DR,39.16638985,-86.48047479
2013,11,5,Weekday,1900,2-Car,No injury,FAILURE TO YIELD RIGHT OF WAY,3RD & SOUTH FRANKLIN RD,39.16633588,-86.57121338
2013,7,5,Weekday,1400,Moped/Motorcycle,non-funcitonal,ACCELERATOR FAILURE OR DEFECTIVE,W KIRKWOOD AVE,39.16630554,-86.53767395
2013,10,5,Weekday,1500,3+ Cars,No injury,FAILURE TO YIELD RIGHT OF WAY,10TH & UNION ST,39.16626159,-86.5094503
2013,7,5,Weekday,0,2-Car,No injury,UNSAFE BACKING,EAST KIRKWOOD AVE,39.16624832,-86.52851104
2013,1,1,Weekday,2200,2-Car,No injury,UNSAFE BACKING,N ROSE AVE,39.1662177,-86.51097988
2013,6,6,Weekend,2300,2-Car,No injury,UNSAFE BACKING,SOUTH ROSE AVE,39.1662177,-86.51097988
2013,11,4,Weekday,2100,2-Car,No injury,IMPROPER TURNING,N ROSE AVE,39.1662177,-86.51097988
2013,9,3,Weekday,2000,2-Car,No injury,FAILURE TO YIELD RIGHT OF WAY,E 3RD & SR46N,39.16619049,-86.46728758
2013,5,3,Weekday,400,2-Car,functional,UNSAFE SPEED,CR480N & SR45W,39.16612236,-86.57302593
2013,8,2,Weekday,1600,2-Car,No injury,FOLLOWING TOO CLOSELY,NORTH ROGERS ST & WEST 10TH,39.16611058,-86.53859778
2013,12,7,Weekend,1200,2-Car,No injury,UNSAFE BACKING,N GATES DR,39.16609012,-86.57594829
2013,6,2,Weekday,800,2-Car,functional,OTHER TELEMATICS IN USE,SR37N & VERNAL,39.1660428,-86.56252288
2013,1,6,Weekday,1200,2-Car,No injury,FAILURE TO YIELD RIGHT OF WAY,E BUICK CADILLAC & SO COLLEGE MALL RD,39.16603939,-86.49788998
2013,1,6,Weekday,900,3+ Cars,No injury,ROADWAY SURFACE CONDITION,4TH & S WALNUT ST,39.16592266,-86.5336
2013,1,2,Weekday,1200,2-Car,functional,FOLLOWING TOO CLOSELY,3RD & SR37S,39.16584824,-86.57304798
2013,5,4,Weekday,1000,2-Car,functional,FAILURE TO YIELD RIGHT OF WAY,ROGERS & W 4TH ST,39.165696,-86.53894482
2013,1,1,Weekend,100,2-Car,No injury,FAILURE TO YIELD RIGHT OF WAY,4TH & N ROGERS ST,39.165696,-86.538592
2013,4,7,Weekend,0,2-Car,No injury,OTHER (DRIVER) - EXPLAIN IN NARRATIVE,S ROGERS ST,39.165696,-86.538592
2013,2,4,Weekday,1200,2-Car,No injury,FOLLOWING TOO CLOSELY,S ROGERS ST & W 4TH,39.165696,-86.538592
2013,3,6,Weekday,1200,2-Car,No injury,FOLLOWING TOO CLOSELY,4TH & S ROGERS ST,39.165696,-86.538592
2013,6,2,Weekday,1700,2-Car,No injury,DISREGARD SIGNAL/REG SIGN,COLLEGE & W 4TH ST,39.165664,-86.5348
2013,10,3,Weekday,2300,2-Car,No injury,DISREGARD SIGNAL/REG SIGN,4TH & S COLLEGE AVE,39.165664,-86.5348
2013,11,3,Weekday,1600,2-Car,No injury,UNSAFE BACKING,W 4TH ST,39.16564865,-86.53364898
2013,9,3,Weekday,1500,2-Car,No injury,OTHER (DRIVER) - EXPLAIN IN NARRATIVE,BLOCK OF S INDIANA (GILMORE) AVE,39.165648,-86.526848
2013,9,6,Weekend,2200,Pedestrian,functional,PEDESTRIAN ACTION,E 4TH & S INDIANA AVE,39.165648,-86.526848
2013,2,7,Weekend,1500,2-Car,No injury,UNSAFE BACKING,E 4TH ST,39.165648,-86.52774727
2013,2,4,Weekday,1200,2-Car,No injury,FOLLOWING TOO CLOSELY,E 4TH & S LINCOLN ST,39.165648,-86.531008
2013,2,7,Weekend,2100,2-Car,No injury,SPEED TOO FAST FOR WEATHER CONDITIONS,N WALNUT ST,39.165648,-86.5336
2013,3,4,Weekday,300,1-Car,No injury,SPEED TOO FAST FOR WEATHER CONDITIONS,NORTH WALNUT ST,39.165648,-86.5336
2013,3,6,Weekend,1900,2-Car,No injury,UNSAFE BACKING,NORTH WALNUT ST,39.165648,-86.5336
2013,5,4,Weekday,1900,1-Car,functional,RAN OFF ROAD RIGHT,N WALNUT ST,39.165648,-86.5336
2013,6,5,Weekday,2200,1-Car,No injury,UNSAFE BACKING,SOUTH WALNUT ST,39.165648,-86.5336
2013,6,3,Weekday,1300,2-Car,No injury,FAILURE TO YIELD RIGHT OF WAY,4TH ST & WALNUT,39.165648,-86.5336
2013,7,2,Weekday,800,2-Car,No injury,FAILURE TO YIELD RIGHT OF WAY,N WALNUT ST,39.165648,-86.5336
2013,10,1,Weekend,1000,2-Car,No injury,DISREGARD SIGNAL/REG SIGN,E 4TH & S WALNUT ST,39.165648,-86.5336
2013,11,7,Weekend,0,2-Car,No injury,OTHER (DRIVER) - EXPLAIN IN NARRATIVE,WALNUT SPRINGS DR,39.165648,-86.5336
2013,11,7,Weekend,300,2-Car,No injury,UNSAFE BACKING,4TH & CLARK ST,39.16562006,-86.50497972
2013,2,5,Weekday,1900,3+ Cars,No injury,CELL PHONE USAGE,4TH ST & MADISON,39.16561,-86.53742543
2013,6,4,Weekday,1300,Bus,No injury,UNSAFE LANE MOVEMENT,S MADISON & W 4TH ST,39.16561,-86.53742976
2013,12,3,Weekday,1800,3+ Cars,functional,FOLLOWING TOO CLOSELY,SR46E & TRAILWAY,39.16559982,-86.42546331
2013,10,5,Weekday,1200,2-Car,functional,FOLLOWING TOO CLOSELY,4TH & COLLEGE AVE,39.16558988,-86.53488971
2013,1,2,Weekday,900,1-Car,No injury,ANIMAL/OBJECT IN ROADWAY,AZALEA & HIGHLAND AVE,39.16558806,-86.51739969
2013,3,6,Weekday,1500,2-Car,functional,FOLLOWING TOO CLOSELY,4TH ST & LINCOLN,39.16557983,-86.53108969
2013,9,5,Weekday,800,2-Car,functional,DISREGARD SIGNAL/REG SIGN,4TH ST & LINCOLN,39.16557983,-86.53108969
2013,3,2,Weekday,1400,2-Car,No injury,DISREGARD SIGNAL/REG SIGN,4TH ST & WALNUT,39.16557983,-86.53361968
2013,11,6,Weekend,1900,2-Car,No injury,DISREGARD SIGNAL/REG SIGN,4TH ST & WALNUT,39.16557983,-86.53361968
2013,11,2,Weekday,2300,Pedestrian,functional,FAILURE TO YIELD RIGHT OF WAY,4TH & DUNN ST,39.16555971,-86.52822978
2013,4,5,Weekday,2200,2-Car,No injury,SPEED TOO FAST FOR WEATHER CONDITIONS,4TH & GRANT ST,39.16555971,-86.52981966
2013,5,3,Weekday,1200,2-Car,No injury,UNSAFE BACKING,4TH ST & INDIANA,39.16555032,-86.52689283
2013,9,6,Weekday,1300,2-Car,No injury,UNSAFE LANE MOVEMENT,4TH & INDIANA AVE,39.16555032,-86.52691014
2013,7,6,Weekday,1100,2-Car,No injury,OTHER (DRIVER) - EXPLAIN IN NARRATIVE,DUNN & FOURTH ST,39.16554922,-86.52753224
2013,9,7,Weekend,1300,2-Car,No injury,IMPROPER LANE USAGE,FOURTH ST & INDIANA,39.16554919,-86.52753862
2013,12,4,Weekday,1300,2-Car,No injury,UNSAFE BACKING,EAST 4TH ST,39.1655349,-86.53344266
2013,6,4,Weekday,1300,2-Car,No injury,FAILURE TO YIELD RIGHT OF WAY,GATES DR,39.1654826,-86.57605759
2013,11,2,Weekday,1500,2-Car,No injury,OTHER (DRIVER) - EXPLAIN IN NARRATIVE,SOUTH WALNUT ST,39.16546286,-86.5336
2013,2,3,Weekday,2000,2-Car,No injury,FAILURE TO YIELD RIGHT OF WAY,JONES & JORDAN AVE,39.16540012,-86.51640996
2013,12,7,Weekend,1900,2-Car,No injury,FOLLOWING TOO CLOSELY,JONES & JORDAN AVE,39.16540012,-86.51640996
2013,10,6,Weekday,1000,2-Car,No injury,UNSAFE BACKING,JONES AVE & JORDAN,39.16540012,-86.51642726
2013,1,2,Weekday,900,2-Car,No injury,OTHER (VEHICLE) - EXPLAIN IN NARRATIVE,JONES AVE & JORDAN,39.16540012,-86.51643591
2013,9,5,Weekday,1500,2-Car,No injury,FAILURE TO YIELD RIGHT OF WAY,4TH & S INDIANA AVE,39.16537348,-86.52683702
2013,5,2,Weekday,1900,1-Car,No injury,UNSAFE BACKING,SOUTH HAWTHORNE DR,39.1653163,-86.52071893
2013,8,6,Weekday,1500,1-Car,No injury,OBSTRUCTION NOT MARKED,JONES & ROSE AVE,39.16529015,-86.51089354
2013,1,6,Weekend,2000,2-Car,No injury,UNSAFE LANE MOVEMENT,SR446 & SR46,39.16527834,-86.46954813
2013,4,7,Weekend,900,1-Car,No injury,OTHER (DRIVER) - EXPLAIN IN NARRATIVE,SO PETE ELLIS DR,39.16527808,-86.49487584
2013,3,5,Weekday,1400,2-Car,No injury,FAILURE TO YIELD RIGHT OF WAY,JACOB DR,39.1652565,-86.57556915
2013,4,5,Weekday,1400,2-Car,No injury,UNSAFE LANE MOVEMENT,9TH & COLLEGE AVE,39.16517209,-86.53485015
2013,7,4,Weekday,1300,2-Car,No injury,UNSAFE BACKING,WEST THIRD ST,39.16516876,-86.57852172
2013,5,6,Weekday,1400,2-Car,No injury,FOLLOWING TOO CLOSELY,HILLSDALE & S HILLSDALE DR,39.165152,-86.50296
2013,5,1,Weekend,600,1-Car,No injury,RAN OFF ROAD RIGHT,N TRAILWAY & SR46E,39.16510298,-86.42990248
2013,4,3,Weekday,1200,2-Car,No injury,FOLLOWING TOO CLOSELY,3700 W 3RD ST & LIBERTY,39.165016,-86.57989001
2013,8,4,Weekday,800,2-Car,functional,FOLLOWING TOO CLOSELY,3700 W 3RD ST & LIBERTY,39.165016,-86.57989434
2013,3,3,Weekday,1600,2-Car,No injury,IMPROPER TURNING,3RD & DUNN ST,39.16499705,-86.52811796
2013,11,7,Weekend,1000,2-Car,No injury,FAILURE TO YIELD RIGHT OF WAY,N HARTSTRAIT RD & W STATE 48,39.164944,-86.611296
2013,11,2,Weekday,600,2-Car,functional,FOLLOWING TOO CLOSELY,HARTSTRAIGHT ROAD & SR48W,39.164944,-86.611296
2013,10,5,Weekday,800,2-Car,functional,FAILURE TO YIELD RIGHT OF WAY,KIRBY RD & SR48,39.16491475,-86.61097062
2013,1,4,Weekday,1600,2-Car,No injury,UNSAFE SPEED,WEST 3RD ST,39.164848,-86.57487674
2013,11,6,Weekday,800,2-Car,No injury,FAILURE TO YIELD RIGHT OF WAY,W 3RD ST,39.164848,-86.57634041
2013,10,3,Weekday,1600,2-Car,functional,FAILURE TO YIELD RIGHT OF WAY,W 3RD ST,39.164848,-86.57962482
2013,10,4,Weekday,1300,2-Car,No injury,UNSAFE BACKING,W 3RD ST,39.16484379,-86.58164716
2013,12,7,Weekend,1600,1-Car,No injury,OTHER (DRIVER) - EXPLAIN IN NARRATIVE,W 3RD ST,39.16484379,-86.58164716
2013,7,7,Weekend,1200,1-Car,No injury,UNSAFE BACKING,W 3RD ST,39.164832,-86.582048
2013,5,5,Weekday,1400,2-Car,No injury,LEFT OF CENTER,W 3RD ST,39.16482122,-86.5789551
2013,6,3,Weekday,1300,Moped/Motorcycle,functional,ENGINE FAILURE OR DEFECTIVE,13 & WEST 3RD ST,39.16480652,-86.57295227
2013,3,5,Weekday,1600,2-Car,functional,OTHER (DRIVER) - EXPLAIN IN NARRATIVE,3RD ST & SR37,39.1648,-86.573792
2013,5,7,Weekend,1300,2-Car,No injury,DISREGARD SIGNAL/REG SIGN,SOUTH 37 & WEST 3RD ST,39.1648,-86.573792
2013,2,7,Weekend,1300,2-Car,No injury,FAILURE TO YIELD RIGHT OF WAY,3RD & PETE ELLIS DR,39.16478931,-86.495088
2013,9,5,Weekday,1100,2-Car,No injury,OTHER (DRIVER) - EXPLAIN IN NARRATIVE,E THIRD ST,39.16477585,-86.4952774
2013,2,7,Weekend,600,2-Car,No injury,FOLLOWING TOO CLOSELY,KINGS & SR46E,39.164763,-86.45072501
2013,4,4,Weekday,700,2-Car,No injury,OTHER (DRIVER) - EXPLAIN IN NARRATIVE,3RD ST & JACKSON,39.164752,-86.53984
2013,1,2,Weekday,1200,2-Car,functional,FOLLOWING TOO CLOSELY,3RD & SR37S,39.164752,-86.573104
2013,5,6,Weekday,1100,2-Car,No injury,OTHER (DRIVER) - EXPLAIN IN NARRATIVE,SR37 & W 3RD ST,39.164752,-86.573104
2013,6,7,Weekend,1800,Pedestrian,functional,PEDESTRIAN ACTION,3RD ST & US37N,39.164752,-86.573104
2013,6,5,Weekday,2200,2-Car,No injury,DISREGARD SIGNAL/REG SIGN,37 & WEST 3RD ST ST,39.164752,-86.573104
2013,7,3,Weekday,1000,2-Car,No injury,FOLLOWING TOO CLOSELY,SR37 & W 3RD ST,39.164752,-86.573104
2013,9,3,Weekday,700,2-Car,No injury,FAILURE TO YIELD RIGHT OF WAY,SR37 & SR48W,39.164752,-86.573104
2013,9,6,Weekday,1700,2-Car,functional,FOLLOWING TOO CLOSELY,SR37 & W 3RD ST,39.164752,-86.573104
2013,9,1,Weekday,2100,2-Car,No injury,FOLLOWING TOO CLOSELY,3RD ST & SR37,39.164752,-86.573104
2013,10,5,Weekday,1300,3+ Cars,functional,FOLLOWING TOO CLOSELY,3RD & SR37,39.164752,-86.573104
2013,10,7,Weekend,1600,2-Car,No injury,FOLLOWING TOO CLOSELY,3RD & SR37N,39.164752,-86.573104
2013,11,3,Weekday,500,2-Car,No injury,FAILURE TO YIELD RIGHT OF WAY,SR37 & W 3RD ST,39.164752,-86.573104
2013,12,2,Weekday,1200,3+ Cars,No injury,FOLLOWING TOO CLOSELY,3RD ST & STATE ROAD 37,39.164752,-86.573104
2013,1,3,Weekday,2200,2-Car,No injury,UNSAFE LANE MOVEMENT,3RD ST,39.16474251,-86.57282163
2013,3,4,Weekday,0,2-Car,No injury,OTHER (VEHICLE) - EXPLAIN IN NARRATIVE,W 3RD ST,39.16474251,-86.57282163
2013,4,4,Weekday,1600,2-Car,No injury,SPEED TOO FAST FOR WEATHER CONDITIONS,PARK SQUARE DR & WEST STATE ROAD 48,39.16474029,-86.59259006
2013,8,4,Weekday,1400,2-Car,No injury,OVERCORRECTING/OVERSTEERING,W 3RD ST,39.16473898,-86.57271675
2013,9,3,Weekday,1600,3+ Cars,No injury,UNSAFE SPEED,PROFILE & SR48,39.16473203,-86.59292201
2013,3,6,Weekday,1200,2-Car,No injury,FOLLOWING TOO CLOSELY,SR37 & WEST 3RD ST,39.16472831,-86.57239903
2013,3,2,Weekday,2000,1-Car,No injury,UNSAFE SPEED,ROGERS ST,39.16472,-86.538592
2013,5,7,Weekend,1100,1-Car,No injury,RAN OFF ROAD RIGHT,SOUTH ROGERS ST,39.16472,-86.538592
2013,7,3,Weekday,1500,1-Car,No injury,DRIVER DISTRACTED - EXPLAIN IN NARRATIVE,S ROGERS ST,39.16472,-86.538592
2013,7,6,Weekend,2000,2-Car,No injury,UNSAFE BACKING,E 3RD ST,39.16470933,-86.57183467