Year,Month,Day,Weekend?,Hour,Collision Type,Injury Type,Primary Factor,Reported_Location,Latitude,Longitude
2013,7,3,Weekday,1700,1-Car,No injury,UNSAFE BACKING,S WOODLAWN AVE,39.164352,-86.522592
2013,2,6,Weekday,800,1-Car,No injury,SPEED TOO FAST FOR WEATHER CONDITIONS,WEST 3RD ST,39.16432953,-86.5832901
2013,4,4,Weekday,1600,2-Car,No injury,FAILURE TO YIELD RIGHT OF WAY,W 3RD ST,39.16432953,-86.5832901
2013,2,5,Weekday,1300,2-Car,No injury,FOLLOWING TOO CLOSELY,E 3RD ST & S BRYAN,39.16432,-86.50824
2013,5,1,Weekend,1200,2-Car,non-funcitonal,FAILURE TO YIELD RIGHT OF WAY,BURMA ROAD & SR37N,39.16432,-86.50824
2013,7,4,Weekday,1300,2-Car,No injury,FOLLOWING TOO CLOSELY,E 3RD ST & SO BRYAN,39.16432,-86.50824
2013,10,4,Weekday,1500,2-Car,No injury,IMPROPER LANE USAGE,E THIRD ST,39.16431248,-86.50218285
2013,1,6,Weekday,1400,3+ Cars,No injury,DRIVER DISTRACTED - EXPLAIN IN NARRATIVE,E 3RD ST & ROOSEVELT,39.164304,-86.505792
2013,3,6,Weekday,1300,2-Car,No injury,FOLLOWING TOO CLOSELY,E 3RD ST & S ROOSEVELT,39.164304,-86.505792
2013,9,6,Weekday,100,2-Car,No injury,FAILURE TO YIELD RIGHT OF WAY,EAST THIRD ST & ROOSEVELT,39.164304,-86.505792
2013,9,2,Weekday,1200,2-Car,No injury,FOLLOWING TOO CLOSELY,EAST 3RD ST & ROOSEVELT,39.164304,-86.505792
2013,10,1,Weekend,1200,2-Car,No injury,FOLLOWING TOO CLOSELY,E 3RD ST & S ROOSEVELT,39.164304,-86.505792
2013,2,4,Weekday,1200,2-Car,No injury,FOLLOWING TOO CLOSELY,3RD ST & JEFFERSON,39.164304,-86.506992
2013,2,4,Weekday,1300,2-Car,No injury,FOLLOWING TOO CLOSELY,3RD ST & JEFFERSON,39.164304,-86.506992
2013,4,4,Weekday,300,1-Car,No injury,IMPROPER TURNING,E 3RD ST & JEFFERSON,39.164304,-86.506992
2013,8,3,Weekday,900,2-Car,No injury,UNSAFE BACKING,MAPLE ST & WEST 3RD,39.16429974,-86.54222019
2013,12,5,Weekday,900,2-Car,No injury,UNSAFE BACKING,EAST 3RD ST,39.16429505,-86.49985268
2013,2,3,Weekday,1500,Moped/Motorcycle,functional,OTHER (DRIVER) - EXPLAIN IN NARRATIVE,E 3RD ST & FESS,39.16428968,-86.52587444
2013,2,2,Weekday,1100,2-Car,No injury,FAILURE TO YIELD RIGHT OF WAY,FESS & THIRD ST,39.16428968,-86.52589174
2013,9,3,Weekday,1700,Cyclist,functional,IMPROPER LANE USAGE,HENDERSON & THIRD ST,39.16427777,-86.52588752
2013,7,4,Weekday,1100,2-Car,functional,UNSAFE LANE MOVEMENT,FESS & THIRD ST,39.1642777,-86.52587125
2013,5,2,Weekday,1600,2-Car,No injury,OTHER (DRIVER) - EXPLAIN IN NARRATIVE,S MADISON ST,39.16427589,-86.537296
2013,1,1,Weekday,1900,2-Car,No injury,FAILURE TO YIELD RIGHT OF WAY,JORDAN AVE & THIRD,39.16427532,-86.51640856
2013,1,2,Weekday,1500,Pedestrian,functional,PEDESTRIAN ACTION,JORDAN AVE & THIRD,39.16427532,-86.51640856
2013,6,3,Weekday,1700,2-Car,No injury,IMPROPER PASSING,JORDAN AVE & THIRD,39.16427532,-86.51640856
2013,7,4,Weekday,1200,2-Car,No injury,UNSAFE LANE MOVEMENT,JORDAN & THIRD ST,39.16427532,-86.51640856
2013,8,4,Weekday,1700,2-Car,No injury,UNSAFE BACKING,E JONES & JORDAN AVE,39.16427532,-86.51640856
2013,2,5,Weekday,1900,2-Car,functional,IMPROPER TURNING,BALLANTINE RD & THIRD,39.16427388,-86.5191192
2013,8,2,Weekday,1400,2-Car,No injury,UNSAFE LANE MOVEMENT,BALLANTINE RD & THIRD,39.16427388,-86.5191192
2013,7,2,Weekday,1300,2-Car,functional,IMPROPER LANE USAGE,SWAIN & THIRD ST,39.16427358,-86.51583434
2013,1,5,Weekday,1700,3+ Cars,No injury,UNSAFE LANE MOVEMENT,E THIRD ST & OVERHILL,39.164272,-86.501488
2013,3,6,Weekday,1000,2-Car,No injury,FAILURE TO YIELD RIGHT OF WAY,E 3RD ST & S OVERHILL,39.164272,-86.501488
2013,7,4,Weekday,700,2-Car,No injury,FAILURE TO YIELD RIGHT OF WAY,EAST THIRD ST & OVERHILL,39.164272,-86.501488
2013,6,7,Weekend,1100,2-Car,No injury,IMPROPER TURNING,E 3RD ST,39.164272,-86.50177208
2013,2,6,Weekday,1300,2-Car,No injury,UNSAFE BACKING,E 3RD ST,39.164272,-86.50199935
2013,9,3,Weekday,2200,2-Car,No injury,UNSAFE BACKING,W 3RD ST,39.164272,-86.50232131
2013,3,2,Weekday,1200,2-Car,No injury,FAILURE TO YIELD RIGHT OF WAY,3RD & SO WOODSCREST DR,39.164272,-86.502416
2013,3,4,Weekday,1200,2-Car,No injury,FOLLOWING TOO CLOSELY,3RD & WOODSCREST DR,39.164272,-86.502416
2013,4,6,Weekday,1000,2-Car,No injury,OTHER (DRIVER) - EXPLAIN IN NARRATIVE,3RD & WOODSCREST DR,39.164272,-86.502416
2013,6,4,Weekday,1000,2-Car,No injury,FOLLOWING TOO CLOSELY,3RD & SR46E,39.16427161,-86.47362489
2013,10,2,Weekday,0,2-Car,No injury,OTHER (DRIVER) - EXPLAIN IN NARRATIVE,MITCHELL ST & THIRD,39.16427137,-86.51420373
2013,3,4,Weekday,1200,2-Car,No injury,DISREGARD SIGNAL/REG SIGN,3RD ST & WOODSCREST,39.16427024,-86.50241017
2013,10,6,Weekday,1400,2-Car,No injury,FAILURE TO YIELD RIGHT OF WAY,E 3RD ST & S WOODSCREST,39.16427024,-86.50241882
2013,9,5,Weekday,700,2-Car,No injury,UNSAFE BACKING,3RD ST & ROOSEVELT,39.16427024,-86.50600969
2013,3,3,Weekday,1200,2-Car,No injury,FOLLOWING TOO CLOSELY,3RD ST & ROOSEVELT,39.16427024,-86.50601834
2013,7,6,Weekday,1800,3+ Cars,No injury,FOLLOWING TOO CLOSELY,3RD ST & JEFFERSON,39.16427024,-86.50710001
2013,9,7,Weekend,1900,2-Car,No injury,FOLLOWING TOO CLOSELY,3RD ST & JEFFERSON,39.16427024,-86.50710001
2013,10,5,Weekday,1500,2-Car,No injury,FOLLOWING TOO CLOSELY,3RD ST & JEFFERSON,39.16427024,-86.50710001
2013,8,5,Weekday,1200,2-Car,functional,FOLLOWING TOO CLOSELY,3RD ST & UNION,39.16427024,-86.50910027
2013,10,3,Weekday,2000,2-Car,No injury,FAILURE TO YIELD RIGHT OF WAY,3RD ST & UNION,39.16427024,-86.50910027
2013,11,3,Weekday,1800,2-Car,No injury,IMPROPER PASSING,3RD ST & UNION,39.16427024,-86.50910027
2013,1,7,Weekend,1000,2-Car,No injury,DISREGARD SIGNAL/REG SIGN,E 3RD ST & S ARBUTUS,39.16427024,-86.51217006
2013,5,6,Weekday,1600,2-Car,No injury,IMPROPER TURNING,3RD ST & ARBUTUS,39.16427024,-86.51217006
2013,8,4,Weekday,1300,2-Car,No injury,IMPROPER TURNING,EASTSIDE & THIRD ST,39.16427024,-86.51321008
2013,1,2,Weekday,700,2-Car,No injury,FOLLOWING TOO CLOSELY,3RD ST & HIGHLAND,39.16427024,-86.51772022
2013,3,2,Weekday,1300,2-Car,No injury,IMPROPER LANE USAGE,HIGHLAND & THIRD ST,39.16427024,-86.51772022
2013,8,6,Weekday,1300,2-Car,No injury,IMPROPER LANE USAGE,3RD ST & HIGHLAND,39.16427024,-86.51772022
2013,11,1,Weekend,1400,2-Car,No injury,IMPROPER TURNING,3RD ST & HIGHLAND,39.16427024,-86.51772022
2013,6,3,Weekday,1600,2-Car,No injury,FAILURE TO YIELD RIGHT OF WAY,3RD ST & HIGHLAND,39.16427024,-86.51772454
2013,10,6,Weekday,1100,2-Car,No injury,UNSAFE LANE MOVEMENT,3RD ST & HIGHLAND,39.16427024,-86.51772454
2013,1,3,Weekday,1000,2-Car,No injury,UNSAFE LANE MOVEMENT,BALLANTINE & EAST THIRD ST,39.16427024,-86.51912972
2013,3,3,Weekday,1700,2-Car,No injury,UNSAFE LANE MOVEMENT,3RD ST & BALLANTINE,39.16427024,-86.51912972
2013,6,3,Weekday,900,2-Car,No injury,IMPROPER LANE USAGE,3RD ST & BALLANTINE,39.16427024,-86.51912972
2013,10,3,Weekday,1200,2-Car,No injury,FOLLOWING TOO CLOSELY,3RD ST & BALLANTINE,39.16427024,-86.51912972
2013,11,5,Weekday,1800,2-Car,No injury,UNSAFE LANE MOVEMENT,3RD ST & BALLENTINE,39.16427024,-86.51912972
2013,6,6,Weekday,1100,2-Car,functional,UNSAFE SPEED,FACULTY & THIRD ST,39.16427024,-86.52104499
2013,9,3,Weekday,1700,2-Car,No injury,FOLLOWING TOO CLOSELY,3RD ST & FACULTY,39.16427024,-86.52104672
2013,2,7,Weekend,1100,2-Car,No injury,IMPROPER TURNING,SWAIN & THIRD ST,39.16426988,-86.51527565
2013,2,6,Weekday,1500,2-Car,functional,FAILURE TO YIELD RIGHT OF WAY,SWAIN AVE & THIRD,39.16426988,-86.51527565
2013,8,7,Weekend,1800,2-Car,No injury,IMPROPER TURNING,SWAIN & THIRD ST,39.16426988,-86.51527565
2013,8,7,Weekend,1900,2-Car,No injury,IMPROPER TURNING,SWAIN AVE & THIRD,39.16426988,-86.51527565
2013,7,6,Weekend,1900,2-Car,No injury,UNSAFE LANE MOVEMENT,SWAIN & THIRD ST,39.16426988,-86.51527565
2013,1,5,Weekday,500,1-Car,No injury,RAN OFF ROAD RIGHT,ARBUTUS & SR46E,39.16426849,-86.51208237
2013,4,2,Weekday,1400,2-Car,No injury,UNSAFE LANE MOVEMENT,3RD ST & FESS,39.16426449,-86.5226336
2013,7,7,Weekend,2000,2-Car,No injury,IMPROPER TURNING,THIRD & WOODLAWN AVE,39.16426449,-86.5226336
2013,10,5,Weekday,2100,2-Car,No injury,FAILURE TO YIELD RIGHT OF WAY,THIRD ST & UNION,39.16426449,-86.50938642
2013,4,5,Weekday,2000,2-Car,No injury,FOLLOWING TOO CLOSELY,CLIFTON AVE & THIRD,39.16426413,-86.50969852
2013,7,2,Weekday,1900,2-Car,No injury,IMPROPER TURNING,HIGHLAND AVE & THIRD,39.16426229,-86.51775641
2013,9,6,Weekday,1600,2-Car,No injury,IMPROPER TURNING,HIGHLAND & THIRD ST,39.16426229,-86.51775641
2013,9,2,Weekday,1200,2-Car,No injury,UNSAFE BACKING,E 3RD ST,39.16426048,-86.50037632
2013,2,6,Weekday,1000,2-Car,functional,FOLLOWING TOO CLOSELY,3RD ST & OVERHILL,39.16426018,-86.50164976
2013,1,1,Weekend,1300,2-Car,No injury,UNSAFE LANE MOVEMENT,3RD ST & JORDAN,39.16426018,-86.5163999
2013,1,2,Weekday,1200,2-Car,functional,FAILURE TO YIELD RIGHT OF WAY,3RD ST & JORDAN,39.16426018,-86.5163999
2013,3,4,Weekday,2200,2-Car,No injury,IMPROPER PASSING,3RD & JORDAN AVE,39.16426018,-86.5163999
2013,7,6,Weekday,1300,2-Car,No injury,IMPROPER LANE USAGE,EAST 3RD ST & JORDAN,39.16426018,-86.5163999
2013,7,4,Weekday,1200,2-Car,No injury,DISREGARD SIGNAL/REG SIGN,JORDAN & THIRD ST,39.16426018,-86.5163999
2013,7,5,Weekday,1500,2-Car,No injury,DISREGARD SIGNAL/REG SIGN,3RD ST & JORDAN,39.16426018,-86.5163999
2013,9,5,Weekday,1600,2-Car,No injury,UNSAFE LANE MOVEMENT,3RD ST & JORDAN,39.16426018,-86.5163999
2013,10,5,Weekday,900,Bus,No injury,FOLLOWING TOO CLOSELY,3RD ST & JORDAN,39.16426018,-86.5163999
2013,11,7,Weekend,1300,Cyclist,functional,PEDESTRIAN ACTION,3RD & JORDAN AVE,39.16426018,-86.5163999
2013,11,4,Weekday,1000,2-Car,No injury,UNSAFE SPEED,EAST 3RD ST & JORDAN,39.16426018,-86.51640639
2013,10,3,Weekday,1500,2-Car,No injury,UNSAFE BACKING,E 3RD ST,39.16425856,-86.50019104
2013,11,2,Weekday,1600,2-Car,functional,FOLLOWING TOO CLOSELY,SR37N,39.16425751,-86.57243729
2013,12,6,Weekday,1000,1-Car,No injury,DRIVER DISTRACTED - EXPLAIN IN NARRATIVE,E 3RD ST,39.16425344,-86.49969696
2013,8,5,Weekday,900,2-Car,No injury,UNSAFE LANE MOVEMENT,FACULTY & THIRD ST,39.16425212,-86.52107176
2013,12,6,Weekday,1600,2-Car,No injury,IMPROPER TURNING,FACULTY AVE & THIRD,39.16425212,-86.52107176
2013,8,1,Weekend,1600,2-Car,No injury,UNSAFE LANE MOVEMENT,3RD ST & SR446S,39.16425012,-86.47205024
2013,10,3,Weekday,1100,2-Car,No injury,UNSAFE LANE MOVEMENT,MITCHELL & THIRD ST,39.16425012,-86.51422134
2013,3,1,Weekend,600,1-Car,No injury,WRONG WAY ON ONE WAY,MITCHELL & THIRD ST,39.16425012,-86.51422999
2013,3,7,Weekend,1100,2-Car,No injury,FAILURE TO YIELD RIGHT OF WAY,3RD ST & SWAIN,39.16425012,-86.51525131
2013,2,2,Weekday,1200,2-Car,No injury,IMPROPER LANE USAGE,3RD ST & SWAIN,39.16425012,-86.51525996
2013,2,6,Weekday,1100,2-Car,No injury,IMPROPER LANE USAGE,3RD ST & SWAIN,39.16425012,-86.51525996
2013,4,6,Weekday,1300,2-Car,No injury,IMPROPER LANE USAGE,3RD ST & SWAIN,39.16425012,-86.51525996
2013,6,1,Weekday,2000,2-Car,No injury,IMPROPER LANE USAGE,3RD ST & SWAIN,39.16425012,-86.51525996
2013,5,4,Weekday,800,2-Car,No injury,IMPROPER TURNING,EAST 3RD ST & SWAIN,39.16425012,-86.51525996
2013,6,2,Weekday,2000,2-Car,No injury,UNSAFE LANE MOVEMENT,3RD ST & SWAIN,39.16425012,-86.51525996
2013,8,2,Weekday,1700,2-Car,No injury,UNSAFE LANE MOVEMENT,3RD ST & SWAIN,39.16425012,-86.51525996
2013,8,3,Weekday,1900,2-Car,No injury,UNSAFE LANE MOVEMENT,3RD ST & SWAIN,39.16425012,-86.51525996
2013,8,3,Weekday,1900,2-Car,No injury,IMPROPER TURNING,3RD ST & SWAIN,39.16425012,-86.51525996
2013,8,6,Weekday,1200,2-Car,No injury,IMPROPER LANE USAGE,3RD ST & SWAIN,39.16425012,-86.51525996
2013,9,5,Weekday,1900,3+ Cars,No injury,UNSAFE LANE MOVEMENT,3RD ST & SWAIN,39.16425012,-86.51525996
2013,10,4,Weekday,1700,Pedestrian,functional,IMPROPER TURNING,3RD ST & SWAIN,39.16425012,-86.51525996
2013,1,4,Weekday,1500,2-Car,No injury,UNSAFE LANE MOVEMENT,HAWTHORNE & THIRD ST,39.16425012,-86.52008995
2013,3,5,Weekday,1600,2-Car,No injury,UNSAFE LANE MOVEMENT,E 3RD ST & S HAWTHORNE,39.16425012,-86.52008995
2013,4,3,Weekday,1200,1-Car,No injury,UNSAFE BACKING,HAWTHORNE & THIRD ST,39.16425012,-86.52008995
2013,9,6,Weekday,800,2-Car,No injury,FOLLOWING TOO CLOSELY,3RD ST & HAWTHORNE,39.16425012,-86.52008995
2013,4,1,Weekend,1500,2-Car,functional,FOLLOWING TOO CLOSELY,3RD ST & WOODLAWN,39.16425012,-86.52257668
2013,1,6,Weekday,1500,2-Car,No injury,FOLLOWING TOO CLOSELY,3RD ST & WOODLAWN,39.16425012,-86.52261994
2013,9,3,Weekday,1900,2-Car,No injury,FOLLOWING TOO CLOSELY,3RD ST & WOODLAWN,39.16425012,-86.52261994
2013,9,6,Weekday,1400,2-Car,No injury,FOLLOWING TOO CLOSELY,3RD ST & WOODLAWN,39.16425012,-86.52261994
2013,8,5,Weekday,2300,1-Car,No injury,ANIMAL/OBJECT IN ROADWAY,PARK SQUARE & SR48W,39.16424942,-86.59249774
2013,10,5,Weekday,1500,2-Car,No injury,FOLLOWING TOO CLOSELY,PARK SQUARE & SR48W,39.16424942,-86.5925064
2013,10,5,Weekday,1500,Pedestrian,functional,DRIVER DISTRACTED - EXPLAIN IN NARRATIVE,PARK SQUARE & SR48W,39.16424942,-86.5925064
2013,7,2,Weekday,1100,Pedestrian,functional,PEDESTRIAN ACTION,CLARIZZ BLVD & EAST THIRD,39.16424087,-86.49102688
2013,6,6,Weekday,1300,2-Car,No injury,FAILURE TO YIELD RIGHT OF WAY,3RD ST & COLLEGE MALL,39.16424006,-86.49820098
2013,3,4,Weekday,1600,2-Car,No injury,FAILURE TO YIELD RIGHT OF WAY,3RD ST & COLLEGE MALL,39.16424006,-86.49827018
2013,4,3,Weekday,2200,2-Car,No injury,FOLLOWING TOO CLOSELY,3RD & COLLEGE MALL RD,39.16424006,-86.49827018
2013,6,4,Weekday,2000,2-Car,No injury,UNSAFE BACKING,SR46S & THIRD,39.16424006,-86.49827018
2013,5,5,Weekday,100,2-Car,No injury,FOLLOWING TOO CLOSELY,COLLEGE MALL & THIRD ST,39.16424006,-86.49828056
2013,3,2,Weekday,1500,2-Car,No injury,FAILURE TO YIELD RIGHT OF WAY,E 3RD ST & PARK RIDGE,39.16424001,-86.47786005
2013,9,2,Weekday,800,2-Car,No injury,FOLLOWING TOO CLOSELY,3RD ST & MEADOWBROOK,39.16424001,-86.48473681
2013,5,5,Weekday,1600,2-Car,functional,FOLLOWING TOO CLOSELY,3900 BLK E 3RD ST & SMITH,39.16424,-86.47857115
2013,2,4,Weekday,800,2-Car,No injury,SPEED TOO FAST FOR WEATHER CONDITIONS,EAST THIRD ST & SR46,39.16424,-86.473296
2013,3,7,Weekend,1000,2-Car,No injury,UNSAFE LANE MOVEMENT,E 3RD ST & MORNINGSIDE,39.16424,-86.473696
2013,5,6,Weekday,1200,2-Car,No injury,FOLLOWING TOO CLOSELY,E 3RD ST & MORNINGSIDE,39.16424,-86.473696
2013,6,3,Weekday,1900,2-Car,No injury,DRIVER DISTRACTED - EXPLAIN IN NARRATIVE,E 3RD ST & MORNINGSIDE,39.16424,-86.473696
2013,9,5,Weekday,800,3+ Cars,functional,FOLLOWING TOO CLOSELY,E 3RD ST & MORNINGSIDE,39.16424,-86.473696
2013,6,6,Weekday,200,2-Car,No injury,DISREGARD SIGNAL/REG SIGN,3RD ST & PARK RIDGE,39.16424,-86.476096
2013,4,4,Weekday,1100,2-Car,No injury,FAILURE TO YIELD RIGHT OF WAY,E 3RD ST & PARK RIDGE,39.16424,-86.476096
2013,6,2,Weekday,1300,2-Car,No injury,FAILURE TO YIELD RIGHT OF WAY,E 3RD ST & PARK RIDGE,39.16424,-86.476096
2013,10,3,Weekday,1600,2-Car,No injury,SPEED TOO FAST FOR WEATHER CONDITIONS,EAST 3RD ST & SMITH,39.16424,-86.47962957
2013,5,2,Weekday,1500,1-Car,No injury,RAN OFF ROAD RIGHT,WEST 3RD ST,39.16424,-86.48057698
2013,1,5,Weekday,1800,2-Car,No injury,IMPROPER LANE USAGE,EAST 3RD ST & SMITH,39.16424,-86.480688
2013,3,6,Weekday,1700,3+ Cars,No injury,OTHER (DRIVER) - EXPLAIN IN NARRATIVE,EAST THIRD ST & NORTH SMITH,39.16424,-86.480688
2013,3,7,Weekend,900,1-Car,No injury,LEFT OF CENTER,SMITHVILLE RD & SR37,39.16424,-86.480688
2013,5,4,Weekday,500,2-Car,No injury,DRIVER ASLEEP OR FATIGUED,SMITHVILLE & SR37S,39.16424,-86.480688
2013,5,6,Weekday,1200,2-Car,functional,BRAKE FAILURE OR DEFECTIVE,3RD & N SMITH RD,39.16424,-86.480688
2013,9,2,Weekday,1400,1-Car,functional,DRIVER ILLNESS,SMITHVILLE & SR37S,39.16424,-86.480688
2013,12,4,Weekday,2100,2-Car,functional,FOLLOWING TOO CLOSELY,3RD & SMITH RD,39.16424,-86.480688
2013,7,2,Weekday,1800,3+ Cars,No injury,LEFT OF CENTER,E SMITHVILLE RD,39.16424,-86.4812
2013,1,2,Weekday,1200,2-Car,No injury,UNSAFE BACKING,WEST 3RD ST,39.16424,-86.48955556
2013,11,1,Weekend,1300,1-Car,No injury,UNSAFE BACKING,WEST 3RD ST,39.16424,-86.4903102
2013,1,1,Weekday,1900,2-Car,No injury,FAILURE TO YIELD RIGHT OF WAY,3RD & S CLARIZZ BLVD,39.16424,-86.4908
2013,6,6,Weekday,1200,2-Car,functional,FAILURE TO YIELD RIGHT OF WAY,E3RD & SO CLARIZZ BLVD,39.16424,-86.4908
2013,12,6,Weekday,900,2-Car,functional,FOLLOWING TOO CLOSELY,3RD ST & CLARIZZ,39.16424,-86.4908
2013,6,6,Weekday,800,2-Car,No injury,UNSAFE BACKING,E 3RD ST,39.16424,-86.49250645
2013,10,5,Weekday,1600,2-Car,No injury,FAILURE TO YIELD RIGHT OF WAY,E 3RD ST,39.16424,-86.49250645
2013,5,5,Weekday,1600,1-Car,No injury,UNSAFE BACKING,E 3RD ST,39.16424,-86.49259396
2013,4,4,Weekday,1200,2-Car,No injury,DRIVER DISTRACTED - EXPLAIN IN NARRATIVE,3200 E THIRD ST & KINGSTON,39.16424,-86.492944
2013,2,7,Weekend,1600,2-Car,No injury,FAILURE TO YIELD RIGHT OF WAY,E 3RD & S KINGSTON DR,39.16424,-86.492944
2013,3,4,Weekday,300,1-Car,No injury,RAN OFF ROAD RIGHT,E THIRD ST & KINGSTON,39.16424,-86.492944
2013,5,5,Weekday,1000,Pedestrian,functional,FAILURE TO YIELD RIGHT OF WAY,E 3RD ST & SOUTH KINGSTON,39.16424,-86.492944
2013,9,7,Weekend,1300,2-Car,functional,FOLLOWING TOO CLOSELY,3RD ST & KINGSTON,39.16424,-86.492944
2013,9,6,Weekday,1300,3+ Cars,No injury,UNSAFE SPEED,E 3RD ST & KINGSTON,39.16424,-86.492944
2013,10,4,Weekday,1500,2-Car,functional,FAILURE TO YIELD RIGHT OF WAY,E 3RD ST & KINGSTON,39.16424,-86.492944
2013,6,6,Weekday,1300,2-Car,No injury,OTHER (DRIVER) - EXPLAIN IN NARRATIVE,W 3RD ST,39.16424,-86.49307941
2013,9,4,Weekday,1000,2-Car,No injury,OTHER (DRIVER) - EXPLAIN IN NARRATIVE,W 3RD ST,39.16424,-86.49307941
2013,2,6,Weekend,2100,1-Car,No injury,UNSAFE BACKING,E 3RD ST,39.16424,-86.49368135
2013,6,7,Weekend,2200,2-Car,No injury,IMPROPER TURNING,E 3RD ST,39.16424,-86.4939483
2013,2,6,Weekday,1300,2-Car,No injury,UNSAFE BACKING,E 3RD ST,39.16424,-86.49406114
2013,4,2,Weekday,1300,2-Car,No injury,IMPROPER TURNING,E 3RD ST,39.16424,-86.49425989
2013,4,7,Weekend,1000,2-Car,No injury,UNSAFE BACKING,E 3RD ST,39.16424,-86.49425989
2013,5,5,Weekday,1200,2-Car,No injury,UNSAFE BACKING,E 3RD ST,39.16424,-86.49425989
2013,7,5,Weekday,1600,2-Car,No injury,UNSAFE BACKING,E 3RD ST,39.16424,-86.49425989
2013,9,6,Weekday,1100,2-Car,No injury,UNSAFE BACKING,E 3RD ST,39.16424,-86.49425989
2013,7,5,Weekday,2100,1-Car,No injury,UNSAFE BACKING,E 3RD ST,39.16424,-86.49462535
2013,3,1,Weekday,2000,2-Car,functional,DISREGARD SIGNAL/REG SIGN,3RD ST & PETE ELLIS,39.16424,-86.495088
2013,8,5,Weekday,1100,2-Car,functional,FAILURE TO YIELD RIGHT OF WAY,E 3RD ST & PETE ELLIS,39.16424,-86.495088
2013,8,7,Weekend,1300,2-Car,No injury,FAILURE TO YIELD RIGHT OF WAY,E 3RD ST & PETE ELLIS,39.16424,-86.495088
2013,10,2,Weekday,1100,2-Car,No injury,FAILURE TO YIELD RIGHT OF WAY,E THIRD ST & PETE ELLIS,39.16424,-86.495088
2013,12,5,Weekday,1500,2-Car,No injury,FOLLOWING TOO CLOSELY,3RD ST & PETE ELLIS,39.16424,-86.495088
2013,2,6,Weekday,1200,2-Car,No injury,FOLLOWING TOO CLOSELY,3RD & S COLLEGE MALL RD,39.16424,-86.4984
2013,1,7,Weekend,900,2-Car,No injury,FAILURE TO YIELD RIGHT OF WAY,COLLEGE MALL RD & E 3RD,39.16424,-86.4984
2013,1,6,Weekday,1200,2-Car,No injury,DISREGARD SIGNAL/REG SIGN,3RD ST & COLLEGE MALL,39.16424,-86.4984
2013,2,7,Weekend,2000,2-Car,No injury,IMPROPER TURNING,E 3RD ST,39.16424,-86.4984
2013,4,7,Weekend,1100,2-Car,No injury,UNSAFE BACKING,E 3RD ST,39.16424,-86.4984
2013,4,1,Weekend,1500,2-Car,No injury,UNSAFE LANE MOVEMENT,3RD ST & COLLEGE MALL,39.16424,-86.4984
2013,2,3,Weekday,1900,2-Car,functional,LEFT OF CENTER,3RD & COLLEGE MALL RD,39.16424,-86.4984
2013,6,3,Weekday,1200,2-Car,No injury,FAILURE TO YIELD RIGHT OF WAY,3RD & COLLEGE MALL RD,39.16424,-86.4984
2013,4,2,Weekday,2300,2-Car,functional,FOLLOWING TOO CLOSELY,EAST 3RD ST & SOUTH COLLEGE MALL,39.16424,-86.4984
2013,4,7,Weekend,1400,2-Car,No injury,FAILURE TO YIELD RIGHT OF WAY,E 3RD ST & S COLLEGE MALL,39.16424,-86.4984
2013,4,7,Weekend,1800,2-Car,No injury,FOLLOWING TOO CLOSELY,3RD & SOUTH COLLEGE MALL RD,39.16424,-86.4984
2013,5,3,Weekday,1200,2-Car,No injury,OTHER (DRIVER) - EXPLAIN IN NARRATIVE,COLLEGE MALL & EAST THIRD ST,39.16424,-86.4984
2013,6,6,Weekday,1800,2-Car,No injury,FAILURE TO YIELD RIGHT OF WAY,3RD ST & COLLEGE MALL,39.16424,-86.4984
2013,7,1,Weekday,1900,2-Car,No injury,IMPROPER TURNING,3RD ST & COLLEGE MALL,39.16424,-86.4984
2013,8,1,Weekend,1200,3+ Cars,No injury,FOLLOWING TOO CLOSELY,E 3RD & S COLLEGE MALL RD,39.16424,-86.4984
2013,12,1,Weekend,1800,2-Car,No injury,FOLLOWING TOO CLOSELY,3RD & S COLLEGE MALL RD,39.16424,-86.4984
2013,12,3,Weekday,1400,2-Car,functional,OTHER (DRIVER) - EXPLAIN IN NARRATIVE,3RD ST & COLLEGE MALL,39.16424,-86.4984
2013,1,5,Weekday,800,2-Car,No injury,OTHER (DRIVER) - EXPLAIN IN NARRATIVE,EAST THIRD ST & SWAIN,39.16424,-86.5152
2013,2,7,Weekend,1300,2-Car,No injury,UNSAFE BACKING,EAST 3RD ST,39.16424,-86.51605714
2013,10,2,Weekday,2100,2-Car,No injury,UNSAFE BACKING,EAST 3RD ST,39.16424,-86.51605714
2013,6,2,Weekday,1800,1-Car,No injury,OTHER (DRIVER) - EXPLAIN IN NARRATIVE,E 3RD ST,39.16424,-86.51757551
2013,5,1,Weekend,1600,2-Car,No injury,FOLLOWING TOO CLOSELY,3RD ST & HIGHLAND,39.16424,-86.5176
2013,2,2,Weekday,1400,2-Car,No injury,OTHER (DRIVER) - EXPLAIN IN NARRATIVE,E 3RD ST,39.16423861,-86.49522852
2013,4,5,Weekday,1200,1-Car,No injury,RAN OFF ROAD RIGHT,E 3RD ST,39.16423861,-86.49522852
2013,5,2,Weekday,1500,2-Car,No injury,FAILURE TO YIELD RIGHT OF WAY,E 3RD ST,39.16423861,-86.49522852
2013,5,2,Weekday,800,1-Car,No injury,OTHER (DRIVER) - EXPLAIN IN NARRATIVE,EAST THIRD ST,39.16423604,-86.52510769