Year,Month,Day,Weekend?,Hour,Collision Type,Injury Type,Primary Factor,Reported_Location,Latitude,Longitude
2013,6,3,Weekday,1900,2-Car,No injury,OTHER (DRIVER) - EXPLAIN IN NARRATIVE,HIGHLAND AVE,39.14185333,-86.51425933
2013,5,1,Weekend,1600,1-Car,No injury,SPEED TOO FAST FOR WEATHER CONDITIONS,WAPEHANI & WEIMER RD,39.14178403,-86.56204368
2013,9,4,Weekday,1300,2-Car,No injury,OTHER (DRIVER) - EXPLAIN IN NARRATIVE,LINCOLN ST & SMITH,39.14168196,-86.53117015
2013,12,4,Weekday,2100,1-Car,No injury,SPEED TOO FAST FOR WEATHER CONDITIONS,S GARRISON CHAPEL RD & W SPICER,39.141648,-86.6428
2013,10,2,Weekday,1800,3+ Cars,No injury,FOLLOWING TOO CLOSELY,LEONARD SPRINGS & SR45W,39.14145928,-86.58418054
2013,1,5,Weekday,1900,1-Car,No injury,SPEED TOO FAST FOR WEATHER CONDITIONS,COOLIDGE & ROCKPORT RD,39.14144,-86.543632
2013,9,2,Weekday,1100,2-Car,No injury,OTHER (DRIVER) - EXPLAIN IN NARRATIVE,COOLIDGE & ROCKPORT RD,39.14144,-86.543632
2013,2,1,Weekend,1700,2-Car,No injury,UNSAFE BACKING,LEONARD SPRINGS RD & SR45,39.14141588,-86.58260737
2013,1,3,Weekday,1400,2-Car,functional,FAILURE TO YIELD RIGHT OF WAY,COOLIDGE & ROCKPORT RD,39.14137021,-86.54383018
2013,8,3,Weekday,800,1-Car,No injury,RAN OFF ROAD RIGHT,ROCKEAST & ROCKPORT RD,39.14135716,-86.61335974
2013,8,6,Weekday,1700,2-Car,No injury,FOLLOWING TOO CLOSELY,S WALNUT ST & SOUTH,39.14124404,-86.53086088
2013,10,7,Weekend,1500,Moped/Motorcycle,No injury,OTHER (DRIVER) - EXPLAIN IN NARRATIVE,S LEONARD SPRINGS RD,39.14107513,-86.58297729
2013,10,5,Weekday,1500,2-Car,No injury,UNSAFE BACKING,2510 SOUTH LEONARD SPRINGS RD,39.141075,-86.582977
2013,2,1,Weekday,2300,2-Car,No injury,OTHER (DRIVER) - EXPLAIN IN NARRATIVE,ROCKPORT RD,39.14097525,-86.54427073
2013,10,2,Weekday,500,1-Car,No injury,RAN OFF ROAD RIGHT,ADAMS & COUNTRYSIDE LN,39.14096989,-86.55616722
2013,2,3,Weekday,800,2-Car,No injury,OTHER (DRIVER) - EXPLAIN IN NARRATIVE,ADDISYN LN,39.14090484,-86.55673161
2013,11,2,Weekday,1400,2-Car,No injury,IMPROPER TURNING,HICKORY LEAF & SR45W,39.14070129,-86.57745258
2013,6,3,Weekday,1900,2-Car,No injury,UNSAFE BACKING,ENDWRIGHT & W KARST FARM PARK DR,39.14064658,-86.59822121
2013,3,4,Weekday,900,2-Car,functional,SPEED TOO FAST FOR WEATHER CONDITIONS,CROSSOVER & SR37S,39.14029095,-86.51947021
2013,10,6,Weekday,1200,2-Car,No injury,SPEED TOO FAST FOR WEATHER CONDITIONS,GRAHAM & ROCKPORT RD,39.140144,-86.54496
2013,4,6,Weekday,400,1-Car,functional,RAN OFF ROAD RIGHT,SR45W,39.14012146,-86.58942413
2013,10,6,Weekday,1600,2-Car,functional,UNSAFE BACKING,E GRAHAM PL,39.13993763,-86.53889208
2013,2,2,Weekday,0,2-Car,No injury,OTHER (DRIVER) - EXPLAIN IN NARRATIVE,EAST GRAHAM DR,39.13992882,-86.53865404
2013,5,5,Weekday,1200,2-Car,functional,FAILURE TO YIELD RIGHT OF WAY,GRAHAM & S ROGERS ST,39.13992,-86.538416
2013,11,2,Weekday,700,2-Car,No injury,UNSAFE LANE MOVEMENT,SR37S & TAPP,39.13978646,-86.57292991
2013,5,6,Weekend,1900,2-Car,No injury,UNSAFE BACKING,GRAHAM & WINSLOW CT,39.1395101,-86.52417026
2013,7,1,Weekend,1700,1-Car,functional,RAN OFF ROAD RIGHT,FOSTER CURRY & KIRBY RD,39.13950004,-86.61024972
2013,4,5,Weekday,1700,2-Car,functional,OTHER (ENVIRONMENTAL) - EXPLAIN IN NARR,EAST GRAHM & SOUTH HENDERSON ST,39.13943969,-86.52692019
2013,10,3,Weekday,800,Bus,No injury,UNSAFE BACKING,RALSTON & S ROCKPORT RD,39.13874792,-86.54637094
2013,2,5,Weekday,1300,2-Car,No injury,FAILURE TO YIELD RIGHT OF WAY,OLD SR 37 HWY,39.138688,-86.465968
2013,4,2,Weekday,1700,2-Car,No injury,UNSAFE BACKING,SOUTH OLD STATE ROAD 37 HWY,39.138688,-86.465968
2013,9,3,Weekday,1800,2-Car,No injury,IMPROPER TURNING,SOUTH OLD STATE ROAD 37 HWY,39.138688,-86.465968
2013,10,7,Weekend,1300,2-Car,No injury,FAILURE TO YIELD RIGHT OF WAY,OLD SR 37 RD,39.138688,-86.465968
2013,10,1,Weekend,400,2-Car,No injury,IMPROPER TURNING,SOUTH OLD ST RD 37 HWY,39.138688,-86.465968
2013,12,6,Weekday,1400,2-Car,No injury,FAILURE TO YIELD RIGHT OF WAY,DAVID & SOUTH SARE RD,39.13856998,-86.4965301
2013,7,6,Weekday,1700,1-Car,No injury,UNSAFE SPEED,S FAIRFAX RD & SCHACHT,39.13856632,-86.52378
2013,1,6,Weekday,1700,2-Car,functional,OTHER (DRIVER) - EXPLAIN IN NARRATIVE,AIRPORT & SR45W,39.13851891,-86.59099291
2013,11,6,Weekday,1700,2-Car,functional,FOLLOWING TOO CLOSELY,AIRPORT & SR45W,39.13851891,-86.59099291
2013,7,5,Weekday,1700,2-Car,No injury,FOLLOWING TOO CLOSELY,SR37S & TAPP,39.13841323,-86.57291295
2013,5,2,Weekday,2200,Bus,No injury,UNSAFE BACKING,S LEONARD SPRINGS RD & STAPLETON,39.138336,-86.582528
2013,10,3,Weekday,1900,3+ Cars,No injury,BRAKE FAILURE OR DEFECTIVE,S LEONARD SPRINGS RD & W STAPLETON,39.138336,-86.582528
2013,4,4,Weekday,1600,2-Car,functional,FOLLOWING TOO CLOSELY,LEONARD SPRINGS RD & STAPLETON,39.13824007,-86.58261023
2013,3,3,Weekday,2200,1-Car,No injury,RAN OFF ROAD RIGHT,S LEONARD SPRINGS RD,39.13810261,-86.58266656
2013,6,7,Weekend,1100,2-Car,No injury,UNSAFE BACKING,S HENDERSON ST,39.13782881,-86.52677815
2013,12,4,Weekday,1700,2-Car,No injury,UNSAFE BACKING,S WINSLOW CT,39.13781257,-86.52400286
2013,4,2,Weekday,1300,2-Car,No injury,UNSAFE BACKING,S WALNUT ST,39.137744,-86.530288
2013,2,3,Weekday,1500,2-Car,No injury,UNSAFE BACKING,S HENDERSON ST,39.13761511,-86.52683705
2013,7,6,Weekday,1400,2-Car,No injury,FAILURE TO YIELD RIGHT OF WAY,SR37S & TAPP,39.13758929,-86.57290278
2013,8,7,Weekend,1800,2-Car,No injury,UNSAFE BACKING,S WALNUT ST,39.137392,-86.529936
2013,7,4,Weekday,1100,2-Car,No injury,UNSAFE BACKING,E CARDINAL GLEN DR,39.137248,-86.512096
2013,12,3,Weekday,1600,3+ Cars,No injury,FOLLOWING TOO CLOSELY,E WEXLEY & S HIGH ST,39.137168,-86.508112
2013,7,5,Weekday,1300,2-Car,functional,FAILURE TO YIELD RIGHT OF WAY,MADISON & WATSON ST,39.13711019,-86.53723999
2013,7,2,Weekday,700,2-Car,No injury,FAILURE TO YIELD RIGHT OF WAY,S OLD STATE ROAD 37 RD,39.137088,-86.53056
2013,7,2,Weekday,1900,1-Car,No injury,UNSAFE BACKING,S OLD STATE ROAD 37 HWY,39.137088,-86.53056
2013,1,4,Weekday,700,2-Car,No injury,UNSAFE SPEED,SR37 & W TAPP,39.13704451,-86.57289716
2013,11,3,Weekday,700,1-Car,functional,RAN OFF ROAD RIGHT,AIRPORT RD & GARRISON CHAPEL,39.13704003,-86.63569027
2013,5,2,Weekday,1700,2-Car,No injury,FOLLOWING TOO CLOSELY,RAYLE & WEST TAPP RD,39.13704001,-86.57785668
2013,1,6,Weekday,800,1-Car,No injury,OTHER (DRIVER) - EXPLAIN IN NARRATIVE,SR37N & TAPP,39.13704,-86.572896
2013,2,4,Weekday,1900,2-Car,No injury,FAILURE TO YIELD RIGHT OF WAY,SR37S & TAPP,39.13704,-86.572896
2013,4,7,Weekend,1600,2-Car,No injury,FOLLOWING TOO CLOSELY,SR37S & TAPP,39.13704,-86.572896
2013,2,4,Weekday,1800,3+ Cars,No injury,FAILURE TO YIELD RIGHT OF WAY,SR37N & TAPP,39.13704,-86.572896
2013,3,6,Weekday,1400,2-Car,No injury,FOLLOWING TOO CLOSELY,SR37S & TAPP RD,39.13704,-86.572896
2013,7,5,Weekday,1300,3+ Cars,No injury,DRIVER ILLNESS,SR37S & W TAPP,39.13704,-86.572896
2013,11,3,Weekday,1700,2-Car,No injury,FOLLOWING TOO CLOSELY,SR37S & W TAPP RD,39.13704,-86.572896
2013,12,3,Weekday,800,2-Car,No injury,FOLLOWING TOO CLOSELY,SR37S & W TAPP,39.13704,-86.572896
2013,3,5,Weekday,700,2-Car,No injury,FOLLOWING TOO CLOSELY,TAPP RD & YONKERS,39.13704,-86.575296
2013,10,7,Weekend,2000,2-Car,functional,SPEED TOO FAST FOR WEATHER CONDITIONS,RAYLE & W TAPP RD,39.13704,-86.577504
2013,7,5,Weekday,1900,Pedestrian,functional,PEDESTRIAN ACTION,S LEONARD & W TAPP RD,39.13704,-86.582512
2013,6,5,Weekday,1300,2-Car,No injury,FAILURE TO YIELD RIGHT OF WAY,AIRPORT & GARRISON CHAPEL ROAD RD,39.13704,-86.642832
2013,12,6,Weekday,1700,1-Car,No injury,OTHER (ENVIRONMENTAL) - EXPLAIN IN NARR,AIRPORT RD & GARRISON CHAPEL RD RD,39.13704,-86.642832
2013,10,6,Weekday,1800,1-Car,No injury,ANIMAL/OBJECT IN ROADWAY,AIRPORT RD & GARRISON CHAPEL,39.13702972,-86.64313905
2013,5,1,Weekday,1900,1-Car,No injury,RAN OFF ROAD RIGHT,S CAVE & WEST AIRPORT RD,39.13688,-86.628768
2013,10,4,Weekday,600,1-Car,No injury,ANIMAL/OBJECT IN ROADWAY,AIRPORT RD & ENDWRIGHT,39.13685005,-86.59675267
2013,7,3,Weekday,700,2-Car,No injury,FAILURE TO YIELD RIGHT OF WAY,AIRPORT RD & BUNGER,39.136848,-86.606
2013,6,6,Weekday,900,1-Car,No injury,ANIMAL/OBJECT IN ROADWAY,AIRPORT RD & KIRBY,39.136848,-86.610192
2013,10,1,Weekend,500,1-Car,No injury,RAN OFF ROAD RIGHT,AIRPORT & KIRBY RD,39.136848,-86.610192
2013,4,2,Weekday,1700,2-Car,No injury,FOLLOWING TOO CLOSELY,LEONARD SPRINGS RD & TAPP,39.1368299,-86.58261023
2013,12,3,Weekday,800,2-Car,No injury,FAILURE TO YIELD RIGHT OF WAY,LEONARD SPRINGS & TAPP RD,39.1368299,-86.58261023
2013,5,7,Weekend,2200,1-Car,No injury,DISREGARD SIGNAL/REG SIGN,AIRPORT & KIRBY RD,39.13681984,-86.61025978
2013,1,3,Weekday,1200,2-Car,No injury,FAILURE TO YIELD RIGHT OF WAY,SR37S & TAPP,39.1368103,-86.5819931
2013,3,2,Weekday,1400,2-Car,No injury,FOLLOWING TOO CLOSELY,SR37S & TAPP,39.1368103,-86.5819931
2013,4,6,Weekday,1700,2-Car,No injury,OTHER (DRIVER) - EXPLAIN IN NARRATIVE,RAYLE PL & TAPP,39.13679972,-86.57776013
2013,7,4,Weekday,1400,2-Car,No injury,UNSAFE LANE MOVEMENT,WALNUT ST & WINSLOW,39.13679409,-86.52933809
2013,3,3,Weekday,1700,2-Car,functional,IMPROPER TURNING,LEONARD SPRINGS & TAPP RD,39.13679128,-86.58261363
2013,5,5,Weekday,1600,2-Car,No injury,DRIVER DISTRACTED - EXPLAIN IN NARRATIVE,AIRPORT & SR45,39.13678957,-86.59378836
2013,10,1,Weekend,1700,2-Car,functional,UNSAFE SPEED,AIRPORT RD & BUNGER,39.13678787,-86.60604346
2013,1,5,Weekday,700,2-Car,No injury,FOLLOWING TOO CLOSELY,AIRPORT & SR45W,39.1367836,-86.64755766
2013,9,2,Weekday,1700,3+ Cars,No injury,FOLLOWING TOO CLOSELY,AIRPORT & SR45W,39.13677979,-86.64751764
2013,8,2,Weekday,700,2-Car,No injury,UNSAFE SPEED,AIR PORT & SR45W,39.13677979,-86.64752197
2013,8,3,Weekday,2100,2-Car,No injury,FOLLOWING TOO CLOSELY,AIRPORT & SR45W,39.13677979,-86.64752197
2013,9,4,Weekday,1300,2-Car,No injury,FOLLOWING TOO CLOSELY,AIRPORT & SR45W,39.13677979,-86.64752197
2013,9,1,Weekend,1600,2-Car,No injury,FOLLOWING TOO CLOSELY,AIRPORT & SR45W,39.13677979,-86.64752197
2013,11,3,Weekday,600,1-Car,No injury,ANIMAL/OBJECT IN ROADWAY,AIR PORT & SR45W,39.13677979,-86.64752197
2013,1,4,Weekday,1800,2-Car,functional,FAILURE TO YIELD RIGHT OF WAY,SR37 & TAPP RD,39.13676894,-86.57289398
2013,3,5,Weekday,1300,2-Car,functional,DISREGARD SIGNAL/REG SIGN,SR37 & TAPP,39.13676894,-86.57289398
2013,5,4,Weekday,1700,2-Car,No injury,FAILURE TO YIELD RIGHT OF WAY,SR37 & TAPP,39.13676894,-86.57289398
2013,7,2,Weekday,800,2-Car,functional,UNSAFE SPEED,SR37 & TAPP,39.13676894,-86.57289398
2013,8,3,Weekday,1900,2-Car,No injury,FOLLOWING TOO CLOSELY,SR37 & W TAPP,39.13676894,-86.57289398
2013,8,3,Weekday,1400,2-Car,non-funcitonal,DISREGARD SIGNAL/REG SIGN,SR37 & TAPP,39.13676894,-86.57289398
2013,11,1,Weekend,1800,1-Car,No injury,ANIMAL/OBJECT IN ROADWAY,SR37S & TAPP,39.13676534,-86.572896
2013,12,2,Weekday,1200,2-Car,No injury,UNSAFE BACKING,SOUTH WALNUT ST,39.13668442,-86.53144836
2013,7,6,Weekday,1000,2-Car,No injury,FOLLOWING TOO CLOSELY,AIRPORT & SR45W,39.13666541,-86.59405546
2013,2,3,Weekday,2300,1-Car,No injury,RAN OFF ROAD RIGHT,DEBORAH & WEST TAPP RD,39.13666025,-86.56783998
2013,5,1,Weekend,1600,1-Car,No injury,RAN OFF ROAD RIGHT,DEBORAH & TAPP RD,39.13666025,-86.56785729
2013,2,5,Weekday,2200,1-Car,No injury,RAN OFF ROAD RIGHT,DEBORAH & TAPP RD,39.13666025,-86.56786595
2013,3,5,Weekday,200,1-Car,functional,UNSAFE SPEED,DEBORAH & TAPP RD,39.13666025,-86.56786595
2013,1,6,Weekday,1000,2-Car,functional,FOLLOWING TOO CLOSELY,HIGH & ROGERS RD,39.13664,-86.508096
2013,12,4,Weekday,2000,1-Car,No injury,SPEED TOO FAST FOR WEATHER CONDITIONS,HIGH & ROGERS RD,39.13664,-86.508096
2013,12,1,Weekend,1800,1-Car,functional,OVERCORRECTING/OVERSTEERING,TAPP RD & WEIMER,39.13663426,-86.56447972
2013,2,5,Weekday,1800,2-Car,No injury,FOLLOWING TOO CLOSELY,SOUTH ADAMS ST & WEST TAPP,39.13662001,-86.55431024
2013,5,1,Weekend,1600,2-Car,No injury,SPEED TOO FAST FOR WEATHER CONDITIONS,ADAMS & TAPP RD,39.13662001,-86.55431024
2013,10,5,Weekday,700,2-Car,No injury,SPEED TOO FAST FOR WEATHER CONDITIONS,S ADAMS & W TAPP RD,39.13662001,-86.55431024
2013,12,5,Weekday,1600,2-Car,No injury,FOLLOWING TOO CLOSELY,S ADAMS & W TAPP RD,39.13662001,-86.55431024
2013,7,6,Weekday,1700,2-Car,functional,FOLLOWING TOO CLOSELY,S ADAMS & W TAPP RD,39.13662001,-86.55435352
2013,6,3,Weekday,700,2-Car,No injury,DRIVER DISTRACTED - EXPLAIN IN NARRATIVE,SR37N & TAPP ROAD,39.13658905,-86.5544281
2013,8,6,Weekday,800,2-Car,No injury,FOLLOWING TOO CLOSELY,SR37N & TAPP,39.13658905,-86.5544281
2013,9,3,Weekday,1700,2-Car,No injury,FOLLOWING TOO CLOSELY,SR37S & TAPP,39.13658905,-86.5544281
2013,11,3,Weekday,0,2-Car,No injury,OTHER (DRIVER) - EXPLAIN IN NARRATIVE,COUNTRY CLUB DR,39.13657379,-86.53639221
2013,12,2,Weekday,800,2-Car,No injury,UNSAFE BACKING,W TAPP RD & WEIMER,39.13653384,-86.56430197
2013,9,4,Weekday,1900,2-Car,functional,FOLLOWING TOO CLOSELY,TAPP RD & WEIMER,39.13653016,-86.56190352
2013,11,2,Weekday,1800,2-Car,functional,FOLLOWING TOO CLOSELY,TAPP RD & WEIMER,39.13653016,-86.56190352
2013,7,2,Weekday,1600,Moped/Motorcycle,functional,OTHER (DRIVER) - EXPLAIN IN NARRATIVE,TAPP RD & WEIMER,39.13653016,-86.5619468
2013,12,3,Weekday,1200,Moped/Motorcycle,functional,OTHER (DRIVER) - EXPLAIN IN NARRATIVE,TAPP RD & WEIMER,39.13653016,-86.56197276
2013,1,4,Weekday,1300,1-Car,No injury,OVERCORRECTING/OVERSTEERING,TAPP RD & WEIMER,39.13653016,-86.56198575
2013,7,2,Weekday,1600,2-Car,No injury,FOLLOWING TOO CLOSELY,TAPP RD & WEIMER,39.13653016,-86.56199008
2013,10,7,Weekend,1200,2-Car,No injury,FAILURE TO YIELD RIGHT OF WAY,TAPP RD & WEIMER,39.13653016,-86.56199008
2013,6,6,Weekday,1700,3+ Cars,No injury,FOLLOWING TOO CLOSELY,TAPP RD & WEIMER,39.136512,-86.562016
2013,12,2,Weekday,2000,Cyclist,functional,FAILURE TO YIELD RIGHT OF WAY,KEGG & TAPP RD,39.13649326,-86.5603888
2013,9,6,Weekday,300,1-Car,No injury,LEFT OF CENTER,W COUNTRYSIDE LN,39.136448,-86.548704
2013,12,7,Weekend,1700,2-Car,functional,LEFT OF CENTER,COUNTRY CLUB DR & ROCKPORT,39.13642333,-86.54799937
2013,12,7,Weekend,800,1-Car,No injury,ROADWAY SURFACE CONDITION,E WINSLOW RD & S HIGH,39.13641211,-86.50832377
2013,10,5,Weekday,2100,2-Car,No injury,UNSAFE BACKING,E WINSLOW RD,39.13640213,-86.5273056
2013,11,4,Weekday,1300,2-Car,No injury,FOLLOWING TOO CLOSELY,COUNTRY CLUB DR & ROCKPORT,39.13639867,-86.54729473
2013,1,4,Weekday,700,2-Car,No injury,FOLLOWING TOO CLOSELY,PINEHURST & TAPP RD,39.13637996,-86.54994025
2013,1,4,Weekday,1700,2-Car,No injury,FOLLOWING TOO CLOSELY,COUNTRY CLUB & ROCKPORT RD,39.13634978,-86.54875002
2013,2,1,Weekend,300,1-Car,functional,RAN OFF ROAD RIGHT,COUNTRY CLUB DR & ROCKPORT,39.13634978,-86.54875002
2013,3,4,Weekday,800,2-Car,No injury,ROADWAY SURFACE CONDITION,S ROCKPORT RD & W COUNTRY CLUB,39.13634978,-86.54875002
2013,5,7,Weekend,1300,2-Car,No injury,SPEED TOO FAST FOR WEATHER CONDITIONS,COUNTRY CLUB DR & ROCKPORT,39.13634978,-86.54875002
2013,9,1,Weekend,1400,2-Car,No injury,FOLLOWING TOO CLOSELY,ROCKPORT & TAPP RD,39.13634978,-86.54875002
2013,11,2,Weekday,1400,2-Car,No injury,FOLLOWING TOO CLOSELY,COUNTRY CLUB & ROCKPORT RD,39.13634978,-86.54875002
2013,5,6,Weekday,1300,2-Car,functional,SPEED TOO FAST FOR WEATHER CONDITIONS,COUNTRY CLUB DR & ROCKPORT,39.13634978,-86.54883657
2013,5,3,Weekday,1500,2-Car,No injury,FOLLOWING TOO CLOSELY,HENDERSON ST & MILLER,39.13634064,-86.52693025
2013,12,2,Weekday,1300,2-Car,No injury,RAN OFF ROAD RIGHT,S BANTA & W COUNTRY CLUB RD,39.136304,-86.544592
2013,12,2,Weekday,1600,2-Car,functional,LEFT OF CENTER,N HARTSTRAIT RD & W MAJESTIC WOODS,39.13625434,-86.61127969
2013,1,5,Weekday,1000,2-Car,No injury,UNSAFE LANE MOVEMENT,S WALNUT ST & WINSLOW,39.13625235,-86.52879635
2013,3,2,Weekday,1700,2-Car,functional,FOLLOWING TOO CLOSELY,BANTA & COUNTRY CLUB RD,39.13624987,-86.54482997
2013,9,5,Weekday,1700,Cyclist,functional,FAILURE TO YIELD RIGHT OF WAY,BANTA & COUNTRY CLUB DR,39.13624987,-86.54482997
2013,10,4,Weekday,1900,2-Car,functional,FOLLOWING TOO CLOSELY,SR37S & TAPP,39.13621603,-86.572896
2013,2,7,Weekend,200,1-Car,No injury,RAN OFF ROAD RIGHT,HENDERSON & WINSLOW RD,39.136144,-86.52618283
2013,2,4,Weekday,100,1-Car,No injury,DRIVER ASLEEP OR FATIGUED,HENDERSON & WINSLOW RD,39.136144,-86.52627099
2013,6,4,Weekday,1600,2-Car,No injury,IMPROPER LANE USAGE,FAIRINGTON DR & MARKET,39.136144,-86.58052766
2013,2,7,Weekend,1300,2-Car,No injury,FOLLOWING TOO CLOSELY,E WINSLOW RD & S HENDERSON,39.136144,-86.5268
2013,4,3,Weekday,2200,2-Car,functional,DISREGARD SIGNAL/REG SIGN,HENDERSON ST & WINSLOW,39.136144,-86.5268
2013,12,1,Weekend,1400,2-Car,No injury,DISREGARD SIGNAL/REG SIGN,HENDERSON ST & WINSLOW,39.136144,-86.5268
2013,1,7,Weekend,1000,2-Car,functional,FAILURE TO YIELD RIGHT OF WAY,WALNUT STREET & WINSLOW RD,39.136144,-86.528688
2013,1,1,Weekend,200,2-Car,functional,FOLLOWING TOO CLOSELY,S WALNUT ST & WINSLOW,39.136144,-86.528688
2013,3,4,Weekday,1200,1-Car,functional,RAN OFF ROAD RIGHT,S WALNUT ST PIKE & WINSLOW,39.136144,-86.528688
2013,5,3,Weekday,2100,2-Car,No injury,DISREGARD SIGNAL/REG SIGN,WALNUT ST & WINSLOW,39.136144,-86.528688
2013,5,7,Weekend,900,2-Car,No injury,FAILURE TO YIELD RIGHT OF WAY,S WALNUT ST & WINSLOW,39.136144,-86.528688
2013,9,2,Weekday,0,2-Car,functional,DISREGARD SIGNAL/REG SIGN,WALNUT STREET PIKE & WINSLOW,39.136144,-86.528688
2013,11,5,Weekday,2000,2-Car,No injury,FOLLOWING TOO CLOSELY,WALNUT & WINSLOW RD,39.136144,-86.528688
2013,12,3,Weekday,1000,2-Car,No injury,FAILURE TO YIELD RIGHT OF WAY,WALNUT STREET & WINSLOW RD,39.136144,-86.528688
2013,12,3,Weekday,1100,2-Car,No injury,DRIVER DISTRACTED - EXPLAIN IN NARRATIVE,S WALNUT ST & WINSLOW,39.136144,-86.528688
2013,9,7,Weekend,1500,2-Car,No injury,FOLLOWING TOO CLOSELY,WALNUT & WINSLOW RD,39.1361416,-86.52833537
2013,6,2,Weekday,1700,2-Car,No injury,IMPROPER PASSING,WALNUT & WINSLOW RD,39.13613786,-86.5281591
2013,6,2,Weekday,1200,Moped/Motorcycle,No injury,FAILURE TO YIELD RIGHT OF WAY,LEONARD SPRINGS & SR45W,39.1361084,-86.58261108
2013,10,3,Weekday,600,2-Car,No injury,TIRE FAILURE OR DEFECTIVE,LEONARD SPRINGS & SR45E,39.1361084,-86.58269766
2013,7,7,Weekend,1100,2-Car,No injury,FOLLOWING TOO CLOSELY,ALLENDALE & E WINSLOW RD,39.136096,-86.516
2013,8,5,Weekday,2300,2-Car,No injury,FOLLOWING TOO CLOSELY,ALLENDALE & WINSLOW RD,39.136096,-86.516
2013,3,5,Weekday,1700,2-Car,No injury,FOLLOWING TOO CLOSELY,ROGERS & W COUNTRY CLUB DR,39.13608,-86.538096
2013,7,6,Weekday,1700,2-Car,No injury,FAILURE TO YIELD RIGHT OF WAY,ROGERS & W COUNTRY CLUB DR,39.13608,-86.538096
2013,5,7,Weekend,1100,2-Car,No injury,FAILURE TO YIELD RIGHT OF WAY,S MADISON & W COUNTRY CLUB DR,39.136048,-86.536992
2013,5,6,Weekend,2100,2-Car,No injury,UNSAFE BACKING,EAST WINSLOW RD,39.13604066,-86.52427017
2013,3,2,Weekday,1400,2-Car,functional,DISREGARD SIGNAL/REG SIGN,HENDERSON & WINSLOW RD,39.13603999,-86.52687996
2013,7,7,Weekend,1700,2-Car,No injury,FAILURE TO YIELD RIGHT OF WAY,COUNTRY CLUB DR & ROGERS,39.13603999,-86.53826996
2013,11,2,Weekday,800,2-Car,functional,OTHER (DRIVER) - EXPLAIN IN NARRATIVE,COUNTRY CLUB & ROGERS ST,39.13603999,-86.53826996
2013,1,3,Weekday,1600,2-Car,No injury,DRIVER DISTRACTED - EXPLAIN IN NARRATIVE,COUNTRY CLUB & ROGERS RD,39.13603619,-86.53826525
2013,6,7,Weekend,900,3+ Cars,functional,FOLLOWING TOO CLOSELY,WINSLOW RD & XAVIER,39.13601987,-86.51343002
2013,11,5,Weekday,1400,Moped/Motorcycle,functional,FOLLOWING TOO CLOSELY,COUNTRY CLUB DR & MADISON,39.13600981,-86.53711996
2013,1,7,Weekend,100,1-Car,No injury,RAN OFF ROAD RIGHT,ROGERS RD & WINDING BROOK,39.13599975,-86.50409131
2013,10,5,Weekday,1900,Moped/Motorcycle,No injury,FAILURE TO YIELD RIGHT OF WAY,ROGERS RD & STANDS,39.13599975,-86.50409996
2013,11,3,Weekday,1700,2-Car,No injury,DISREGARD SIGNAL/REG SIGN,ALLENDALE & WINSLOW RD,39.13599975,-86.51591978
2013,7,5,Weekday,0,2-Car,No injury,FOLLOWING TOO CLOSELY,ALLENDALE & WINSLOW RD,39.13599975,-86.51594574
2013,8,7,Weekend,1500,Moped/Motorcycle,functional,FOLLOWING TOO CLOSELY,E WINSLOW RD & S WINSLOW,39.1359897,-86.5239302
2013,1,1,Weekend,1400,2-Car,No injury,FAILURE TO YIELD RIGHT OF WAY,WALNUT STEET & WINSLOW RD,39.1359897,-86.52879975
2013,2,1,Weekend,1300,2-Car,No injury,FAILURE TO YIELD RIGHT OF WAY,S WALNUT ST & WINSLOW RD,39.1359897,-86.52879975
2013,5,4,Weekday,0,1-Car,No injury,RAN OFF ROAD RIGHT,WALNUT STREET PIKE & WINSLOW,39.1359897,-86.52879975
2013,4,1,Weekend,1500,2-Car,functional,DRIVER DISTRACTED - EXPLAIN IN NARRATIVE,COUNTRY CLUB RD & WALNUT,39.13597025,-86.53102327
2013,3,4,Weekday,900,3+ Cars,No injury,FOLLOWING TOO CLOSELY,COUNTRY CLUB DR & WALNUT,39.13597025,-86.53108385
2013,11,4,Weekday,600,1-Car,No injury,ANIMAL/OBJECT IN ROADWAY,SO WALNUT & W COUNTRY CLUB DR,39.13597025,-86.5310925
2013,1,5,Weekday,700,2-Car,No injury,SPEED TOO FAST FOR WEATHER CONDITIONS,COUNTRY CLUB DR & S WALNUT,39.13597025,-86.5311098
2013,4,3,Weekday,600,2-Car,No injury,FAILURE TO YIELD RIGHT OF WAY,S WALNUT ST & W COUNTRY CLUB,39.13597025,-86.5311098
2013,4,3,Weekday,1400,2-Car,No injury,UNSAFE LANE MOVEMENT,WALNUT ST & WINSLOW,39.13597025,-86.5311098
2013,8,2,Weekday,2000,2-Car,No injury,IMPROPER PASSING,COUNTRY CLUB DR & WALNUT,39.13597025,-86.5311098
2013,9,2,Weekday,1300,2-Car,No injury,FOLLOWING TOO CLOSELY,COUNTRY CLUB & WALNUT ST,39.13597025,-86.5311098
2013,10,7,Weekend,1400,2-Car,functional,FAILURE TO YIELD RIGHT OF WAY,COUNTRY CLUB DR & WALNUT,39.13597025,-86.5311098