Year,Month,Day,Weekend?,Hour,Collision Type,Injury Type,Primary Factor,Reported_Location,Latitude,Longitude
2013,10,3,Weekday,800,Bus,No injury,IMPROPER TURNING,WALNUT & WINSLOW RD,39.13597025,-86.5311098
2013,11,6,Weekday,1500,2-Car,functional,FOLLOWING TOO CLOSELY,WALNUT ST & WINSLOW,39.13597025,-86.5311098
2013,11,6,Weekday,1600,Bus,No injury,DISREGARD SIGNAL/REG SIGN,WALNUT ST & WINSLOW,39.13597025,-86.5311098
2013,6,2,Weekday,1500,2-Car,non-funcitonal,IMPROPER PASSING,WALNUT & WINSLOW RD,39.13597025,-86.53111846
2013,3,2,Weekday,1100,2-Car,No injury,UNSAFE BACKING,SOUTH ACADIA CT,39.135968,-86.518496
2013,6,1,Weekend,1300,2-Car,No injury,FAILURE TO YIELD RIGHT OF WAY,ROGERS & SARE RD,39.13596019,-86.4965301
2013,10,2,Weekday,1000,2-Car,No injury,FAILURE TO YIELD RIGHT OF WAY,ROGERS RD & SARE,39.13596019,-86.4965301
2013,11,4,Weekday,1400,2-Car,No injury,FAILURE TO YIELD RIGHT OF WAY,ROGERS RD & SARE,39.13596019,-86.4965301
2013,12,2,Weekday,1200,2-Car,No injury,FAILURE TO YIELD RIGHT OF WAY,E ROGERS & S SARE RD,39.13596019,-86.4965301
2013,6,7,Weekend,1600,2-Car,No injury,IMPROPER TURNING,ROGERS ST,39.13586997,-86.49740259
2013,5,6,Weekday,1100,2-Car,functional,FAILURE TO YIELD RIGHT OF WAY,E ROGERS RD & S SARE,39.13584,-86.496288
2013,5,3,Weekday,900,1-Car,functional,INSECURE/LEAKY LOAD,ROGERS RD & SNODDY,39.13579701,-86.48596165
2013,4,5,Weekday,2000,1-Car,non-funcitonal,RAN OFF ROAD RIGHT,ROGERS & S SNODDY RD,39.13576,-86.489488
2013,5,4,Weekday,900,2-Car,No injury,OTHER (DRIVER) - EXPLAIN IN NARRATIVE,WEST COTA DR,39.13568191,-86.56878881
2013,6,6,Weekday,1200,2-Car,No injury,UNSAFE BACKING,STATE ROAD 446 RD,39.135648,-86.462248
2013,4,7,Weekend,800,1-Car,No injury,DRIVER DISTRACTED - EXPLAIN IN NARRATIVE,SR446S,39.135648,-86.462248
2013,10,6,Weekday,1300,1-Car,No injury,ROADWAY SURFACE CONDITION,RUSH RIDGE & SR446S,39.13561326,-86.41448211
2013,11,6,Weekday,1600,2-Car,No injury,OTHER (VEHICLE) - EXPLAIN IN NARRATIVE,3601 STAFFORD DR & STAFFORD,39.13553676,-86.57596725
2013,10,2,Weekday,700,3+ Cars,functional,UNSAFE SPEED,SR37 & W TAPP,39.13538843,-86.57289694
2013,10,4,Weekday,1900,2-Car,No injury,FOLLOWING TOO CLOSELY,DUNCAN & SR45W,39.13520214,-86.59603073
2013,2,3,Weekday,2100,Pedestrian,functional,UNSAFE BACKING,S LEONARD SPRINGS RD,39.13514057,-86.58250286
2013,4,6,Weekday,800,2-Car,No injury,FAILURE TO YIELD RIGHT OF WAY,SR37N & VERNAL,39.13513663,-86.55998992
2013,12,5,Weekday,700,2-Car,No injury,FOLLOWING TOO CLOSELY,SR37S & TAPP,39.13511739,-86.572896
2013,10,5,Weekday,700,2-Car,No injury,FOLLOWING TOO CLOSELY,DUNCAN & SR45W,39.13484955,-86.59627017
2013,12,4,Weekday,600,1-Car,functional,SPEED TOO FAST FOR WEATHER CONDITIONS,2400 N OLD ST RD 37 RD & CLUBHOUSE,39.13463995,-86.53686062
2013,6,5,Weekday,1200,2-Car,No injury,UNSAFE BACKING,AIRPORT RD,39.134448,-86.647504
2013,5,6,Weekday,1200,2-Car,No injury,OTHER (DRIVER) - EXPLAIN IN NARRATIVE,SO WILCOX ST,39.134352,-86.53712773
2013,3,5,Weekday,1600,Moped/Motorcycle,functional,FAILURE TO YIELD RIGHT OF WAY,WALNUT ST,39.13432546,-86.52733091
2013,4,6,Weekday,1100,2-Car,No injury,UNSAFE BACKING,SOUTH WALNUT ST,39.13432546,-86.52733091
2013,9,3,Weekday,1000,2-Car,No injury,OVERCORRECTING/OVERSTEERING,S WALNUT ST,39.13432546,-86.52733091
2013,3,1,Weekend,800,1-Car,No injury,DRIVER DISTRACTED - EXPLAIN IN NARRATIVE,GARDNER & GARRISON CHAPPEL RDS,39.134144,-86.642864
2013,8,3,Weekday,800,2-Car,No injury,FOLLOWING TOO CLOSELY,S GARRISON CHAPEL RD & W GARDNER,39.134144,-86.642864
2013,9,7,Weekend,1300,2-Car,No injury,FAILURE TO YIELD RIGHT OF WAY,COLLEGE MALL RD & CONVENANTER,39.13403643,-86.49773977
2013,4,6,Weekday,1800,2-Car,No injury,UNSAFE BACKING,E SHERWOOD HILLS DR,39.13394547,-86.5247879
2013,12,2,Weekday,1700,3+ Cars,No injury,FOLLOWING TOO CLOSELY,BUNGER & SR45W,39.13391113,-86.60555164
2013,1,2,Weekday,900,1-Car,No injury,SPEED TOO FAST FOR WEATHER CONDITIONS,BUNGER & SR45E,39.13391113,-86.6055603
2013,10,4,Weekday,100,2-Car,No injury,FOLLOWING TOO CLOSELY,BUNGER & SR45W,39.13391113,-86.6055603
2013,10,7,Weekend,1600,2-Car,functional,LEFT OF CENTER,BUNGER & SR45W,39.13391113,-86.6055603
2013,8,6,Weekend,2000,2-Car,No injury,UNSAFE BACKING,INDIAN CREEK & S YONKERS ST,39.13390625,-86.57414525
2013,8,5,Weekday,1600,2-Car,No injury,UNSAFE BACKING,SOUTH ROLLING RIDGE APT 601 WAY,39.133744,-86.50592
2013,10,5,Weekday,100,1-Car,No injury,UNSAFE BACKING,S ROLLING RIDGE WAY,39.133744,-86.50592
2013,12,2,Weekday,2000,2-Car,functional,FAILURE TO YIELD RIGHT OF WAY,CURRY & SR45N,39.13351355,-86.58264923
2013,9,2,Weekday,1700,2-Car,No injury,OTHER (DRIVER) - EXPLAIN IN NARRATIVE,S LEONARD SPRINGS RD,39.13350865,-86.5825358
2013,8,6,Weekday,1200,3+ Cars,functional,OTHER (DRIVER) - EXPLAIN IN NARRATIVE,W ALLEN ST,39.133248,-86.517488
2013,1,4,Weekday,700,2-Car,functional,FAILURE TO YIELD RIGHT OF WAY,MILLER & WALNUT ST,39.13314963,-86.53265006
2013,11,5,Weekday,0,1-Car,No injury,ANIMAL/OBJECT IN ROADWAY,SR43S & SR48W,39.13314767,-86.60447692
2013,8,5,Weekday,1100,2-Car,No injury,FOLLOWING TOO CLOSELY,VERMILYA & WALNUT ST,39.13306464,-86.53324015
2013,2,5,Weekday,2100,2-Car,functional,UNSAFE SPEED,SR37S & TAPP,39.13292012,-86.572896
2013,2,5,Weekday,2100,2-Car,No injury,SPEED TOO FAST FOR WEATHER CONDITIONS,STATE ROAD 37 RD & TAPP,39.13292012,-86.572896
2013,3,6,Weekday,1400,2-Car,functional,DRIVER DISTRACTED - EXPLAIN IN NARRATIVE,3RD & LIBERTY DR,39.13288687,-86.57913006
2013,7,4,Weekday,1100,2-Car,No injury,FAILURE TO YIELD RIGHT OF WAY,3RD & LIBERTY DR,39.13288687,-86.57913006
2013,7,5,Weekday,0,1-Car,No injury,RAN OFF ROAD RIGHT,DUNSTAN DR,39.13249207,-86.51730346
2013,7,2,Weekday,1700,1-Car,functional,UNSAFE SPEED,3600 BLK GARRISON CHAPEL RD & GARDNER,39.13229009,-86.64288024
2013,10,7,Weekend,1300,2-Car,No injury,UNSAFE BACKING,W HOOSIER COURT AVE,39.1319809,-86.53209686
2013,12,6,Weekday,1400,2-Car,No injury,UNSAFE BACKING,WEST HOOSIER CT AVE,39.1319809,-86.53209686
2013,4,4,Weekday,2200,2-Car,No injury,UNSAFE LANE MOVEMENT,W HOOSIER CT AVE,39.1319809,-86.53210449
2013,2,1,Weekend,200,1-Car,functional,RAN OFF ROAD RIGHT,HOOSIER & S WALNUT ST,39.13196974,-86.53143972
2013,5,3,Weekday,1500,2-Car,No injury,FOLLOWING TOO CLOSELY,RIDGEVIEW & SOUTH WALNUT ST,39.13196974,-86.53143972
2013,9,4,Weekday,2000,1-Car,No injury,DRIVER DISTRACTED - EXPLAIN IN NARRATIVE,S MEADOWCREEK BLVD,39.13182959,-86.4997112
2013,2,2,Weekday,2200,2-Car,No injury,OTHER (VEHICLE) - EXPLAIN IN NARRATIVE,CEDAR CHASE DR & RED ROCK,39.13172478,-86.58588872
2013,11,3,Weekday,700,3+ Cars,No injury,FOLLOWING TOO CLOSELY,SR37 & TAPP,39.13168965,-86.572896
2013,10,5,Weekday,2000,3+ Cars,functional,DRIVER DISTRACTED - EXPLAIN IN NARRATIVE,PINEWOOD & S WALNUT ST,39.13151979,-86.53143033
2013,12,7,Weekend,1700,2-Car,No injury,FOLLOWING TOO CLOSELY,PINEWOOD & SOUTH WALNUT ST,39.13151979,-86.53143033
2013,3,5,Weekday,900,2-Car,No injury,FOLLOWING TOO CLOSELY,KNIGHTSRIDGE RD,39.13141519,-86.44785001
2013,4,2,Weekday,1300,1-Car,No injury,UNSAFE BACKING,E ASHWOOD LN,39.131248,-86.508464
2013,1,5,Weekday,700,3+ Cars,No injury,FOLLOWING TOO CLOSELY,BUNGER & SR45W,39.13113338,-86.60164378
2013,5,7,Weekend,1100,2-Car,functional,FAILURE TO YIELD RIGHT OF WAY,ALLENDALE & WALNUT ST PIKE,39.130944,-86.526688
2013,10,6,Weekday,1000,3+ Cars,functional,FAILURE TO YIELD RIGHT OF WAY,ALLENDALE & WALNUT ST PIKE,39.130944,-86.526688
2013,9,2,Weekday,1400,1-Car,No injury,RAN OFF ROAD RIGHT,BUNGER & SR45S,39.13077781,-86.60209417
2013,8,3,Weekday,1000,2-Car,No injury,OTHER (DRIVER) - EXPLAIN IN NARRATIVE,SO WALNUT STREET PIKE,39.13069166,-86.52687527
2013,4,2,Weekday,1000,2-Car,No injury,UNSAFE BACKING,SOUTH WALNUT ST,39.1306572,-86.53276062
2013,5,6,Weekday,1700,2-Car,No injury,UNSAFE BACKING,S CUFFERS DR,39.13052836,-86.54452414
2013,8,5,Weekday,2100,1-Car,No injury,DRIVER DISTRACTED - EXPLAIN IN NARRATIVE,LEONARD SPRINGS RD,39.13048361,-86.58264778
2013,5,2,Weekday,1300,2-Car,No injury,UNSAFE BACKING,LADD AVE & S TUILP,39.13043015,-86.5415503
2013,8,2,Weekday,1400,1-Car,non-funcitonal,DRIVER ILLNESS,BUNGER & SR45W,39.13041717,-86.60271289
2013,9,7,Weekend,1100,Moped/Motorcycle,functional,UNSAFE SPEED,3011 S YONKERS ST & S YONKERS,39.130144,-86.574
2013,10,7,Weekend,1400,2-Car,No injury,SPEED TOO FAST FOR WEATHER CONDITIONS,CONSTITUTION & LIBERTY DR,39.13005818,-86.5768703
2013,8,5,Weekday,2100,2-Car,No injury,CELL PHONE USAGE,S TYLER & W FESTIVE DR,39.1299882,-86.57648294
2013,9,4,Weekday,1600,1-Car,functional,RAN OFF ROAD RIGHT,CEDAR CHASE RD,39.12975311,-86.58403778
2013,9,6,Weekday,0,2-Car,No injury,IMPROPER TURNING,SARE RD,39.129673,-86.50354003
2013,6,4,Weekday,1800,2-Car,No injury,IMPROPER TURNING,S WALNUT ST,39.1293814,-86.53146117
2013,10,6,Weekday,700,2-Car,No injury,FOLLOWING TOO CLOSELY,BUNGER & SR45W,39.12936,-86.604336
2013,3,7,Weekend,100,1-Car,No injury,OVERCORRECTING/OVERSTEERING,2240 CAVE ROAD RD & MATTHEW ROAD,39.12896035,-86.629669
2013,6,3,Weekday,800,2-Car,functional,UNSAFE SPEED,BUNGER & SR45N,39.12883348,-86.60495825
2013,12,3,Weekday,1600,3+ Cars,No injury,FOLLOWING TOO CLOSELY,BUNGER & SR45,39.12865931,-86.6052393
2013,6,3,Weekday,1300,2-Car,No injury,UNSAFE BACKING,EAST CREEKS EDGE DR,39.12821665,-86.50074921
2013,10,3,Weekday,2300,1-Car,non-funcitonal,RAN OFF ROAD RIGHT,SOUTH ROCKPORT RD & WEST HENNESSEY,39.12818983,-86.55671155
2013,10,7,Weekend,1400,2-Car,No injury,BRAKE FAILURE OR DEFECTIVE,HENNESSY & ROCKPORT RD,39.12818983,-86.55672021
2013,5,3,Weekday,2100,2-Car,No injury,UNSAFE BACKING,S WALNUT STREET PIKE,39.12815094,-86.52787017
2013,7,2,Weekday,1700,2-Car,No injury,LEFT OF CENTER,3115 S WALNUT ST & PRIVATE,39.128006,-86.530556
2013,3,1,Weekend,700,2-Car,No injury,OTHER (VEHICLE) - EXPLAIN IN NARRATIVE,SO WALNUT ST,39.12800598,-86.53055572
2013,8,7,Weekend,700,2-Car,No injury,OTHER (DRIVER) - EXPLAIN IN NARRATIVE,SO WALNUT ST,39.12800598,-86.53055572
2013,12,2,Weekday,900,2-Car,No injury,LEFT OF CENTER,HENNESSEY ST & SOUTH MCDOUGAL,39.12791021,-86.55612641
2013,11,5,Weekday,400,1-Car,No injury,ANIMAL/OBJECT IN ROADWAY,S LEONARD SPRINGS RD,39.12771225,-86.58383178
2013,5,5,Weekday,2100,2-Car,No injury,UNSAFE BACKING,SOUTH WALNUT ST,39.12766239,-86.52679022
2013,11,2,Weekday,600,2-Car,functional,FOLLOWING TOO CLOSELY,S OLD STATE & SR37S,39.127376,-86.531375
2013,6,7,Weekend,0,1-Car,functional,UNSAFE SPEED,LOCKVIEW & WICKENS ST,39.12735347,-86.55303781
2013,12,1,Weekend,1600,2-Car,No injury,FAILURE TO YIELD RIGHT OF WAY,CANADA DR & CLAYBRIDGE,39.12731007,-86.5063101
2013,3,1,Weekend,1800,2-Car,No injury,UNSAFE BACKING,S WALNUT ST,39.12716835,-86.52677353
2013,2,7,Weekend,1200,2-Car,functional,FOLLOWING TOO CLOSELY,BURKS & SO WALNUT ST,39.12666969,-86.53136998
2013,4,5,Weekday,1600,3+ Cars,functional,FOLLOWING TOO CLOSELY,BURKS & WALNUT ST,39.12666969,-86.53136998
2013,12,4,Weekday,500,1-Car,No injury,OVERCORRECTING/OVERSTEERING,S LEONARD SPRINGS RD & SIMS,39.12664,-86.582512
2013,12,5,Weekday,1500,2-Car,No injury,IMPROPER TURNING,EAST BURKS DR,39.1266194,-86.52957223
2013,4,3,Weekday,2000,3+ Cars,functional,FOLLOWING TOO CLOSELY,LEONARD SPRINGS & SR45W,39.1266098,-86.58258056
2013,5,6,Weekday,1400,2-Car,No injury,FAILURE TO YIELD RIGHT OF WAY,LEONARD SPRINGS & SR45W,39.1266098,-86.58258056
2013,5,5,Weekday,1500,2-Car,No injury,FAILURE TO YIELD RIGHT OF WAY,SOUTH LEONARD SPRINGS & SR45W,39.1266098,-86.58258056
2013,12,7,Weekend,1300,2-Car,No injury,UNSAFE BACKING,S WALNUT ST PIKE,39.12631655,-86.52674475
2013,11,2,Weekday,1000,2-Car,No injury,OBSTRUCTION NOT MARKED,GILHAM & SR45W,39.12619019,-86.6142706
2013,12,3,Weekday,900,2-Car,No injury,SPEED TOO FAST FOR WEATHER CONDITIONS,HENNESSY & MCDOUGAL ST,39.12593007,-86.55359007
2013,6,1,Weekend,1400,2-Car,No injury,SPEED TOO FAST FOR WEATHER CONDITIONS,HENNESSEY ST,39.12567392,-86.55401788
2013,1,6,Weekday,1200,2-Car,No injury,UNSAFE BACKING,W SR 45 HWY,39.125312,-86.610496
2013,2,4,Weekday,1900,2-Car,No injury,FAILURE TO YIELD RIGHT OF WAY,W STATE ROAD 45 RD,39.125312,-86.610496
2013,2,5,Weekday,1400,2-Car,No injury,DRIVER DISTRACTED - EXPLAIN IN NARRATIVE,W SR 45 HWY,39.125312,-86.610496
2013,3,5,Weekday,2000,2-Car,No injury,FAILURE TO YIELD RIGHT OF WAY,STATE ROAD 45 ST,39.125312,-86.610496
2013,3,7,Weekend,700,2-Car,,OTHER (DRIVER) - EXPLAIN IN NARRATIVE,SR45W,39.125312,-86.610496
2013,6,5,Weekday,1500,2-Car,No injury,FAILURE TO YIELD RIGHT OF WAY,SR45W,39.125312,-86.610496
2013,5,4,Weekday,1400,2-Car,No injury,OTHER (DRIVER) - EXPLAIN IN NARRATIVE,3585 W SR 45 HWY,39.125312,-86.610496
2013,5,5,Weekday,1500,2-Car,No injury,IMPROPER TURNING,WEST STATE ROAD 45 HWY,39.125312,-86.610496
2013,8,1,Weekday,2100,2-Car,No injury,FOLLOWING TOO CLOSELY,W SR 45 HWY,39.125312,-86.610496
2013,8,3,Weekday,2000,2-Car,No injury,UNSAFE BACKING,WEST STATE ROAD 45 HWY,39.125312,-86.610496
2013,6,1,Weekend,1300,2-Car,No injury,UNSAFE BACKING,SR45W,39.125312,-86.610496
2013,7,7,Weekend,1700,2-Car,No injury,IMPROPER LANE USAGE,WEST STATE ROAD 45 HWY,39.125312,-86.610496
2013,7,3,Weekday,1500,2-Car,No injury,UNSAFE BACKING,WEST STATE ROAD 45 HWY,39.125312,-86.610496
2013,7,4,Weekday,1900,Pedestrian,functional,PEDESTRIAN ACTION,W SR 45 RD,39.125312,-86.610496
2013,9,2,Weekday,1500,2-Car,No injury,FOLLOWING TOO CLOSELY,W STATE ROAD 45 HWY,39.125312,-86.610496
2013,9,4,Weekday,1400,2-Car,No injury,FAILURE TO YIELD RIGHT OF WAY,W SR 45 RD,39.125312,-86.610496
2013,10,7,Weekend,1800,2-Car,No injury,IMPROPER LANE USAGE,STATE ROAD 45 HWY,39.125312,-86.610496
2013,10,3,Weekday,300,2-Car,No injury,SPEED TOO FAST FOR WEATHER CONDITIONS,STATE ROAD 45 HWY,39.125312,-86.610496
2013,10,7,Weekend,1500,2-Car,No injury,FAILURE TO YIELD RIGHT OF WAY,WEST STATE ROAD 45 RD,39.125312,-86.610496
2013,10,3,Weekday,2200,2-Car,No injury,IMPROPER TURNING,WEST STATE ROAD 45 HWY,39.125312,-86.610496
2013,11,7,Weekend,1400,2-Car,No injury,UNSAFE BACKING,W STATE ROAD 45 HWY,39.125312,-86.610496
2013,11,6,Weekday,1400,2-Car,No injury,UNSAFE BACKING,WEST STATE ROAD 45 HWY,39.125312,-86.610496
2013,12,7,Weekend,1500,1-Car,No injury,IMPROPER LANE USAGE,SR45W,39.125312,-86.610496
2013,12,7,Weekend,1300,2-Car,No injury,VIEW OBSTRUCTED,SR45W,39.125312,-86.610496
2013,12,2,Weekday,2000,1-Car,functional,RAN OFF ROAD RIGHT,SR45W,39.125312,-86.610496
2013,2,5,Weekday,2200,2-Car,No injury,ROADWAY SURFACE CONDITION,3700 SOUTH WICKENS ST & LEIGHTON,39.12526797,-86.550928
2013,12,1,Weekend,1600,2-Car,No injury,FAILURE TO YIELD RIGHT OF WAY,RHORER & SNODDY RD,39.12501287,-86.48957199
2013,1,5,Weekday,700,2-Car,No injury,UNSAFE BACKING,S MILL STONE WAY,39.12489319,-86.50860595
2013,4,3,Weekday,1700,2-Car,functional,FOLLOWING TOO CLOSELY,SR37N & VERNAL,39.12455872,-86.55998992
2013,3,6,Weekday,0,1-Car,No injury,RAN OFF ROAD RIGHT,FULLERTON & ROCKPORT RD,39.12440105,-86.56053861
2013,11,5,Weekday,500,1-Car,No injury,SPEED TOO FAST FOR WEATHER CONDITIONS,LEONARD SPRINGS & LEONARD SPRINGS RD,39.12423192,-86.58257102
2013,2,6,Weekday,1300,2-Car,No injury,SPEED TOO FAST FOR WEATHER CONDITIONS,HEATHER & WALNUT ST PIKE,39.12398305,-86.52670641
2013,4,7,Weekend,1600,Moped/Motorcycle,functional,ROADWAY SURFACE CONDITION,HEATHER & SOUTH WALNUT STREET PIKE,39.1239801,-86.52669019
2013,7,4,Weekday,1500,2-Car,No injury,UNSAFE BACKING,SOUTH WALNUT ST,39.12376088,-86.5266497
2013,9,1,Weekend,800,2-Car,No injury,BRAKE FAILURE OR DEFECTIVE,S HAYS DR,39.12372971,-86.53766632
2013,8,5,Weekday,2300,2-Car,No injury,UNSAFE SPEED,ADAMS ST & SUNSTONE,39.1236787,-86.55608989
2013,10,2,Weekday,1200,2-Car,No injury,DRIVER DISTRACTED - EXPLAIN IN NARRATIVE,PINEWOOD & S WALNUT ST,39.12359566,-86.53143033
2013,4,6,Weekday,1400,1-Car,No injury,DISREGARD SIGNAL/REG SIGN,FULLERTON & LEONARD SPRINGS RD,39.123376,-86.582592
2013,10,3,Weekday,2300,1-Car,No injury,RAN OFF ROAD RIGHT,LEONARD SPRINGS & WEST LEONARD SPRINGS RD,39.123376,-86.582592
2013,12,6,Weekday,700,1-Car,No injury,SPEED TOO FAST FOR WEATHER CONDITIONS,FULLERTON & LEONARD SPRINGS RD,39.12317125,-86.58269437
2013,2,1,Weekend,1100,2-Car,No injury,FAILURE TO YIELD RIGHT OF WAY,NORTH & WALNUT ST,39.12297226,-86.53180986
2013,5,6,Weekday,700,1-Car,No injury,OTHER (DRIVER) - EXPLAIN IN NARRATIVE,4000 BLK S ROCKPORT RD & FULLERTON,39.12266249,-86.56226322
2013,5,4,Weekday,2000,1-Car,functional,UNSAFE SPEED,13TH & MADISON ST,39.12264318,-86.53774023
2013,7,2,Weekday,300,1-Car,No injury,RAN OFF ROAD RIGHT,FULLERTON PIKE & JUDD,39.122448,-86.574
2013,12,6,Weekday,700,1-Car,No injury,RAN OFF ROAD RIGHT,FULLERTON PIKE & JUDD,39.122448,-86.574
2013,1,6,Weekday,1400,3+ Cars,non-funcitonal,DISREGARD SIGNAL/REG SIGN,SR37S & W FULLERTON,39.122352,-86.5712
2013,9,6,Weekday,1100,1-Car,No injury,FOLLOWING TOO CLOSELY,FULLERTON & SR37S,39.122352,-86.5712
2013,2,5,Weekday,1100,1-Car,non-funcitonal,UNSAFE SPEED,ISON RD & LEONARD SPRINGS,39.122352,-86.6056
2013,4,6,Weekend,2300,1-Car,No injury,RAN OFF ROAD RIGHT,S ISON RD & W LEONARD SPRINGS,39.122352,-86.6056
2013,1,5,Weekday,2000,1-Car,No injury,SPEED TOO FAST FOR WEATHER CONDITIONS,37 & FULLERTON PIKE,39.12229906,-86.56767463
2013,5,1,Weekend,1600,2-Car,No injury,FAILURE TO YIELD RIGHT OF WAY,FULLERTON PIKE & ROCKPORT,39.122224,-86.562688
2013,9,2,Weekday,1700,2-Car,functional,DISREGARD SIGNAL/REG SIGN,FULLERTON & SR37S,39.12221146,-86.57353973
2013,9,7,Weekend,2000,3+ Cars,functional,FAILURE TO YIELD RIGHT OF WAY,FULLERTON & SR37S,39.12221146,-86.57353973
2013,11,5,Weekday,1500,2-Car,functional,FAILURE TO YIELD RIGHT OF WAY,FULLERTON & SR37S,39.12221146,-86.57353973
2013,6,5,Weekday,1600,2-Car,functional,FAILURE TO YIELD RIGHT OF WAY,RENDY & WEST ELLER RD,39.122208,-86.615792
2013,1,2,Weekday,1700,2-Car,No injury,FAILURE TO YIELD RIGHT OF WAY,FULLERTON & SR37S,39.12220001,-86.56779479
2013,4,5,Weekday,1200,3+ Cars,No injury,FOLLOWING TOO CLOSELY,FULERTON & SR37S,39.12220001,-86.56779479
2013,1,5,Weekday,2000,2-Car,No injury,SPEED TOO FAST FOR WEATHER CONDITIONS,37 & FULLERTON PIKE,39.12220001,-86.56788136
2013,4,3,Weekday,1700,2-Car,No injury,FOLLOWING TOO CLOSELY,FULLERTON PIKE & JUDD,39.12209988,-86.57402984
2013,12,2,Weekday,700,1-Car,No injury,RAN OFF ROAD RIGHT,DILLMAN & SR37N,39.12189278,-86.54577636
2013,1,5,Weekday,2000,2-Car,No injury,SPEED TOO FAST FOR WEATHER CONDITIONS,GORDON PIKE & WICKENS,39.12181218,-86.54791696
2013,4,6,Weekend,2200,1-Car,No injury,RAN OFF ROAD RIGHT,E RHORER RD & HARRELL,39.1217467,-86.49666988
2013,11,4,Weekday,1600,2-Car,No injury,SPEED TOO FAST FOR WEATHER CONDITIONS,HARTSTRAIGHT RD & TEMPERANCE,39.12174554,-86.61594003
2013,9,1,Weekend,1300,1-Car,functional,TIRE FAILURE OR DEFECTIVE,HARRELL & RHORER RD,39.12160351,-86.49173694
2013,3,5,Weekday,1700,1-Car,functional,RAN OFF ROAD RIGHT,EAST MOORES CREEK RD & SNODDY,39.121584,-86.489744
2013,9,7,Weekend,300,1-Car,No injury,RAN OFF ROAD RIGHT,E MOORES CREEK RD & SNODDY,39.121584,-86.489744
2013,2,4,Weekday,1900,1-Car,No injury,RAN OFF ROAD RIGHT,GORDON PIKE & ROGERS,39.12156008,-86.53916411
2013,1,3,Weekday,0,2-Car,No injury,UNSAFE BACKING,GORDON & GORDON PIKE,39.121552,-86.531296
2013,1,3,Weekday,700,2-Car,No injury,FOLLOWING TOO CLOSELY,GORDON & OLD SR 37 RD,39.121552,-86.531296
2013,2,6,Weekday,300,1-Car,No injury,RAN OFF ROAD RIGHT,GORDON & S OLD STATE ROAD 37 RD,39.121552,-86.531296
2013,6,7,Weekend,2100,1-Car,No injury,ANIMAL/OBJECT IN ROADWAY,RHORER & SOUTH OLD STATE ROAD 37 HWY,39.121552,-86.531296
2013,7,4,Weekday,1400,2-Car,No injury,FAILURE TO YIELD RIGHT OF WAY,GORDON & OLD SR 37 RD,39.121552,-86.531296
2013,10,5,Weekday,2100,1-Car,No injury,ANIMAL/OBJECT IN ROADWAY,GORDON & SOUTH OLD STATE ROAD 37 HWY,39.121552,-86.531296
2013,11,6,Weekday,1200,1-Car,No injury,IMPROPER LANE USAGE,4025 SOUTH OLD SR 37 RD & RHORER,39.121552,-86.531296
2013,5,7,Weekend,1700,2-Car,No injury,UNSAFE BACKING,W GORDON PIKE,39.12154418,-86.53386009
2013,3,5,Weekday,500,1-Car,No injury,ANIMAL/OBJECT IN ROADWAY,1600 E RHORER RD & S JAMIE,39.12152,-86.51792
2013,7,7,Weekend,2100,1-Car,No injury,RAN OFF ROAD RIGHT,285 E RHORER RD & KENNEDY,39.121488,-86.528304
2013,9,6,Weekday,1600,2-Car,functional,FAILURE TO YIELD RIGHT OF WAY,E RHORER RD & S DEERFIELD,39.12146017,-86.50459782
2013,11,6,Weekday,700,2-Car,No injury,FOLLOWING TOO CLOSELY,RHORER RD & S WALNUT ST,39.12145871,-86.52720079
2013,6,3,Weekday,1700,2-Car,No injury,ROADWAY SURFACE CONDITION,NIMIT & RHORER RD,39.12145011,-86.52383968
2013,3,3,Weekday,2300,1-Car,No injury,RAN OFF ROAD RIGHT,NIMMIT & RHORER RD,39.12144607,-86.52387219
2013,8,7,Weekend,1200,2-Car,No injury,FAILURE TO YIELD RIGHT OF WAY,RHORER RD & WALNUT,39.12144282,-86.52614342
2013,1,5,Weekday,1400,3+ Cars,functional,FOLLOWING TOO CLOSELY,RHORER RD & SARE,39.12144005,-86.51149346
2013,5,2,Weekday,0,1-Car,functional,SPEED TOO FAST FOR WEATHER CONDITIONS,E ROHOER RD & S SARE,39.12144005,-86.51149346
2013,5,5,Weekday,1500,2-Car,No injury,FOLLOWING TOO CLOSELY,RHORER RD & SARE,39.12144005,-86.51156699
2013,4,5,Weekday,1800,2-Car,No injury,FAILURE TO YIELD RIGHT OF WAY,E RHORER RD & S SARE,39.12144005,-86.51157997
2013,4,3,Weekday,1200,3+ Cars,functional,FAILURE TO YIELD RIGHT OF WAY,RHORER RD & SARE,39.12144005,-86.51157997
2013,7,4,Weekday,1600,2-Car,No injury,FOLLOWING TOO CLOSELY,RHORER & SARE RD,39.12144005,-86.51157997
2013,10,5,Weekday,700,2-Car,No injury,FOLLOWING TOO CLOSELY,RHORER RD & SARE,39.12144005,-86.51166648