Year,Month,Day,Weekend?,Hour,Collision Type,Injury Type,Primary Factor,Reported_Location,Latitude,Longitude
2013,1,5,Weekday,1700,2-Car,functional,FOLLOWING TOO CLOSELY,EAST RHORER & SOUTH WALNUT ST,39.12144,-86.526496
2013,2,3,Weekday,1300,2-Car,functional,DISREGARD SIGNAL/REG SIGN,E RHORER RD & S WALNUT,39.12144,-86.526496
2013,8,4,Weekday,1800,2-Car,No injury,DISREGARD SIGNAL/REG SIGN,RHORER RD & WALNUT STREET,39.12144,-86.526496
2013,7,6,Weekday,1500,2-Car,No injury,FAILURE TO YIELD RIGHT OF WAY,RHORER & S WALNUT ST,39.12144,-86.526496
2013,9,5,Weekday,700,2-Car,No injury,FOLLOWING TOO CLOSELY,RHORER RD & S WALNUT ST,39.12144,-86.526496
2013,11,7,Weekend,1400,2-Car,functional,DISREGARD SIGNAL/REG SIGN,RHORER & SOUTH WALNUT ST,39.12144,-86.526496
2013,10,3,Weekday,500,1-Car,No injury,DRIVER ASLEEP OR FATIGUED,E RHORER RD & WALNUT STREET,39.12144,-86.526496
2013,3,5,Weekday,1500,2-Car,No injury,UNSAFE LANE MOVEMENT,W GORDON LOT 117 PIKE,39.12143201,-86.53530478
2013,4,3,Weekday,1700,2-Car,No injury,UNSAFE BACKING,GORDON PIKE,39.12143201,-86.53530478
2013,5,4,Weekday,1500,2-Car,No injury,DRIVER DISTRACTED - EXPLAIN IN NARRATIVE,GORDON LOT 20 PIKE,39.12143201,-86.53530478
2013,8,6,Weekday,700,2-Car,functional,FOLLOWING TOO CLOSELY,OLD ST RD 37 SOUTH RD & RHORER,39.12141994,-86.53134986
2013,12,3,Weekday,1600,2-Car,No injury,FOLLOWING TOO CLOSELY,S WALNUT & W GORDON PIKE,39.12141994,-86.53134986
2013,4,4,Weekday,1400,Moped/Motorcycle,functional,OVERCORRECTING/OVERSTEERING,HOOSIER & WALNUT ST,39.12140529,-86.53143874
2013,6,7,Weekend,1600,2-Car,No injury,FOLLOWING TOO CLOSELY,RHORER & SR37S,39.12137985,-86.49404907
2013,6,3,Weekday,1600,2-Car,No injury,UNSAFE BACKING,E MOORES CREEK RD & S STERLING,39.12106702,-86.48835874
2013,11,5,Weekday,100,2-Car,No injury,UNSAFE SPEED,SOUTH OLD 37 HWY,39.1210556,-86.53090667
2013,9,5,Weekday,700,2-Car,No injury,FOLLOWING TOO CLOSELY,PINEWOOD & WALNUT ST,39.12095428,-86.53143033
2013,10,5,Weekday,700,2-Car,No injury,SPEED TOO FAST FOR WEATHER CONDITIONS,RHORER & S WALNUT ST,39.12075336,-86.526496
2013,8,3,Weekday,600,1-Car,No injury,ANIMAL/OBJECT IN ROADWAY,ELLER & SR45W,39.11961458,-86.61847596
2013,1,4,Weekday,800,2-Car,No injury,FOLLOWING TOO CLOSELY,SOUTH & WALNUT ST,39.11961185,-86.526808
2013,4,5,Weekday,700,2-Car,functional,FOLLOWING TOO CLOSELY,SOUTH & WALNUT ST,39.11961185,-86.526808
2013,9,7,Weekend,1000,1-Car,No injury,RAN OFF ROAD RIGHT,E BRYN MAWR & SNODDY RD,39.11954381,-86.48959296
2013,3,4,Weekday,700,1-Car,functional,ROADWAY SURFACE CONDITION,E BRYN MAWR & SNODDY RD,39.1195438,-86.48959295
2013,5,7,Weekend,900,1-Car,No injury,RAN OFF ROAD RIGHT,DUNLAP & SR45W,39.119344,-86.618896
2013,7,5,Weekday,800,2-Car,No injury,FOLLOWING TOO CLOSELY,DUNLAP RD & SR45W,39.119344,-86.618896
2013,11,6,Weekday,1500,2-Car,No injury,UNSAFE LANE MOVEMENT,DUNLAP & SR45W,39.119344,-86.618896
2013,2,6,Weekday,1800,1-Car,No injury,RAN OFF ROAD RIGHT,S ORCHARD LN,39.11902021,-86.53168845
2013,4,3,Weekday,1200,2-Car,No injury,BRAKE FAILURE OR DEFECTIVE,S OLD ST RD 37 RD & S ORCHARD,39.11893018,-86.53130024
2013,7,3,Weekday,900,2-Car,No injury,LEFT OF CENTER,DUNLAP & SR45W,39.11886349,-86.61975529
2013,10,1,Weekend,1300,2-Car,No injury,FOLLOWING TOO CLOSELY,2ND & SR37S,39.11883666,-86.54765319
2013,12,6,Weekday,200,2-Car,No injury,UNSAFE BACKING,JUDEE DR,39.11849316,-86.49050349
2013,8,1,Weekday,2300,2-Car,No injury,OTHER (VEHICLE) - EXPLAIN IN NARRATIVE,HOLLAND DR,39.1180687,-86.52586364
2013,7,6,Weekday,200,2-Car,No injury,LEFT OF CENTER,GARRISON CHAPLE & SR48W,39.11790085,-86.64187841
2013,7,4,Weekday,500,1-Car,No injury,RAN OFF ROAD RIGHT,FULLERTON & SR37S,39.11780593,-86.56724151
2013,12,7,Weekend,1700,2-Car,No injury,UNSAFE LANE MOVEMENT,S ROCKPORT & SR37S,39.117648,-86.567104
2013,6,4,Weekday,1300,2-Car,No injury,FAILURE TO YIELD RIGHT OF WAY,ROCKPORT & SR37,39.11755374,-86.56705561
2013,9,4,Weekday,1600,2-Car,No injury,FAILURE TO YIELD RIGHT OF WAY,ROCKPORT & SR37,39.11755374,-86.56705561
2013,6,7,Weekend,1700,1-Car,No injury,ROADWAY SURFACE CONDITION,ROCKPORT & SR37S,39.11744736,-86.56686323
2013,7,6,Weekday,600,1-Car,non-funcitonal,RAN OFF ROAD RIGHT,S GARRISON CHAPPEL RD,39.11739731,-86.6419754
2013,1,6,Weekday,900,2-Car,No injury,SPEED TOO FAST FOR WEATHER CONDITIONS,DANIELS WAY & ZENITH,39.11727061,-86.59829981
2013,11,2,Weekday,1100,2-Car,functional,FAILURE TO YIELD RIGHT OF WAY,GORDAN PIKE,39.11717606,-86.53736114
2013,9,7,Weekend,1800,2-Car,No injury,DRIVER DISTRACTED - EXPLAIN IN NARRATIVE,GORDON PIKE LOT 11 PIKE,39.117176,-86.537361
2013,2,5,Weekday,1300,1-Car,No injury,RAN OFF ROAD RIGHT,LEONARD SPRINGS RD & SIMS,39.11607599,-86.58258005
2013,12,5,Weekday,2300,1-Car,No injury,SPEED TOO FAST FOR WEATHER CONDITIONS,7TH & JORDAN AVE,39.11597216,-86.51615984
2013,4,2,Weekday,1800,2-Car,No injury,FAILURE TO YIELD RIGHT OF WAY,SR37S & THAT RD,39.115552,-86.564592
2013,4,2,Weekday,900,2-Car,functional,FOLLOWING TOO CLOSELY,SR37 & THAT RD,39.115552,-86.564592
2013,5,1,Weekend,1600,1-Car,No injury,SPEED TOO FAST FOR WEATHER CONDITIONS,SR37S & W THAT RD,39.115552,-86.564592
2013,11,6,Weekday,500,1-Car,No injury,ANIMAL/OBJECT IN ROADWAY,SR37S & THAT,39.115552,-86.564592
2013,11,6,Weekday,1700,2-Car,No injury,FAILURE TO YIELD RIGHT OF WAY,SR37S & THAT,39.115552,-86.564592
2013,12,6,Weekday,700,1-Car,No injury,ANIMAL/OBJECT IN ROADWAY,SR37S & THAT,39.115552,-86.564592
2013,7,6,Weekday,800,1-Car,No injury,ANIMAL/OBJECT IN ROADWAY,SR37 & TAPP,39.11545529,-86.5544281
2013,8,2,Weekday,1600,2-Car,No injury,UNSAFE LANE MOVEMENT,SR37 & THAT,39.11536877,-86.56469338
2013,10,2,Weekday,1700,2-Car,No injury,FOLLOWING TOO CLOSELY,DUNLAP & SR45W,39.11513138,-86.61884204
2013,7,7,Weekend,1600,2-Car,No injury,FOLLOWING TOO CLOSELY,DUNLAP & SR45W,39.11513138,-86.6188507
2013,3,5,Weekday,600,1-Car,functional,RAN OFF ROAD RIGHT,SR37S & THAT,39.11507327,-86.56396013
2013,9,4,Weekday,1500,2-Car,No injury,UNSAFE SPEED,SR45W & W DINSMORE,39.11504,-86.630992
2013,12,7,Weekend,1000,1-Car,No injury,ROADWAY SURFACE CONDITION,HUGHES & MOORES CREEK RD,39.11503024,-86.47097037
2013,11,6,Weekday,600,2-Car,No injury,SPEED TOO FAST FOR WEATHER CONDITIONS,PATRICIA & THAT RD,39.11501013,-86.57337002
2013,8,7,Weekend,1600,1-Car,functional,LEFT OF CENTER,DINSMORE & SR45W,39.11500139,-86.62746724
2013,5,6,Weekday,800,2-Car,No injury,OTHER (DRIVER) - EXPLAIN IN NARRATIVE,WALNUT ST & WINSLOW,39.11483868,-86.5311109
2013,1,5,Weekday,2100,1-Car,No injury,SPEED TOO FAST FOR WEATHER CONDITIONS,ROY BAILEY & THAT RD,39.11473989,-86.55655162
2013,8,3,Weekday,1400,2-Car,No injury,FAILURE TO YIELD RIGHT OF WAY,ROGERS & THAT RD,39.11462992,-86.53982028
2013,6,7,Weekend,2000,1-Car,non-funcitonal,ANIMAL/OBJECT IN ROADWAY,SR37S & THAT,39.11421156,-86.56282277
2013,8,4,Weekday,2200,1-Car,No injury,RAN OFF ROAD RIGHT,HOLLY & PINE GROVE RD,39.11377028,-86.42555393
2013,8,6,Weekday,800,1-Car,No injury,BRAKE FAILURE OR DEFECTIVE,HOLLY & PINEGROVE RD,39.11377028,-86.42562307
2013,8,4,Weekday,700,3+ Cars,No injury,FOLLOWING TOO CLOSELY,ISON & SR45N,39.11338048,-86.63700103
2013,11,1,Weekend,600,1-Car,No injury,ANIMAL/OBJECT IN ROADWAY,CROSSOVER & SR45W,39.11289707,-86.63531144
2013,9,2,Weekday,1500,Bus,No injury,IMPROPER TURNING,ELWREN & WEST ELWREN RD,39.11275756,-86.66818891
2013,1,5,Weekday,2200,1-Car,No injury,UNSAFE SPEED,GARRISON CHAPEL & SR45S,39.11249112,-86.635973
2013,11,3,Weekday,1000,2-Car,No injury,RAN OFF ROAD RIGHT,S ROGERS STREET ST,39.11194229,-86.54027557
2013,7,1,Weekend,1100,1-Car,No injury,ANIMAL/OBJECT IN ROADWAY,GARRISON CHAPEL & SR45W,39.11188918,-86.63693506
2013,6,5,Weekday,1400,2-Car,No injury,FAILURE TO YIELD RIGHT OF WAY,LIBERTY DR & WEST THIRD,39.11173798,-86.57913006
2013,3,7,Weekend,900,2-Car,No injury,IMPROPER LANE USAGE,COLLEGE AVE & THIRD,39.11172794,-86.53489977
2013,2,6,Weekday,1600,2-Car,No injury,UNSAFE LANE MOVEMENT,W CLEAR CREEK DR,39.11111623,-86.53511434
2013,7,5,Weekday,1700,2-Car,No injury,FAILURE TO YIELD RIGHT OF WAY,HARMONY & SR45W,39.111024,-86.638304
2013,12,2,Weekday,500,1-Car,No injury,ANIMAL/OBJECT IN ROADWAY,SOUTH HARMONY & SR45W,39.111024,-86.638304
2013,3,7,Weekend,700,1-Car,No injury,ANIMAL/OBJECT IN ROADWAY,OAK RIDGE & SR446S,39.11074582,-86.45161013
2013,4,5,Weekday,1500,2-Car,No injury,FOLLOWING TOO CLOSELY,PINEWOOD & WALNUT ST,39.11038877,-86.53143033
2013,6,7,Weekend,1500,2-Car,functional,RAN OFF ROAD RIGHT,4720 OLD STATE RD 37 RD & WAYSIDE,39.109248,-86.53128
2013,5,4,Weekday,1700,3+ Cars,No injury,FOLLOWING TOO CLOSELY,SOUTH & WALNUT ST,39.1090467,-86.526808
2013,10,3,Weekday,2300,1-Car,No injury,RAN OFF ROAD RIGHT,HARMONY & ISON RD,39.108848,-86.6384
2013,8,3,Weekday,1700,2-Car,No injury,UNSAFE BACKING,OLD STATE ROAD 37 SOUTH RD,39.10851331,-86.53132114
2013,3,7,Weekend,600,2-Car,No injury,FAILURE TO YIELD RIGHT OF WAY,HARRELL RD & SCHACHT,39.10844526,-86.49855535
2013,11,5,Weekday,2100,3+ Cars,functional,UNSAFE SPEED,ISON RD & TOWER,39.10791032,-86.61038987
2013,2,6,Weekday,1100,2-Car,functional,SPEED TOO FAST FOR WEATHER CONDITIONS,ELWREN & SR45,39.10781407,-86.64342778
2013,9,6,Weekday,700,Bus,No injury,UNSAFE BACKING,W CHURCH LN,39.10748823,-86.54649362
2013,6,7,Weekend,200,1-Car,functional,RAN OFF ROAD RIGHT,CHURCH LN & VICTOR,39.10748449,-86.54626781
2013,4,2,Weekday,700,Bus,No injury,FAILURE TO YIELD RIGHT OF WAY,WALNUT ST & WALNUT STREET,39.107344,-86.5264
2013,5,3,Weekday,1600,2-Car,No injury,FAILURE TO YIELD RIGHT OF WAY,WALNUT & WALNUT ST,39.107344,-86.5264
2013,11,4,Weekday,800,2-Car,No injury,FAILURE TO YIELD RIGHT OF WAY,S WALNUT ST & WALNUT,39.107344,-86.5264
2013,11,7,Weekend,900,2-Car,functional,FOLLOWING TOO CLOSELY,WALNUT & WALNUT STREET PIKE,39.107344,-86.5264
2013,2,4,Weekday,100,1-Car,No injury,RAN OFF ROAD RIGHT,CHURCH LN & COLLEGE,39.107328,-86.534992
2013,3,6,Weekday,1800,1-Car,No injury,RAN OFF ROAD RIGHT,CHURCH LN & WALNUT,39.10731014,-86.5281621
2013,11,2,Weekday,700,2-Car,No injury,UNSAFE BACKING,FAIRFAX & SOUTH OLD STATE ROAD 37 RD,39.10725988,-86.53149001
2013,10,3,Weekday,700,1-Car,non-funcitonal,RAN OFF ROAD RIGHT,FAIRFAX RD & S WALNUT ST,39.10715997,-86.52649684
2013,2,7,Weekend,1600,1-Car,No injury,RAN OFF ROAD RIGHT,FAIRFAX RD & WALNUT STREET,39.10715997,-86.52650982
2013,7,6,Weekday,1800,3+ Cars,No injury,UNSAFE LANE MOVEMENT,S FAIRFAX RD & S WALNUT STREET,39.10715997,-86.52655308
2013,1,5,Weekday,600,2-Car,No injury,ANIMAL/OBJECT IN ROADWAY,S ROCKPORT RD & W HENNESEY,39.10706061,-86.55672021
2013,1,5,Weekday,1800,2-Car,No injury,LEFT OF CENTER,E SCHACT & S FAIRFAX RD,39.10688974,-86.52378
2013,11,3,Weekday,1100,1-Car,No injury,OVERCORRECTING/OVERSTEERING,E SCHACT ROAD & S FAIRFAX ROAD RD,39.10688974,-86.52378
2013,4,7,Weekend,2000,2-Car,No injury,IMPROPER TURNING,W ARCH HAVEN BLVD,39.106512,-86.573504
2013,3,6,Weekday,900,2-Car,No injury,UNSAFE BACKING,S VICTOR PIKE,39.10649041,-86.55034722
2013,12,4,Weekday,400,3+ Cars,functional,FOLLOWING TOO CLOSELY,S VICTOR & SR37S,39.10611653,-86.55187435
2013,11,4,Weekday,1000,2-Car,No injury,ANIMAL/OBJECT IN ROADWAY,6100 SOUTH FAIRFAX RD & DILLMAN,39.10587248,-86.52253083
2013,2,5,Weekday,1800,2-Car,No injury,SPEED TOO FAST FOR WEATHER CONDITIONS,SR37 & VICTOR,39.10574018,-86.55136078
2013,5,6,Weekday,1100,1-Car,functional,OTHER (DRIVER) - EXPLAIN IN NARRATIVE,FAIRFAX RD & MARIE,39.10568006,-86.5224798
2013,4,7,Weekend,2100,2-Car,No injury,FAILURE TO YIELD RIGHT OF WAY,SR37 & VICTOR,39.10564948,-86.55126849
2013,4,3,Weekday,1600,2-Car,No injury,DISREGARD SIGNAL/REG SIGN,SR37 & VICTOR,39.10564948,-86.55126849
2013,4,3,Weekday,1700,2-Car,No injury,FOLLOWING TOO CLOSELY,SR37S & VICTOR,39.105552,-86.551104
2013,10,5,Weekday,700,2-Car,non-funcitonal,FAILURE TO YIELD RIGHT OF WAY,SR37S & VICTOR,39.105552,-86.551104
2013,12,6,Weekday,1500,2-Car,No injury,SPEED TOO FAST FOR WEATHER CONDITIONS,SR37N & VICTOR,39.105552,-86.551104
2013,9,1,Weekend,0,1-Car,No injury,ANIMAL/OBJECT IN ROADWAY,ISON RD & TOWER,39.104944,-86.61032
2013,6,5,Weekday,600,1-Car,No injury,ANIMAL/OBJECT IN ROADWAY,SR37S & TAPP,39.10488841,-86.5544281
2013,2,1,Weekend,700,2-Car,No injury,FOLLOWING TOO CLOSELY,GREEN COUNTY LINE & SR45W,39.10462952,-86.68247222
2013,7,2,Weekday,1600,1-Car,No injury,DRIVER ASLEEP OR FATIGUED,GREEN COUNTY LINE & SR45W,39.10462952,-86.68248956
2013,9,1,Weekend,1200,2-Car,functional,UNSAFE LANE MOVEMENT,PINE GROVE & SR446S,39.10371277,-86.43020291
2013,8,4,Weekday,1600,1-Car,No injury,IMPROPER TURNING,COMMERCIAL ST,39.1036731,-86.55181981
2013,12,6,Weekday,1800,1-Car,No injury,OTHER (ENVIRONMENTAL) - EXPLAIN IN NARR,SR37N & VICTOR PIKE,39.1035127,-86.54931096
2013,1,5,Weekday,1800,2-Car,No injury,ROADWAY SURFACE CONDITION,BRENNICK & SR45W,39.103302,-86.64743041
2013,7,2,Weekday,900,3+ Cars,non-funcitonal,LEFT OF CENTER,BRENNWICK ROAD & SR45W,39.10329819,-86.64743041
2013,7,2,Weekday,900,1-Car,No injury,RAN OFF ROAD RIGHT,BRENNICK ROAD & SR45W,39.10329819,-86.64743041
2013,10,1,Weekend,1100,3+ Cars,functional,FOLLOWING TOO CLOSELY,BRENNICK & SR7950S,39.10329819,-86.64743041
2013,11,1,Weekend,1200,1-Car,No injury,RAN OFF ROAD RIGHT,S STATE ROUTE 37 & VICTOR PIKE,39.10269217,-86.55683398
2013,2,2,Weekday,1300,1-Car,No injury,ANIMAL/OBJECT IN ROADWAY,HINDS & SR45W,39.10133773,-86.64986539
2013,5,5,Weekday,1800,Moped/Motorcycle,functional,RAN OFF ROAD RIGHT,MESSA & STIPP RD,39.10030022,-86.49100845
2013,12,7,Weekend,1300,2-Car,functional,LEFT OF CENTER,EAST MOFFET LANE RD & S FAIRFAX,39.09984,-86.5176
2013,3,3,Weekday,600,1-Car,No injury,SPEED TOO FAST FOR WEATHER CONDITIONS,OLD STATE 37 RD & ROGERS,39.099408,-86.537904
2013,3,3,Weekday,600,1-Car,functional,SPEED TOO FAST FOR WEATHER CONDITIONS,OLD STATE 37 RD & ROGERS,39.099408,-86.537904
2013,5,2,Weekday,1700,2-Car,No injury,FAILURE TO YIELD RIGHT OF WAY,HINDS RD & SR45W,39.099152,-86.652
2013,5,4,Weekday,700,2-Car,No injury,FAILURE TO YIELD RIGHT OF WAY,HINDS & SR45W,39.099152,-86.652
2013,6,1,Weekend,1600,1-Car,No injury,OTHER (ENVIRONMENTAL) - EXPLAIN IN NARR,EMPIRE MILL & S OLD ST RD 37 RD,39.09911173,-86.54225975
2013,1,4,Weekday,1400,2-Car,No injury,DRIVER DISTRACTED - EXPLAIN IN NARRATIVE,BOLIN & ROCKPORT RD,39.0978812,-86.57508999
2013,1,3,Weekday,700,2-Car,No injury,FOLLOWING TOO CLOSELY,FAIRFAX & OLD STATE ROAD 37 RD,39.09670092,-86.53149001
2013,9,1,Weekend,1400,2-Car,No injury,FOLLOWING TOO CLOSELY,S OLD 37 HWY & W CHURCH,39.09670092,-86.53149001
2013,4,7,Weekend,2000,1-Car,No injury,ANIMAL/OBJECT IN ROADWAY,HUNTINGTON DR & THORNTON,39.0964486,-86.52083024
2013,5,5,Weekday,600,1-Car,No injury,ANIMAL/OBJECT IN ROADWAY,FULLERTON & SR37S,39.09579253,-86.56779479
2013,12,2,Weekday,500,2-Car,No injury,ROADWAY SURFACE CONDITION,SR37N & WEST DILLMAN,39.09571236,-86.54595204
2013,12,2,Weekday,600,1-Car,No injury,ROADWAY SURFACE CONDITION,SR37N & W DILLMAN,39.09571236,-86.54595204
2013,2,2,Weekday,600,2-Car,functional,FAILURE TO YIELD RIGHT OF WAY,EMPIRE & OLD ST RD 37 RD,39.09541994,-86.54263995
2013,8,4,Weekday,800,1-Car,No injury,DRIVER DISTRACTED - EXPLAIN IN NARRATIVE,MAY & ROCKPORT RD,39.09535099,-86.58439683
2013,6,4,Weekday,900,2-Car,functional,DISREGARD SIGNAL/REG SIGN,SR37S & VICTOR,39.09431839,-86.55906677
2013,7,1,Weekend,1000,Moped/Motorcycle,functional,FOLLOWING TOO CLOSELY,SR37S & VICTOR,39.09431839,-86.55906677
2013,9,1,Weekend,1800,2-Car,No injury,FOLLOWING TOO CLOSELY,FISCUS & HANDY RD,39.09400279,-86.48905297
2013,10,5,Weekday,1400,2-Car,No injury,SPEED TOO FAST FOR WEATHER CONDITIONS,HINDS & SR45,39.09400177,-86.65358734
2013,7,2,Weekday,100,2-Car,No injury,UNSAFE BACKING,S HARMONY & W MAY RD,39.093744,-86.638304
2013,4,3,Weekday,1600,2-Car,No injury,FAILURE TO YIELD RIGHT OF WAY,SR45E,39.09357727,-86.66070073
2013,12,3,Weekday,1700,1-Car,No injury,RAN OFF ROAD RIGHT,WEST MAY RD,39.09336472,-86.63721466
2013,12,3,Weekday,400,1-Car,functional,ANIMAL/OBJECT IN ROADWAY,DILLMAN & SR37N,39.09324964,-86.5456784
2013,1,5,Weekday,1900,2-Car,No injury,FAILURE TO YIELD RIGHT OF WAY,DILLMAN & SR37S,39.09309006,-86.55418395
2013,6,7,Weekend,2000,1-Car,No injury,ANIMAL/OBJECT IN ROADWAY,PAYNETOWN & SR446S,39.09300355,-86.42329076
2013,7,4,Weekday,1900,2-Car,functional,FAILURE TO YIELD RIGHT OF WAY,DILLMAN & SR37S,39.092976,-86.545648
2013,6,2,Weekday,1900,2-Car,No injury,FAILURE TO YIELD RIGHT OF WAY,DILLMAN & WALNUT ST,39.09296938,-86.54417255
2013,8,6,Weekend,2000,2-Car,No injury,FAILURE TO YIELD RIGHT OF WAY,DILLMAN & SR37S,39.09296938,-86.54417255
2013,7,6,Weekend,2000,2-Car,No injury,FAILURE TO YIELD RIGHT OF WAY,DILLMAN RD & WALNUT,39.09296938,-86.54417255
2013,5,6,Weekday,900,2-Car,No injury,FAILURE TO YIELD RIGHT OF WAY,DILLMAN RD & OLD 37 SOUTH,39.09295969,-86.54416009
2013,6,4,Weekday,1600,2-Car,functional,FAILURE TO YIELD RIGHT OF WAY,DILLMAN & SOUTH OLD STATE ROAD 37 RD,39.092944,-86.544
2013,5,6,Weekend,2200,2-Car,functional,FAILURE TO YIELD RIGHT OF WAY,DILLMAN & OLD STATE ROAD 37 SOUTH RD,39.092944,-86.544
2013,12,6,Weekday,700,1-Car,No injury,ANIMAL/OBJECT IN ROADWAY,DILLMAN & FAIRFAX RD,39.09264,-86.51672
2013,1,3,Weekday,1700,1-Car,No injury,RAN OFF ROAD RIGHT,FAIRFAX RD & HUPP,39.09252898,-86.51706978
2013,9,3,Weekday,700,2-Car,No injury,FAILURE TO YIELD RIGHT OF WAY,E DILLMAN RD,39.09230804,-86.52320861
2013,12,6,Weekday,800,1-Car,No injury,RAN OFF ROAD RIGHT,RUSH RIDGE RD & SR446S,39.09225229,-86.42286855
2013,9,5,Weekday,800,2-Car,No injury,FOLLOWING TOO CLOSELY,ALLEN & PATTERSON ST,39.09219805,-86.54330983
2013,7,7,Weekend,2000,2-Car,No injury,FAILURE TO YIELD RIGHT OF WAY,PAYNETOWN & SR446S,39.092112,-86.422832
2013,12,1,Weekend,300,1-Car,functional,RAN OFF ROAD RIGHT,BURCH & SR45W,39.09171295,-86.66372607
2013,4,6,Weekday,1700,1-Car,functional,OVERCORRECTING/OVERSTEERING,2851 NORTH OLD SR 37 RD & CLUBHOUSE,39.09164213,-86.53674915
2013,6,4,Weekday,1600,2-Car,No injury,FAILURE TO YIELD RIGHT OF WAY,LIBERTY DR & W THIRD,39.09058909,-86.57913006
2013,11,7,Weekend,800,1-Car,No injury,ANIMAL/OBJECT IN ROADWAY,FULLERTON & SR37S,39.09052247,-86.57353973
2013,5,5,Weekday,1100,2-Car,No injury,OTHER (DRIVER) - EXPLAIN IN NARRATIVE,SR37S & VICTOR,39.0904007,-86.56349182
2013,8,4,Weekday,1300,2-Car,functional,FAILURE TO YIELD RIGHT OF WAY,SR45W & STANFORD,39.08993365,-86.66617511
2013,3,7,Weekend,0,1-Car,No injury,RAN OFF ROAD RIGHT,S HANDY RD,39.08984,-86.477104
2013,8,2,Weekday,1500,2-Car,No injury,UNSAFE BACKING,BURCH RD & SR45,39.08984,-86.666304
2013,8,6,Weekday,100,1-Car,No injury,ANIMAL/OBJECT IN ROADWAY,BIRCH & SR45,39.08982265,-86.66642368
2013,9,7,Weekend,1900,2-Car,No injury,WRONG WAY ON ONE WAY,PAYNETOWN RD,39.08946426,-86.42889643
2013,9,3,Weekday,1500,2-Car,No injury,FOLLOWING TOO CLOSELY,BURCH & SR45W,39.08942032,-86.66639709
2013,5,4,Weekday,1000,2-Car,No injury,FAILURE TO YIELD RIGHT OF WAY,S CENTER & W CENTER ST,39.08936855,-86.66519084
2013,2,2,Weekday,1400,2-Car,No injury,FOLLOWING TOO CLOSELY,LEONARD SPRINGS RD & STATE ROAD 45,39.0891086,-86.58259011
2013,11,3,Weekday,1800,3+ Cars,,LEFT OF CENTER,BREEDEN & SR45,39.0873344,-86.67042215
2013,12,1,Weekend,1100,1-Car,functional,ROADWAY SURFACE CONDITION,S BREEDEN & SR45W,39.0873344,-86.67042215
2013,9,1,Weekend,0,1-Car,No injury,RAN OFF ROAD RIGHT,BOLIN & ROCKPORT RD,39.08732335,-86.57508999
2013,8,4,Weekday,1800,1-Car,No injury,RAN OFF ROAD RIGHT,W SPARKS RD,39.08699417,-86.67037963
2013,1,5,Weekday,2100,2-Car,No injury,ROADWAY SURFACE CONDITION,BREEDEN & SR45W,39.086832,-86.671984
2013,7,3,Weekday,100,2-Car,functional,LEFT OF CENTER,BREEDEN & SR45W,39.08680743,-86.67480325
2013,12,7,Weekend,800,1-Car,No injury,RAN OFF ROAD RIGHT,8000 BLOCK WEST SR 45 RD & STANFORD,39.08680075,-86.67556892
2013,9,7,Weekend,1900,3+ Cars,No injury,FOLLOWING TOO CLOSELY,BREEDEN & SR45,39.08678588,-86.6772701
2013,12,7,Weekend,500,1-Car,No injury,OVERCORRECTING/OVERSTEERING,SR45W & STARKS,39.08671951,-86.66690856
2013,12,5,Weekday,1100,1-Car,non-funcitonal,RAN OFF ROAD RIGHT,COUNTY LINE & SR45W,39.086689,-86.68230542
2013,1,6,Weekday,800,2-Car,No injury,DISREGARD SIGNAL/REG SIGN,OLD STATE ROAD 37 & SR37S,39.085632,-86.542304
2013,10,5,Weekday,1700,2-Car,No injury,FOLLOWING TOO CLOSELY,OLD STATE ROAD 37 & SR37S,39.085632,-86.542304
2013,8,7,Weekend,1800,2-Car,No injury,UNSAFE SPEED,SR37 & WALNUT,39.08547972,-86.54257852
2013,7,4,Weekday,700,3+ Cars,functional,FOLLOWING TOO CLOSELY,OLD SR37S & SR37N,39.08547972,-86.54257852
2013,12,3,Weekday,1700,3+ Cars,No injury,FOLLOWING TOO CLOSELY,S OLD STATE ROAD 37 & SR37S,39.08506103,-86.54181459
2013,4,2,Weekday,1000,2-Car,No injury,FAILURE TO YIELD RIGHT OF WAY,BLOOMFIELD & SR37N,39.08487992,-86.5715332
2013,10,3,Weekday,1800,1-Car,No injury,UNSAFE SPEED,RUSH RIDGE & SR446S,39.08472,-86.420688
2013,5,2,Weekday,2100,1-Car,No injury,ANIMAL/OBJECT IN ROADWAY,SOUTH OLD STATE ROAD 37 & SR37S,39.08426168,-86.54112943
2013,11,6,Weekday,700,1-Car,No injury,DRIVER ASLEEP OR FATIGUED,DUVALL RD,39.08322144,-86.60568237
2013,9,4,Weekday,700,2-Car,No injury,FOLLOWING TOO CLOSELY,ROGERS & SARE RD,39.08312665,-86.4965301
2013,3,3,Weekday,2000,1-Car,No injury,ANIMAL/OBJECT IN ROADWAY,FAIRFAX RD & LEISURE,39.08302925,-86.50356017
2013,7,5,Weekday,200,1-Car,No injury,ANIMAL/OBJECT IN ROADWAY,37 & SR37S,39.08029605,-86.53782338
2013,11,5,Weekday,1800,1-Car,No injury,ANIMAL/OBJECT IN ROADWAY,E FLEENER RD & E HASH,39.08008467,-86.40091001
2013,11,3,Weekday,700,1-Car,No injury,ANIMAL/OBJECT IN ROADWAY,OLD STATE ROAD 37 & SR37S,39.07988537,-86.53748218