Year,Month,Day,Weekend?,Hour,Collision Type,Injury Type,Primary Factor,Reported_Location,Latitude,Longitude
2012,8,6,Weekend,1900,2-Car,No injury,UNSAFE BACKING,UNION & UNION ST,39.17586006,-86.50989018
2012,1,5,Weekday,800,Pedestrian,functional,FAILURE TO YIELD RIGHT OF WAY,14TH & MONROE ST,39.17583995,-86.5471702
2012,3,7,Weekend,0,3+ Cars,functional,OVERCORRECTING/OVERSTEERING,JORDAN AVE & LAW,39.17583846,-86.51357311
2012,12,6,Weekday,1800,2-Car,functional,FOLLOWING TOO CLOSELY,SR37N & VERNAL,39.17580534,-86.56344483
2012,11,5,Weekday,1800,1-Car,No injury,ANIMAL/OBJECT IN ROADWAY,BLUE RIDGE & WALNUT ST,39.17574371,-86.53452023
2012,8,7,Weekend,1400,2-Car,No injury,UNSAFE LANE MOVEMENT,14TH & WALNUT ST,39.17567738,-86.53344549
2012,3,3,Weekday,400,1-Car,No injury,SPEED TOO FAST FOR WEATHER CONDITIONS,DUNN & EAST 13TH ST,39.175552,-86.528192
2012,3,6,Weekday,100,1-Car,No injury,RAN OFF ROAD RIGHT,13TH & DUNN ST,39.175552,-86.528192
2012,8,1,Weekend,1300,1-Car,No injury,OTHER (DRIVER) - EXPLAIN IN NARRATIVE,13TH & DUNN ST,39.175552,-86.528192
2012,1,6,Weekday,1500,2-Car,No injury,FAILURE TO YIELD RIGHT OF WAY,13TH & INDIANA AVE,39.175504,-86.527104
2012,3,6,Weekday,1000,2-Car,No injury,FAILURE TO YIELD RIGHT OF WAY,E 13TH & N INDIANA AVE,39.175504,-86.527104
2012,2,5,Weekday,1300,2-Car,No injury,FAILURE TO YIELD RIGHT OF WAY,13TH & INDIANA AVE,39.175504,-86.527104
2012,3,6,Weekday,1800,2-Car,No injury,OVERCORRECTING/OVERSTEERING,13TH & INDIANA AVE,39.175504,-86.527104
2012,3,6,Weekday,1400,2-Car,No injury,FAILURE TO YIELD RIGHT OF WAY,13TH & INDIANA AVE,39.175504,-86.527104
2012,3,7,Weekend,0,2-Car,No injury,FAILURE TO YIELD RIGHT OF WAY,13TH & INDIANA AVE,39.175504,-86.527104
2012,11,1,Weekend,0,2-Car,No injury,DISREGARD SIGNAL/REG SIGN,13TH & INDIANA AVE,39.175504,-86.527104
2012,10,2,Weekday,1300,2-Car,No injury,UNSAFE BACKING,13TH ST & WOODBURN,39.17549998,-86.5360102
2012,10,6,Weekday,0,2-Car,No injury,UNSAFE BACKING,N JORDAN AVE,39.17542251,-86.51393703
2012,5,6,Weekday,1000,1-Car,functional,RAN OFF ROAD RIGHT,SR37N & VERNAL,39.17538323,-86.56356264
2012,3,1,Weekend,1700,2-Car,No injury,UNSAFE LANE MOVEMENT,E 13TH ST & N WOODLAWN,39.175344,-86.523488
2012,5,3,Weekday,1200,2-Car,No injury,OTHER (VEHICLE) - EXPLAIN IN NARRATIVE,EAST 13TH ST & WOODLAWN,39.175344,-86.523488
2012,12,5,Weekday,2300,1-Car,No injury,UNSAFE SPEED,13TH ST & DUNN,39.17532027,-86.52828267
2012,2,5,Weekday,900,1-Car,functional,SPEED TOO FAST FOR WEATHER CONDITIONS,13TH & DUNN ST,39.17532027,-86.52828007
2012,6,5,Weekday,1300,2-Car,No injury,VIEW OBSTRUCTED,INDUSTRIAL PARK DR,39.17530552,-86.56534686
2012,2,5,Weekday,100,1-Car,No injury,RAN OFF ROAD RIGHT,N COLLEGE AVE,39.17528784,-86.53474939
2012,9,3,Weekday,1400,2-Car,No injury,DISREGARD SIGNAL/REG SIGN,13TH & INDIANA AVE,39.1752398,-86.52699999
2012,10,7,Weekend,1200,2-Car,No injury,OTHER (DRIVER) - EXPLAIN IN NARRATIVE,13TH & INDIANA AVE,39.1752398,-86.52699999
2012,10,3,Weekday,1600,2-Car,No injury,FAILURE TO YIELD RIGHT OF WAY,13TH & INDIANA AVE,39.1752398,-86.52699999
2012,9,2,Weekday,1000,2-Car,No injury,FAILURE TO YIELD RIGHT OF WAY,THIRTEENTH ST & WALNUT,39.175232,-86.520976
2012,10,5,Weekday,1100,2-Car,No injury,FAILURE TO YIELD RIGHT OF WAY,E 13TH ST & WALNUT GROVE,39.175232,-86.520976
2012,8,3,Weekday,900,2-Car,No injury,OTHER (DRIVER) - EXPLAIN IN NARRATIVE,10TH ST & ROGERS,39.175152,-86.538512
2012,1,6,Weekend,2000,2-Car,No injury,OTHER (DRIVER) - EXPLAIN IN NARRATIVE,N FEE LN,39.175152,-86.518992
2012,4,3,Weekday,1100,Moped/Motorcycle,functional,UNSAFE SPEED,13TH & FEE LN,39.175152,-86.518992
2012,4,6,Weekday,1200,2-Car,functional,UNSAFE SPEED,13TH & FEE LN,39.175152,-86.518992
2012,9,1,Weekend,1300,2-Car,No injury,FAILURE TO YIELD RIGHT OF WAY,FEE & THIRTEENTH ST,39.175152,-86.518992
2012,10,6,Weekday,1800,2-Car,No injury,DISREGARD SIGNAL/REG SIGN,13TH ST & WALNUT GROVE,39.17512983,-86.52103006
2012,10,4,Weekday,1500,2-Car,No injury,DISREGARD SIGNAL/REG SIGN,13TH ST & WALNUT GROVE,39.17512983,-86.52103006
2012,12,7,Weekend,2000,2-Car,No injury,FAILURE TO YIELD RIGHT OF WAY,13TH & FEE LN,39.17510971,-86.51903986
2012,7,2,Weekday,2200,2-Car,No injury,IMPROPER TURNING,CRESCENT & W VERNAL PIKE,39.17504,-86.556496
2012,7,4,Weekday,1200,Moped/Motorcycle,non-funcitonal,RAN OFF ROAD RIGHT,E 10TH ST & RUSSELL,39.17489326,-86.48131836
2012,10,3,Weekday,1700,2-Car,No injury,FOLLOWING TOO CLOSELY,SR37N & VERNAL,39.17488201,-86.56475085
2012,1,4,Weekday,2200,2-Car,functional,FAILURE TO YIELD RIGHT OF WAY,JORDAN AVE & LAW,39.17476808,-86.51466999
2012,1,7,Weekend,800,1-Car,functional,SPEED TOO FAST FOR WEATHER CONDITIONS,SR37S & VERNAL PK,39.17469734,-86.56501204
2012,6,4,Weekday,1700,2-Car,No injury,DRIVER DISTRACTED - EXPLAIN IN NARRATIVE,SR37N & VERNAL,39.17469734,-86.56501204
2012,12,6,Weekday,1800,Bus,No injury,FOLLOWING TOO CLOSELY,SR37N & VERNAL,39.17469734,-86.56501204
2012,8,6,Weekday,200,1-Car,No injury,SPEED TOO FAST FOR WEATHER CONDITIONS,14TH & WALNUT ST,39.17457889,-86.53346746
2012,11,6,Weekday,1800,1-Car,No injury,OTHER (VEHICLE) - EXPLAIN IN NARRATIVE,12TH ST & GRANT,39.174448,-86.529696
2012,5,5,Weekday,1800,2-Car,No injury,OTHER (DRIVER) - EXPLAIN IN NARRATIVE,EAST 12TH ST,39.17443951,-86.52932669
2012,1,2,Weekday,100,1-Car,No injury,RAN OFF ROAD RIGHT,12TH & LINCOLN ST,39.174416,-86.530992
2012,2,7,Weekend,100,2-Car,No injury,UNSAFE BACKING,12TH & LINCOLN AVE,39.174416,-86.530992
2012,3,7,Weekend,0,2-Car,No injury,UNSAFE LANE MOVEMENT,12TH ST & LINCOLN,39.174416,-86.530992
2012,5,4,Weekday,700,Cyclist,functional,FAILURE TO YIELD RIGHT OF WAY,12TH ST & DUNN,39.174416,-86.528304
2012,5,7,Weekend,200,Moped/Motorcycle,functional,RAN OFF ROAD RIGHT,N MADISON ST & W 11TH,39.17441364,-86.53835177
2012,3,1,Weekend,200,1-Car,functional,OTHER (DRIVER) - EXPLAIN IN NARRATIVE,12TH ST & WASHINGTON,39.17439204,-86.53169495
2012,11,2,Weekday,1600,2-Car,No injury,IMPROPER TURNING,E LAW & N FOSTER DR,39.17438793,-86.5173362
2012,11,6,Weekday,0,2-Car,No injury,UNSAFE LANE MOVEMENT,12TH ST & WASHIGTON,39.17438015,-86.53229571
2012,3,1,Weekend,1500,2-Car,No injury,UNSAFE SPEED,E 12TH & N WASHINGTON ST,39.174368,-86.5324
2012,1,4,Weekday,1400,2-Car,No injury,FAILURE TO YIELD RIGHT OF WAY,EAST 12TH & INDIANA AVE,39.174368,-86.527088
2012,3,5,Weekday,1500,2-Car,No injury,FOLLOWING TOO CLOSELY,12TH & INDIANA AVE,39.174368,-86.527088
2012,3,2,Weekday,900,2-Car,No injury,FAILURE TO YIELD RIGHT OF WAY,12TH & INDIANA AVE,39.174368,-86.527088
2012,11,3,Weekday,1700,2-Car,functional,FAILURE TO YIELD RIGHT OF WAY,INDIANA & TWELVETH ST,39.17436283,-86.52699273
2012,12,2,Weekday,1300,2-Car,No injury,FAILURE TO YIELD RIGHT OF WAY,1500 BLK W 12TH ST & ILLINOIS,39.174352,-86.55101751
2012,5,1,Weekend,600,1-Car,functional,UNSAFE SPEED,N LINDBERGH & W 12TH ST,39.174352,-86.552592
2012,8,5,Weekday,1900,2-Car,No injury,IMPROPER TURNING,ILLINOIS & W 12TH ST,39.174352,-86.5504
2012,6,2,Weekday,1600,2-Car,functional,FAILURE TO YIELD RIGHT OF WAY,12TH & INDIANA AVE,39.17434998,-86.52698993
2012,8,4,Weekday,1900,Cyclist,functional,FAILURE TO YIELD RIGHT OF WAY,12TH ST & INDIANA,39.17434998,-86.52698993
2012,12,4,Weekday,700,2-Car,No injury,FAILURE TO YIELD RIGHT OF WAY,GORDON & WALNUT ST,39.17423385,-86.53134986
2012,5,6,Weekday,1300,Moped/Motorcycle,No injury,UNSAFE BACKING,12TH & PARK AVE,39.17419418,-86.52469993
2012,8,6,Weekday,1300,2-Car,No injury,UNSAFE SPEED,10TH & SR46E,39.17414769,-86.50355804
2012,12,4,Weekday,1200,2-Car,No injury,FAILURE TO YIELD RIGHT OF WAY,FEE LN & LAW,39.174048,-86.518896
2012,9,3,Weekday,1800,2-Car,No injury,FAILURE TO YIELD RIGHT OF WAY,FEE LN & LAW,39.17395972,-86.51891984
2012,11,6,Weekday,800,2-Car,No injury,FOLLOWING TOO CLOSELY,FEE LN & LAW,39.17395972,-86.51891984
2012,10,4,Weekday,1100,2-Car,No injury,UNSAFE BACKING,FEE & LAW LN,39.1739175,-86.51802993
2012,11,2,Weekday,1200,2-Car,No injury,UNSAFE BACKING,NORTH DUNN ST,39.17360768,-86.52824386
2012,1,6,Weekday,1300,2-Car,No injury,OTHER (DRIVER) - EXPLAIN IN NARRATIVE,JORDAN AVE & LAW,39.173552,-86.515488
2012,1,3,Weekday,1700,2-Car,No injury,FAILURE TO YIELD RIGHT OF WAY,E LAW & N JORDAN AVE,39.173552,-86.515488
2012,1,6,Weekend,2000,2-Car,No injury,OVERCORRECTING/OVERSTEERING,JORDAN & LAW LN,39.173552,-86.515488
2012,8,2,Weekday,1300,2-Car,No injury,FAILURE TO YIELD RIGHT OF WAY,JORDAN AVE & LAW,39.173552,-86.515488
2012,11,1,Weekend,1700,Bus,No injury,IMPROPER PASSING,JORDAN & LAW LN,39.173552,-86.515488
2012,12,3,Weekday,2200,2-Car,No injury,FAILURE TO YIELD RIGHT OF WAY,JORDAN AVE & LAW,39.173552,-86.515488
2012,10,3,Weekday,300,1-Car,No injury,RAN OFF ROAD RIGHT,11 ST,39.17351913,-86.53903198
2012,11,2,Weekday,900,2-Car,No injury,IMPROPER LANE USAGE,11TH ST & LINCOLN,39.17348027,-86.53100989
2012,9,6,Weekday,1600,2-Car,No injury,DISREGARD SIGNAL/REG SIGN,11TH ST & GRANT,39.17347021,-86.52973987
2012,4,5,Weekday,700,2-Car,No injury,UNSAFE BACKING,E UNIVERSITY RD & SR 45 46,39.1734577,-86.50320498
2012,8,7,Weekend,1000,2-Car,No injury,OTHER (DRIVER) - EXPLAIN IN NARRATIVE,300 E 11TH ST & N LINCOLN,39.17344,-86.530992
2012,8,1,Weekend,1300,2-Car,No injury,OTHER (DRIVER) - EXPLAIN IN NARRATIVE,11TH ST & GRANT,39.17344,-86.529696
2012,10,7,Weekend,1000,Pedestrian,non-funcitonal,PEDESTRIAN ACTION,E 11TH & N INDIANA AVE,39.17344,-86.527056
2012,2,6,Weekday,1300,2-Car,No injury,FAILURE TO YIELD RIGHT OF WAY,11TH ST & WOODLAWN,39.17344,-86.523616
2012,10,4,Weekday,1600,2-Car,No injury,FAILURE TO YIELD RIGHT OF WAY,11TH & WOODLAWN AVE,39.17344,-86.523616
2012,2,5,Weekday,900,2-Car,No injury,UNSAFE SPEED,E 11TH ST,39.17344,-86.522464
2012,8,3,Weekday,1600,2-Car,No injury,UNSAFE BACKING,E 11TH ST,39.17344,-86.52206074
2012,11,6,Weekday,1400,1-Car,No injury,FAILURE TO YIELD RIGHT OF WAY,11TH & WALNUT GRV,39.17344,-86.520944
2012,1,3,Weekday,1000,2-Car,No injury,FAILURE TO YIELD RIGHT OF WAY,EAST ELEVENTH & WOODLAWN AVE,39.17342157,-86.5235201
2012,11,5,Weekday,900,2-Car,No injury,FAILURE TO YIELD RIGHT OF WAY,E 11TH ST & N FORREST,39.17341992,-86.52241006
2012,2,7,Weekend,0,3+ Cars,No injury,SPEED TOO FAST FOR WEATHER CONDITIONS,JORDAN AVE & LAW,39.17340986,-86.51543967
2012,8,2,Weekday,1100,2-Car,No injury,FAILURE TO YIELD RIGHT OF WAY,VERNAL & W 11TH ST,39.173344,-86.555104
2012,12,7,Weekend,0,1-Car,No injury,SPEED TOO FAST FOR WEATHER CONDITIONS,11TH ST & VERNAL,39.173344,-86.555104
2012,1,2,Weekday,1500,2-Car,No injury,FOLLOWING TOO CLOSELY,11TH & N ADAMS ST,39.173344,-86.549792
2012,12,4,Weekday,1700,2-Car,functional,BRAKE FAILURE OR DEFECTIVE,ADAMS & W 11TH ST,39.173344,-86.549792
2012,5,7,Weekend,2100,Pedestrian,functional,UNSAFE BACKING,W 11TH ST,39.173344,-86.54734825
2012,6,2,Weekday,1700,Pedestrian,No injury,OTHER (DRIVER) - EXPLAIN IN NARRATIVE,11TH ST,39.173344,-86.547104
2012,9,3,Weekday,1600,2-Car,No injury,FAILURE TO YIELD RIGHT OF WAY,11TH ST & MONROE,39.173344,-86.547104
2012,8,6,Weekday,700,2-Car,No injury,FAILURE TO YIELD RIGHT OF WAY,11TH ST & MONROE,39.173344,-86.547104
2012,2,3,Weekday,700,2-Car,functional,FAILURE TO YIELD RIGHT OF WAY,11TH & FEE LN,39.1733407,-86.51893258
2012,10,5,Weekday,900,2-Car,No injury,FOLLOWING TOO CLOSELY,JONES & JORDAN AVE,39.17333111,-86.51640996
2012,2,2,Weekday,1900,Cyclist,functional,IMPROPER PASSING,11TH & FEE LN,39.17330743,-86.51891112
2012,2,2,Weekday,1600,Cyclist,functional,FAILURE TO YIELD RIGHT OF WAY,11TH & FEE LN,39.173287,-86.5189
2012,12,6,Weekday,1300,2-Car,functional,FAILURE TO YIELD RIGHT OF WAY,11TH & WALNUT ST,39.17327978,-86.53359018
2012,4,7,Weekend,900,1-Car,No injury,SPEED TOO FAST FOR WEATHER CONDITIONS,700 N WALNUT ST & W 11TH,39.173248,-86.533488
2012,8,6,Weekday,0,2-Car,No injury,IMPROPER TURNING,11TH & WALNUT ST,39.173248,-86.533488
2012,10,1,Weekend,100,2-Car,No injury,IMPROPER TURNING,11TH & WALNUT ST,39.173248,-86.533488
2012,10,7,Weekend,1500,2-Car,functional,FAILURE TO YIELD RIGHT OF WAY,11TH & WALNUT ST,39.173248,-86.533488
2012,8,4,Weekday,200,1-Car,functional,RAN OFF ROAD RIGHT,ELEVENTH & VERNAL PIKE,39.17323818,-86.55512325
2012,1,4,Weekday,1200,2-Car,functional,FOLLOWING TOO CLOSELY,N COLLEGE AVE & W 11TH,39.173232,-86.534752
2012,3,4,Weekday,2000,2-Car,No injury,FOLLOWING TOO CLOSELY,11TH & N COLLEGE AVE,39.173232,-86.534752
2012,4,5,Weekday,1200,2-Car,functional,FOLLOWING TOO CLOSELY,11TH & COLLEGE AVE,39.173232,-86.534752
2012,9,7,Weekend,1500,2-Car,No injury,FAILURE TO YIELD RIGHT OF WAY,11TH ST & COLLEGE,39.173232,-86.534752
2012,10,5,Weekday,1100,2-Car,No injury,FAILURE TO YIELD RIGHT OF WAY,N COLLEGE & W 11TH ST,39.173232,-86.534752
2012,12,4,Weekday,2100,2-Car,No injury,OTHER (DRIVER) - EXPLAIN IN NARRATIVE,11TH & COLLEGE AVE,39.173232,-86.534752
2012,10,5,Weekday,1600,2-Car,No injury,FAILURE TO YIELD RIGHT OF WAY,COLLEGE & W 11TH ST,39.17322748,-86.53510481
2012,5,6,Weekday,1200,2-Car,No injury,FAILURE TO YIELD RIGHT OF WAY,11TH ST & MORTON,39.17322053,-86.53564719
2012,10,4,Weekday,1200,2-Car,No injury,UNSAFE BACKING,W 11TH ST,39.17319967,-86.53691429
2012,5,3,Weekday,1500,2-Car,non-funcitonal,FOLLOWING TOO CLOSELY,11TH & ROGERS ST,39.173184,-86.538528
2012,5,2,Weekday,1300,1-Car,functional,UNSAFE SPEED,11TH ST & FAIRVIEW,39.173152,-86.5408
2012,1,1,Weekend,1400,2-Car,No injury,UNSAFE BACKING,E LAW LN,39.17302832,-86.51339918
2012,2,4,Weekday,1700,3+ Cars,No injury,UNSAFE BACKING,N FEE LN,39.17281455,-86.51879273
2012,1,7,Weekend,2100,1-Car,No injury,SPEED TOO FAST FOR WEATHER CONDITIONS,10 ST ST & SMITH RD,39.172752,-86.482288
2012,5,2,Weekday,500,1-Car,No injury,RAN OFF ROAD RIGHT,E 10TH ST & N SMITH,39.172752,-86.482288
2012,6,1,Weekend,1200,2-Car,functional,DISREGARD SIGNAL/REG SIGN,E 10TH ST & SMITH,39.172752,-86.482288
2012,8,7,Weekend,1100,2-Car,No injury,FAILURE TO YIELD RIGHT OF WAY,E 10TH ST & N SMITH,39.172752,-86.482288
2012,8,6,Weekday,1100,2-Car,No injury,FAILURE TO YIELD RIGHT OF WAY,E 10TH & E SMITH RD,39.172752,-86.482288
2012,10,3,Weekday,1600,2-Car,functional,SPEED TOO FAST FOR WEATHER CONDITIONS,E 10TH & N SMITH RD,39.172752,-86.482288
2012,8,6,Weekday,1500,1-Car,No injury,OTHER (DRIVER) - EXPLAIN IN NARRATIVE,EAST 10 TH ST & SMITH,39.1726803,-86.48266113
2012,9,7,Weekend,1600,2-Car,No injury,UNSAFE BACKING,COTTAGE GROVE AVE & PARK,39.17264,-86.52446357
2012,4,3,Weekday,1800,2-Car,non-funcitonal,FAILURE TO YIELD RIGHT OF WAY,E COTTAGE GROVE & N INDIANA AVE,39.17264,-86.52704
2012,4,5,Weekday,1700,2-Car,No injury,FAILURE TO YIELD RIGHT OF WAY,COTTAGE GROVE & INDIANA AVE,39.17264,-86.52704
2012,3,4,Weekday,1900,2-Car,functional,DISREGARD SIGNAL/REG SIGN,COTTAGE GROVE & WOODLAWN AVE,39.17264,-86.523584
2012,12,4,Weekday,1600,2-Car,No injury,IMPROPER PASSING,WHITEHALL CROSSING BLVD,39.17259598,-86.57152557
2012,10,6,Weekday,1700,2-Car,No injury,FAILURE TO YIELD RIGHT OF WAY,COTTAGE & INDIANA AVE,39.17256027,-86.52696982
2012,8,5,Weekday,1800,2-Car,No injury,FAILURE TO YIELD RIGHT OF WAY,COTTAGE GROVE & WOODLAWN AVE,39.1725301,-86.52351982
2012,10,3,Weekday,1600,2-Car,No injury,FAILURE TO YIELD RIGHT OF WAY,COTTAGE GROVE & WOODLAWN AVE,39.1725301,-86.52351982
2012,10,4,Weekday,1700,Moped/Motorcycle,functional,FAILURE TO YIELD RIGHT OF WAY,COTTAGE GROVE & WOODLAWN AVE,39.1725301,-86.52351982
2012,4,4,Weekday,1000,2-Car,No injury,OTHER (DRIVER) - EXPLAIN IN NARRATIVE,COTTAGE GROVE AVE & FORREST,39.17252004,-86.52240346
2012,1,3,Weekday,1600,2-Car,No injury,FOLLOWING TOO CLOSELY,COTTAGE GROVE & FORREST AVE,39.17252004,-86.5224
2012,11,6,Weekday,1000,2-Car,No injury,DRIVER DISTRACTED - EXPLAIN IN NARRATIVE,N COLLEGE AVE,39.17250318,-86.53475984
2012,4,3,Weekday,1000,2-Car,No injury,OVERCORRECTING/OVERSTEERING,N FEE LN,39.17250261,-86.51898354
2012,5,5,Weekday,1500,2-Car,No injury,OTHER (DRIVER) - EXPLAIN IN NARRATIVE,NORTH FEE LN,39.17250261,-86.51898354
2012,9,3,Weekday,1600,2-Car,No injury,IMPROPER LANE USAGE,N FEE LN,39.17250261,-86.51898354
2012,2,6,Weekday,200,1-Car,No injury,UNSAFE SPEED,LAW LN & UNION,39.17234033,-86.50966018
2012,1,2,Weekday,1600,2-Car,No injury,IMPROPER TURNING,E LAW LN & N UNION,39.17234033,-86.50963855
2012,10,4,Weekday,1300,2-Car,No injury,OTHER (DRIVER) - EXPLAIN IN NARRATIVE,10TH & 600 N INDIANA ST,39.17222927,-86.52703315
2012,1,6,Weekday,0,2-Car,No injury,UNSAFE BACKING,NORTH UNION ST,39.172144,-86.509392
2012,10,2,Weekday,0,2-Car,No injury,OTHER (DRIVER) - EXPLAIN IN NARRATIVE,N UNION ST,39.172144,-86.509392
2012,11,1,Weekend,900,2-Car,No injury,OTHER (DRIVER) - EXPLAIN IN NARRATIVE,N UNION ST,39.172144,-86.509392
2012,9,1,Weekend,1100,Pedestrian,functional,PEDESTRIAN ACTION,MONROE ST,39.17212343,-86.547104
2012,12,3,Weekday,2100,2-Car,No injury,FAILURE TO YIELD RIGHT OF WAY,NORTH RANGE RD,39.17209692,-86.4954552
2012,1,2,Weekday,1600,2-Car,No injury,ROADWAY SURFACE CONDITION,10TH & COLLEGE AVE,39.17201865,-86.53476505
2012,12,4,Weekday,1100,2-Car,No injury,UNSAFE BACKING,S ROGERS ST,39.17200261,-86.53854563
2012,3,3,Weekday,1300,2-Car,No injury,OTHER (DRIVER) - EXPLAIN IN NARRATIVE,N WOODBRIDGE DR,39.17197421,-86.49072378
2012,1,2,Weekday,1700,2-Car,No injury,FOLLOWING TOO CLOSELY,2ND & ROGERS ST,39.17197385,-86.53867028
2012,7,5,Weekday,1000,2-Car,functional,FOLLOWING TOO CLOSELY,SO ROGERS ST & W 2ND,39.17196569,-86.53866899
2012,8,2,Weekday,1600,2-Car,functional,FAILURE TO YIELD RIGHT OF WAY,CURRY PIKE & PROFILE,39.17196013,-86.5829797
2012,6,6,Weekday,1500,2-Car,No injury,FAILURE TO YIELD RIGHT OF WAY,WHITEHALL CROSSING AVE,39.17191721,-86.57243661
2012,1,4,Weekday,1500,2-Car,No injury,FOLLOWING TOO CLOSELY,10TH & SR46S,39.17189797,-86.5022422
2012,7,5,Weekday,1200,1-Car,No injury,OTHER (DRIVER) - EXPLAIN IN NARRATIVE,N COLLEGE AVE,39.17186547,-86.53476669
2012,7,2,Weekday,1800,2-Car,No injury,UNSAFE LANE MOVEMENT,JACOB & WHITEHALL CROSSING BLVD,39.17183004,-86.57166011
2012,6,2,Weekday,800,1-Car,No injury,IMPROPER TURNING,10TH & RANGE RD,39.17177865,-86.49531066
2012,9,5,Weekday,1800,2-Car,No injury,OTHER (DRIVER) - EXPLAIN IN NARRATIVE,NORTH WALNUT GRV,39.17174757,-86.5209335
2012,7,4,Weekday,300,1-Car,functional,UNSAFE SPEED,EAST 10TH ST,39.171744,-86.536
2012,8,1,Weekend,1500,2-Car,No injury,OTHER (DRIVER) - EXPLAIN IN NARRATIVE,E 10TH ST,39.171744,-86.53489371
2012,1,2,Weekday,1600,2-Car,No injury,SPEED TOO FAST FOR WEATHER CONDITIONS,10TH & NORTH COLLEGE AVE,39.171744,-86.534768
2012,4,1,Weekend,100,Cyclist,functional,FAILURE TO YIELD RIGHT OF WAY,10TH & COLLEGE AVE,39.171744,-86.534768
2012,7,5,Weekday,1700,2-Car,No injury,FAILURE TO YIELD RIGHT OF WAY,10TH & N COLLEGE AVE,39.171744,-86.534768
2012,7,4,Weekday,1900,2-Car,functional,DISREGARD SIGNAL/REG SIGN,10TH ST & COLLEGE,39.171744,-86.534768
2012,8,5,Weekday,600,2-Car,functional,FOLLOWING TOO CLOSELY,10TH & COLLEGE AVE,39.171744,-86.534768
2012,8,6,Weekday,0,2-Car,No injury,FAILURE TO YIELD RIGHT OF WAY,10TH & COLLEGE AVE,39.171744,-86.534768
2012,10,5,Weekday,2300,2-Car,No injury,FOLLOWING TOO CLOSELY,COLLEGE & W 10TH ST,39.171744,-86.534768
2012,10,6,Weekday,1000,2-Car,No injury,UNSAFE LANE MOVEMENT,N COLLEGE AVE & W 10TH,39.171744,-86.534768
2012,11,6,Weekday,300,Pedestrian,functional,FAILURE TO YIELD RIGHT OF WAY,10TH ST & COLLEGE,39.171744,-86.534768
2012,1,1,Weekend,0,2-Car,No injury,IMPROPER TURNING,10TH & WALNUT ST,39.171744,-86.53352
2012,4,1,Weekend,100,2-Car,No injury,IMPROPER TURNING,10TH & WALNUT ST,39.171744,-86.53352
2012,9,7,Weekend,1300,2-Car,No injury,DISREGARD SIGNAL/REG SIGN,10TH & WALNUT ST,39.171744,-86.53352
2012,10,2,Weekday,2000,Pedestrian,functional,FAILURE TO YIELD RIGHT OF WAY,E 10TH ST & WALNUT,39.171744,-86.53352
2012,9,3,Weekday,1900,2-Car,No injury,OTHER (DRIVER) - EXPLAIN IN NARRATIVE,E 10TH ST & WASHINGTON,39.171728,-86.5324
2012,10,2,Weekday,1200,2-Car,No injury,FAILURE TO YIELD RIGHT OF WAY,E 10TH ST & WASHINGTON,39.171728,-86.5324
2012,7,4,Weekday,900,2-Car,No injury,FAILURE TO YIELD RIGHT OF WAY,N JORDAN AVE,39.17172611,-86.51559859
2012,10,5,Weekday,1800,2-Car,No injury,FOLLOWING TOO CLOSELY,E 10TH ST & WASHINGTON,39.171726,-86.5322236
2012,3,3,Weekday,1400,Moped/Motorcycle,functional,FAILURE TO YIELD RIGHT OF WAY,10TH ST & LINCOLN,39.171712,-86.530992
2012,3,4,Weekday,1900,2-Car,No injury,DISREGARD SIGNAL/REG SIGN,10TH ST & LINCOLN,39.171712,-86.530992
2012,3,7,Weekend,1400,2-Car,No injury,FAILURE TO YIELD RIGHT OF WAY,10TH ST & LINCOLN,39.171712,-86.530992
2012,4,6,Weekday,1500,2-Car,functional,FAILURE TO YIELD RIGHT OF WAY,10TH & LINCOLN ST,39.171712,-86.530992
2012,4,4,Weekday,1700,2-Car,No injury,FAILURE TO YIELD RIGHT OF WAY,10TH ST & LINCOLN,39.171712,-86.530992
2012,6,6,Weekday,1700,2-Car,No injury,FAILURE TO YIELD RIGHT OF WAY,10TH ST & LINCOLN,39.171712,-86.530992
2012,11,4,Weekday,400,2-Car,No injury,DISREGARD SIGNAL/REG SIGN,EAST 10TH ST & LINCOLN,39.171712,-86.530992
2012,8,2,Weekday,700,1-Car,No injury,UNSAFE SPEED,SR37S & WHITEHALL CROSSING BLVD,39.17170543,-86.5696614
2012,7,4,Weekday,200,3+ Cars,functional,FAILURE TO YIELD RIGHT OF WAY,CURRY PIKE & SR48W,39.1717046,-86.58299109
2012,1,4,Weekday,800,2-Car,No injury,FAILURE TO YIELD RIGHT OF WAY,E 10TH ST & N GRANT,39.171696,-86.529696
2012,3,7,Weekend,1700,2-Car,No injury,FOLLOWING TOO CLOSELY,10TH ST & GRANT,39.171696,-86.529696
2012,9,6,Weekday,900,2-Car,No injury,LEFT OF CENTER,10TH & GRANT ST,39.171696,-86.529696
2012,7,4,Weekday,400,1-Car,No injury,RAN OFF ROAD RIGHT,N DANLIES WAY,39.17169459,-86.59827031