Year,Month,Day,Weekend?,Hour,Collision Type,Injury Type,Primary Factor,Reported_Location,Latitude,Longitude
2012,2,6,Weekday,900,2-Car,No injury,FAILURE TO YIELD RIGHT OF WAY,E 3RD ST & WILLIAMSBURG,39.16421995,-86.49657972
2012,4,4,Weekday,800,2-Car,No injury,FAILURE TO YIELD RIGHT OF WAY,E THIRD ST & WILLIAMSBURG,39.16421995,-86.49657972
2012,6,6,Weekday,1400,2-Car,No injury,FAILURE TO YIELD RIGHT OF WAY,E 3RD ST & S WILLIAMSBURG,39.16421995,-86.49657972
2012,8,4,Weekday,1800,2-Car,No injury,FAILURE TO YIELD RIGHT OF WAY,E 3RD ST & S WILLIAMSBURG,39.16421995,-86.49657972
2012,9,6,Weekend,2000,2-Car,No injury,FAILURE TO YIELD RIGHT OF WAY,3RD ST & WILLIAMSBURG,39.16421995,-86.49657972
2012,2,7,Weekend,1200,2-Car,No injury,FOLLOWING TOO CLOSELY,3RD ST & WILLIAMSBURG,39.16421995,-86.49657626
2012,8,2,Weekday,2300,2-Car,No injury,UNSAFE BACKING,3RD ST,39.1642186,-86.50438696
2012,6,2,Weekday,1100,2-Car,No injury,FAILURE TO YIELD RIGHT OF WAY,2813 E 3RD & WILLIAMSBURG DR,39.1642155,-86.49657913
2012,7,4,Weekday,1100,1-Car,No injury,OTHER (DRIVER) - EXPLAIN IN NARRATIVE,E THIRD ST,39.1642119,-86.5220949
2012,1,3,Weekday,1400,2-Car,No injury,FAILURE TO YIELD RIGHT OF WAY,3RD ST & PETE ELLIS,39.16420989,-86.49495966
2012,7,1,Weekend,1600,Moped/Motorcycle,functional,FOLLOWING TOO CLOSELY,3RD ST & PETE ELLIS,39.16420989,-86.49495966
2012,6,2,Weekday,1600,2-Car,No injury,FAILURE TO YIELD RIGHT OF WAY,3RD ST & KINGSTON,39.16420989,-86.49303987
2012,8,6,Weekday,1600,2-Car,No injury,DISREGARD SIGNAL/REG SIGN,3RD & KINGSTON DR,39.16420989,-86.49303987
2012,11,6,Weekday,1600,2-Car,No injury,FAILURE TO YIELD RIGHT OF WAY,3RD & KINGSTON DR,39.16420989,-86.49303987
2012,10,1,Weekday,2000,2-Car,No injury,FOLLOWING TOO CLOSELY,E 3RD ST & KINGSTON,39.16420989,-86.49303122
2012,6,6,Weekday,0,1-Car,non-funcitonal,RAN OFF ROAD RIGHT,3RD ST & REISNER,39.16420989,-86.48803892
2012,5,7,Weekend,900,2-Car,No injury,FAILURE TO YIELD RIGHT OF WAY,REISNER & SR46E,39.16420989,-86.48799135
2012,7,2,Weekday,1300,Cyclist,functional,FAILURE TO YIELD RIGHT OF WAY,3RD & SMITH RD,39.16420989,-86.48122005
2012,2,7,Weekend,1000,2-Car,No injury,SPEED TOO FAST FOR WEATHER CONDITIONS,KINGSTON & SR46,39.16419987,-86.49304909
2012,3,2,Weekday,1700,2-Car,No injury,FOLLOWING TOO CLOSELY,2ND & COLLEGE AVE,39.16418648,-86.53482028
2012,11,6,Weekend,2300,2-Car,No injury,DISREGARD SIGNAL/REG SIGN,8 & INDIANA AVE,39.164184,-86.526915
2012,11,6,Weekday,1300,2-Car,No injury,FAILURE TO YIELD RIGHT OF WAY,E THIRD ST,39.16417837,-86.49679496
2012,10,6,Weekday,1800,1-Car,No injury,OTHER (DRIVER) - EXPLAIN IN NARRATIVE,3RD & ROGERS ST,39.16417069,-86.538592
2012,8,6,Weekday,1200,2-Car,No injury,FAILURE TO YIELD RIGHT OF WAY,EAST THIRD ST,39.16416831,-86.49533383
2012,11,1,Weekend,1700,2-Car,No injury,IMPROPER TURNING,THIRD ST,39.16416496,-86.49338722
2012,12,6,Weekday,600,1-Car,No injury,OVERCORRECTING/OVERSTEERING,BLOOMFIELD & SR37N,39.16415523,-86.5715332
2012,12,5,Weekday,1200,2-Car,functional,UNSAFE BACKING,3RD & COLLEGE MALL RD,39.16410464,-86.49837029
2012,8,2,Weekday,1200,2-Car,No injury,UNSAFE BACKING,S FESS AVE,39.16406237,-86.52593381
2012,12,7,Weekend,1200,2-Car,No injury,OTHER (DRIVER) - EXPLAIN IN NARRATIVE,EAST THIRD ST,39.16398239,-86.51751708
2012,2,5,Weekday,1200,2-Car,No injury,OTHER (DRIVER) - EXPLAIN IN NARRATIVE,S WALNUT ST,39.16394514,-86.5336
2012,12,4,Weekday,0,2-Car,No injury,OTHER (ENVIRONMENTAL) - EXPLAIN IN NARR,S COLLEGE MALL RD,39.16387595,-86.49826213
2012,2,6,Weekday,300,1-Car,No injury,ANIMAL/OBJECT IN ROADWAY,CAVE & SR48W,39.16375183,-86.63254693
2012,4,2,Weekday,1500,3+ Cars,functional,DRIVER DISTRACTED - EXPLAIN IN NARRATIVE,PROSPECT & ROGERS ST,39.16372977,-86.53866022
2012,8,7,Weekend,1400,1-Car,No injury,RAN OFF ROAD RIGHT,GARRISON CHAPEL & SR48E,39.16368859,-86.64281076
2012,8,4,Weekday,2200,2-Car,No injury,UNSAFE LANE MOVEMENT,10TH & CAMPBELL DR,39.16365774,-86.51394031
2012,5,1,Weekend,1200,1-Car,non-funcitonal,RAN OFF ROAD RIGHT,SR37S & W 3RD,39.16365347,-86.57311806
2012,9,3,Weekday,1600,3+ Cars,functional,FOLLOWING TOO CLOSELY,ATWATER & JORDAN AVE,39.16364648,-86.51640498
2012,6,6,Weekend,2200,1-Car,No injury,ANIMAL/OBJECT IN ROADWAY,GARRISON CHAPPEL & SR48W,39.16363992,-86.64993202
2012,2,3,Weekday,100,1-Car,No injury,ANIMAL/OBJECT IN ROADWAY,GARRISON CHAPLE & SR48W,39.16363992,-86.64985404
2012,3,2,Weekday,1000,1-Car,No injury,CELL PHONE USAGE,GARRISON CHAPEL & SR48W,39.16363992,-86.64960275
2012,9,3,Weekday,1200,3+ Cars,No injury,FOLLOWING TOO CLOSELY,3000 W 3RD ST & RAMP12,39.16362,-86.49514
2012,4,1,Weekend,1700,Moped/Motorcycle,No injury,FOLLOWING TOO CLOSELY,BENDER & SR46E,39.1636198,-86.43828952
2012,1,6,Weekend,2000,2-Car,No injury,ROADWAY SURFACE CONDITION,BENDER & SR46E,39.1636198,-86.43815986
2012,4,3,Weekday,1800,1-Car,No injury,RAN OFF ROAD RIGHT,BENDER & SR46E,39.16361443,-86.4397635
2012,7,2,Weekday,1300,2-Car,No injury,UNSAFE BACKING,S SWAIN AVE,39.16360237,-86.51532769
2012,4,1,Weekend,900,Pedestrian,functional,OTHER (DRIVER) - EXPLAIN IN NARRATIVE,SARE RD & SOUTHERN OAKS,39.1635767,-86.5004602
2012,9,5,Weekday,1600,3+ Cars,No injury,FAILURE TO YIELD RIGHT OF WAY,7TH & JORDAN AVE,39.16356231,-86.51615984
2012,3,2,Weekday,600,Bus,No injury,UNSAFE BACKING,S VILLAGE CT & W BELLE,39.163552,-86.583792
2012,1,7,Weekend,1900,2-Car,non-funcitonal,ANIMAL/OBJECT IN ROADWAY,CAVE & SR48W,39.16345193,-86.63082546
2012,11,6,Weekday,400,1-Car,No injury,ANIMAL/OBJECT IN ROADWAY,CAVE & SR48W,39.16345193,-86.63082546
2012,1,2,Weekday,1300,2-Car,functional,FAILURE TO YIELD RIGHT OF WAY,3RD & PATTERSON ST,39.16344009,-86.551293
2012,3,2,Weekday,2000,2-Car,No injury,FAILURE TO YIELD RIGHT OF WAY,PATTERSON & W THIRD ST,39.16344009,-86.55128002
2012,5,1,Weekend,1000,Moped/Motorcycle,No injury,UNSAFE LANE MOVEMENT,3RD ST & PATTERSON,39.16344009,-86.55128002
2012,4,6,Weekday,800,Pedestrian,functional,FAILURE TO YIELD RIGHT OF WAY,3RD ST & PATTERSON,39.16344009,-86.55128002
2012,6,4,Weekday,1300,3+ Cars,No injury,FOLLOWING TOO CLOSELY,PATTERSON & W THIRD ST,39.16344009,-86.55128002
2012,9,3,Weekday,1300,2-Car,non-funcitonal,OTHER (DRIVER) - EXPLAIN IN NARRATIVE,S PATTERSON & W 3RD ST,39.16344009,-86.55128002
2012,9,2,Weekday,900,Cyclist,No injury,OTHER (DRIVER) - EXPLAIN IN NARRATIVE,3RD ST & PATTERSON,39.16344009,-86.55128002
2012,9,3,Weekday,1500,Moped/Motorcycle,functional,FAILURE TO YIELD RIGHT OF WAY,3RD & PATTERSON DR,39.16344009,-86.55128002
2012,9,3,Weekday,1200,2-Car,functional,FOLLOWING TOO CLOSELY,3RD ST & PATTERSON,39.16344009,-86.55128002
2012,10,6,Weekday,1700,2-Car,No injury,UNSAFE LANE MOVEMENT,3RD ST & PATTERSON,39.16344009,-86.55128002
2012,11,6,Weekday,1100,2-Car,functional,FOLLOWING TOO CLOSELY,PATTERSON & W 3RD ST,39.16344009,-86.55128002
2012,10,4,Weekday,1200,2-Car,No injury,FOLLOWING TOO CLOSELY,PATTERSON & W 3RD ST,39.16344009,-86.55126271
2012,9,7,Weekend,1300,1-Car,No injury,UNSAFE BACKING,PARKWAY DR,39.16344,-86.5888
2012,8,2,Weekday,2100,Moped/Motorcycle,functional,RAN OFF ROAD RIGHT,BELL AVE & HICKORY,39.16344,-86.58584
2012,12,1,Weekend,1000,2-Car,No injury,IMPROPER TURNING,BELLE & HICKORY DR,39.16344,-86.58584
2012,8,6,Weekday,1300,2-Car,No injury,FAILURE TO YIELD RIGHT OF WAY,CLARIZZ BLVD & WILMINGTON,39.16343004,-86.49082973
2012,2,3,Weekday,1800,2-Car,functional,FAILURE TO YIELD RIGHT OF WAY,ATWATER AVE & HENDERSON,39.163344,-86.5272
2012,3,4,Weekday,1400,2-Car,No injury,UNSAFE LANE MOVEMENT,E ATWATER AVE & S HENDERSON,39.163344,-86.5272
2012,10,4,Weekday,1500,2-Car,functional,DISREGARD SIGNAL/REG SIGN,E ATWATER AVE & HENDERSON,39.163344,-86.5272
2012,5,7,Weekend,800,2-Car,No injury,FAILURE TO YIELD RIGHT OF WAY,ATWATER AVE & FESS,39.163328,-86.525808
2012,5,4,Weekday,2200,2-Car,No injury,IMPROPER TURNING,E ATWATER AVE & FESS,39.163328,-86.525808
2012,2,2,Weekday,1400,2-Car,No injury,FOLLOWING TOO CLOSELY,E ATWATER AVE & S WOODLAWN,39.16328,-86.522592
2012,11,5,Weekday,1400,2-Car,No injury,UNSAFE LANE MOVEMENT,7TH & WALNUT ST,39.16326195,-86.53359018
2012,3,3,Weekday,800,1-Car,functional,OTHER (DRIVER) - EXPLAIN IN NARRATIVE,COLLEGE AVE & SMITH,39.16321865,-86.53482941
2012,3,7,Weekend,1100,3+ Cars,No injury,UNSAFE LANE MOVEMENT,ATWATER AVE & BALLANTINE,39.163216,-86.519024
2012,12,4,Weekday,1400,2-Car,No injury,FAILURE TO YIELD RIGHT OF WAY,E ATWATER AVE & S BALLANTINE,39.163216,-86.519024
2012,12,5,Weekday,2100,1-Car,No injury,ANIMAL/OBJECT IN ROADWAY,CAVE & SR48W,39.16320326,-86.62875739
2012,4,1,Weekday,1900,Moped/Motorcycle,No injury,OTHER (DRIVER) - EXPLAIN IN NARRATIVE,ATWATER AVE & HIGHLAND,39.1632,-86.517584
2012,10,3,Weekday,1700,2-Car,functional,FAILURE TO YIELD RIGHT OF WAY,E ATWATER AVE & S HIGHLAND,39.1632,-86.517584
2012,1,6,Weekend,2000,1-Car,functional,OTHER (ENVIRONMENTAL) - EXPLAIN IN NARR,CAVE & SR48W,39.16319044,-86.62884404
2012,6,6,Weekend,1900,2-Car,functional,DISREGARD SIGNAL/REG SIGN,E ATWATER AVE & S JORDAN,39.163168,-86.516384
2012,11,4,Weekday,1900,2-Car,functional,DISREGARD SIGNAL/REG SIGN,EAST ATWATER AVE & JORDAN,39.163168,-86.516384
2012,3,3,Weekday,1200,2-Car,No injury,UNSAFE BACKING,E ATWATER AVE,39.16315913,-86.52214653
2012,4,4,Weekday,2000,2-Car,No injury,OTHER (DRIVER) - EXPLAIN IN NARRATIVE,EAST ATWATER AVE,39.16315913,-86.52214653
2012,9,5,Weekday,1500,2-Car,No injury,UNSAFE BACKING,E ATWATER AVE,39.16315913,-86.52214653
2012,5,3,Weekday,1400,2-Car,non-funcitonal,FOLLOWING TOO CLOSELY,CAVE & SR48W,39.163152,-86.629104
2012,5,5,Weekday,1400,2-Car,No injury,FAILURE TO YIELD RIGHT OF WAY,ATWATER AVE & SWAIN,39.163152,-86.515168
2012,6,4,Weekday,900,1-Car,functional,ROADWAY SURFACE CONDITION,SOUTH CAVE & SR48W,39.16314974,-86.62921642
2012,3,6,Weekday,900,3+ Cars,No injury,OTHER (DRIVER) - EXPLAIN IN NARRATIVE,LANDMARK  AVE AVE,39.1631484,-86.55621595
2012,1,6,Weekday,1300,Bus,No injury,UNSAFE LANE MOVEMENT,ATWATER AVE & MITCHELL,39.16314127,-86.51444874
2012,2,7,Weekend,0,1-Car,No injury,RAN OFF ROAD RIGHT,ATWATER ST & HENDERSON,39.16313969,-86.52727022
2012,6,6,Weekday,900,2-Car,functional,OTHER (DRIVER) - EXPLAIN IN NARRATIVE,ATWATER AVE & HENDERSON,39.16313969,-86.52727022
2012,7,3,Weekday,900,2-Car,functional,DISREGARD SIGNAL/REG SIGN,ATWATER AVE & HENDERSON,39.16313969,-86.52727022
2012,7,5,Weekday,1600,2-Car,No injury,DISREGARD SIGNAL/REG SIGN,E ATWATER AVE & S HENDERSON,39.16313969,-86.52727022
2012,11,7,Weekend,1400,2-Car,non-funcitonal,FAILURE TO YIELD RIGHT OF WAY,ATWATER AVE & HENDERSON,39.16313969,-86.52727022
2012,7,5,Weekday,300,2-Car,functional,FOLLOWING TOO CLOSELY,E ATWATER & S HENDERSON ST,39.16313803,-86.52726846
2012,11,2,Weekday,100,2-Car,No injury,OTHER (DRIVER) - EXPLAIN IN NARRATIVE,WALKER ST,39.163136,-86.546224
2012,8,1,Weekend,1000,2-Car,No injury,DISREGARD SIGNAL/REG SIGN,E ATWATER ST & SO MITCHELL,39.163136,-86.514096
2012,1,3,Weekday,1100,2-Car,No injury,UNSAFE BACKING,925 EAST ATWATER (PARK GARAGE) AVE & WOODLAWN,39.16312164,-86.52262999
2012,10,6,Weekday,1100,3+ Cars,No injury,UNSAFE SPEED,ATWATER AVE & FESS,39.16312024,-86.52590721
2012,9,7,Weekend,1700,3+ Cars,No injury,FOLLOWING TOO CLOSELY,ATWATER AVE & FESS,39.16312024,-86.52590245
2012,9,7,Weekend,1700,2-Car,No injury,FOLLOWING TOO CLOSELY,ATWATER AVE & FESS,39.16312024,-86.52590245
2012,6,6,Weekday,1400,2-Car,functional,FAILURE TO YIELD RIGHT OF WAY,ATWATER ST & FESS,39.16312024,-86.52590028
2012,8,7,Weekend,2300,2-Car,No injury,FAILURE TO YIELD RIGHT OF WAY,ATWATER & FESS ST,39.16312024,-86.52590028
2012,8,3,Weekday,1000,3+ Cars,No injury,FOLLOWING TOO CLOSELY,ATWATER AVE & WOODLAWN,39.16312024,-86.52261994
2012,10,2,Weekday,1800,2-Car,No injury,FOLLOWING TOO CLOSELY,ATWATER AVE & WOODLAWN,39.16312024,-86.52261994
2012,10,1,Weekend,100,2-Car,functional,FAILURE TO YIELD RIGHT OF WAY,ATWATER AVE & WOODLAWN,39.16312024,-86.52261994
2012,11,3,Weekday,900,2-Car,No injury,FOLLOWING TOO CLOSELY,ATWATER AVE & PARK,39.16311791,-86.52403493
2012,2,4,Weekday,1600,2-Car,No injury,SPEED TOO FAST FOR WEATHER CONDITIONS,ATWATER AVE & PARK,39.16311018,-86.52403011
2012,11,6,Weekday,1400,3+ Cars,functional,FOLLOWING TOO CLOSELY,ATWATER AVE & FACULTY,39.16310012,-86.52106456
2012,2,3,Weekday,1000,Moped/Motorcycle,non-funcitonal,IMPROPER TURNING,ATWATER AVE & HAWTHORNE,39.16309007,-86.52020998
2012,3,5,Weekday,1200,2-Car,No injury,FAILURE TO YIELD RIGHT OF WAY,ATWATER AVE & HAWTHORNE,39.16309007,-86.52020998
2012,6,1,Weekend,1800,2-Car,No injury,FAILURE TO YIELD RIGHT OF WAY,ATWATER AVE & HAWTHORNE,39.16309007,-86.52020998
2012,10,7,Weekend,1000,2-Car,No injury,FAILURE TO YIELD RIGHT OF WAY,E ATWATER AVE & S HAWTHORNE,39.16309007,-86.52020998
2012,11,4,Weekday,1900,2-Car,No injury,UNSAFE LANE MOVEMENT,ATWATER AVE & HAWTHORNE,39.16309007,-86.52020998
2012,10,3,Weekday,1300,2-Car,functional,FAILURE TO YIELD RIGHT OF WAY,ATWATER AVE & CLIFTON,39.16309007,-86.5096803
2012,3,2,Weekday,300,1-Car,No injury,ANIMAL/OBJECT IN ROADWAY,ATWATER AVE & ROSE,39.1630837,-86.51055924
2012,1,1,Weekend,1600,2-Car,No injury,IMPROPER TURNING,ATWATER AVE & SWAIN,39.16308001,-86.51527002
2012,12,5,Weekday,1800,1-Car,No injury,RAN OFF ROAD RIGHT,ATWATER & SWAIN AVE,39.16308001,-86.51527002
2012,1,1,Weekend,1500,2-Car,No injury,FAILURE TO YIELD RIGHT OF WAY,ATWATER AVE & HIGH,39.16308001,-86.50846995
2012,9,5,Weekday,1700,Bus,No injury,OVERCORRECTING/OVERSTEERING,ATWATER AVE & JORDAN,39.16307054,-86.51639895
2012,3,5,Weekday,2200,2-Car,No injury,IMPROPER TURNING,E ATWATER AVE & S BALLANTINE,39.16306014,-86.51913137
2012,1,3,Weekday,1800,2-Car,No injury,FAILURE TO YIELD RIGHT OF WAY,ATWATER AVE & HIGHLAND,39.16305989,-86.51773028
2012,4,4,Weekday,1800,2-Car,No injury,DISREGARD SIGNAL/REG SIGN,ATWATER AVE & JORDAN AVE,39.16304983,-86.51638984
2012,5,3,Weekday,1900,Cyclist,functional,BRAKE FAILURE OR DEFECTIVE,ATWATER AVE & JORDAN,39.16304983,-86.51638984
2012,6,5,Weekday,1400,2-Car,No injury,IMPROPER TURNING,ATWATER AVE & JORDAN,39.16304983,-86.51638984
2012,7,5,Weekday,1500,2-Car,functional,DRIVER DISTRACTED - EXPLAIN IN NARRATIVE,ATWATER & S HIGH ST,39.16304,-86.508288
2012,5,1,Weekend,1400,2-Car,functional,FOLLOWING TOO CLOSELY,COLLEGE MALL RD & DRIVE TO COLLEGE MALL,39.16303569,-86.498065
2012,9,5,Weekday,1600,2-Car,functional,OTHER (DRIVER) - EXPLAIN IN NARRATIVE,ATWATER & JORDAN AVE,39.16303068,-86.51638163
2012,11,5,Weekday,600,1-Car,non-funcitonal,OVERCORRECTING/OVERSTEERING,GETTEYS & SR46E,39.16301027,-86.41432727
2012,11,5,Weekday,1800,1-Car,No injury,ANIMAL/OBJECT IN ROADWAY,MOUNT GILEAD & SR46,39.16297065,-86.41444359
2012,2,7,Weekend,2200,1-Car,functional,RAN OFF ROAD RIGHT,HAGAN & SMITH RD,39.16294992,-86.48080028
2012,1,4,Weekday,1100,2-Car,No injury,IMPROPER TURNING,S COLLEGE AVE & W SMITH,39.162944,-86.534832
2012,5,1,Weekend,1200,2-Car,No injury,IMPROPER TURNING,COLLEGE AVE & SMITH,39.162944,-86.534832
2012,3,4,Weekday,1300,2-Car,No injury,UNSAFE BACKING,400 S COLLEGE AVE AVE,39.162944,-86.534832
2012,10,5,Weekday,1200,2-Car,No injury,IMPROPER TURNING,COLLEGE AVE & SMITH,39.162944,-86.534832
2012,3,6,Weekday,1700,Cyclist,No injury,UNSAFE BACKING,SMITH AVE & WALNUT,39.16287501,-86.53395109
2012,4,2,Weekday,1600,2-Car,No injury,FAILURE TO YIELD RIGHT OF WAY,ROGERS ST & SMITH,39.16287012,-86.53867028
2012,10,6,Weekend,2100,2-Car,No injury,UNSAFE BACKING,COLLEGE & SMITH AVE,39.16285001,-86.53494
2012,3,1,Weekend,1600,2-Car,functional,FAILURE TO YIELD RIGHT OF WAY,SMITH AVE & WALNUT,39.162848,-86.53218878
2012,5,3,Weekday,1300,2-Car,No injury,FAILURE TO YIELD RIGHT OF WAY,E SMITH & WALNUT ST,39.162848,-86.5336
2012,5,6,Weekday,1600,Cyclist,functional,FAILURE TO YIELD RIGHT OF WAY,SMITH & WASHINGTON ST,39.162848,-86.5324
2012,1,7,Weekend,2000,2-Car,No injury,ROADWAY SURFACE CONDITION,DUNN & SMITH AVE,39.162848,-86.52945841
2012,1,1,Weekend,800,2-Car,No injury,ROADWAY SURFACE CONDITION,DUNN & SMITH AVE,39.162848,-86.52945841
2012,7,2,Weekday,1900,2-Car,functional,DISREGARD SIGNAL/REG SIGN,DUNN ST & SMITH,39.162848,-86.5284
2012,1,7,Weekend,1400,1-Car,No injury,SPEED TOO FAST FOR WEATHER CONDITIONS,S HENDERSON ST,39.162848,-86.527184
2012,10,3,Weekday,1000,2-Car,No injury,IMPROPER TURNING,S HENDERSON ST & SMITH,39.162848,-86.527184
2012,10,2,Weekday,2200,2-Car,No injury,UNSAFE BACKING,JORDAN & LAW AVE,39.16283304,-86.51543967
2012,4,2,Weekday,1700,2-Car,No injury,FAILURE TO YIELD RIGHT OF WAY,LINCOLN ST & SMITH,39.16282989,-86.53117015
2012,5,3,Weekday,1100,Cyclist,functional,FAILURE TO YIELD RIGHT OF WAY,E SMITH AVE & SO DUNN,39.16280611,-86.52841933
2012,9,2,Weekday,2100,3+ Cars,No injury,OTHER (VEHICLE) - EXPLAIN IN NARRATIVE,S LINCOLN ST,39.1627618,-86.53104098
2012,10,3,Weekday,2200,1-Car,functional,UNSAFE SPEED,PARKRIDGE RD,39.16273117,-86.47593688
2012,7,3,Weekday,2200,1-Car,No injury,ANIMAL/OBJECT IN ROADWAY,N LOWER BIRDLE GALYAN & SR46E,39.16268975,-86.4133501
2012,4,3,Weekday,2100,2-Car,functional,FAILURE TO YIELD RIGHT OF WAY,WALNUT ST,39.16267559,-86.5336
2012,7,2,Weekday,2300,1-Car,No injury,RAN OFF ROAD RIGHT,SOUTH ADAMS ST & SOUTH PATTERSON,39.16267307,-86.55049987
2012,1,5,Weekday,1200,2-Car,No injury,FOLLOWING TOO CLOSELY,S ADAMS & S PATTERSON DR,39.16267307,-86.55049554
2012,1,1,Weekend,1200,2-Car,No injury,IMPROPER LANE USAGE,COLLEGE AVE & SMITH,39.16266935,-86.53483492
2012,4,2,Weekday,900,1-Car,functional,RAN OFF ROAD RIGHT,LANDMARD AVE,39.16266024,-86.55622668
2012,3,5,Weekday,2100,2-Car,No injury,IMPROPER PASSING,BIRDIE GALYAN & SR46E,39.162656,-86.413296
2012,5,7,Weekend,1300,2-Car,No injury,OTHER (VEHICLE) - EXPLAIN IN NARRATIVE,PARKRIDGE RD,39.16262671,-86.47631965
2012,10,3,Weekday,1400,2-Car,No injury,OTHER (DRIVER) - EXPLAIN IN NARRATIVE,S WOODSCREST DR,39.16260391,-86.50247789
2012,1,1,Weekend,0,2-Car,No injury,ROADWAY SURFACE CONDITION,S GRANT ST,39.16256065,-86.52974727
2012,12,1,Weekday,2100,2-Car,No injury,OTHER (DRIVER) - EXPLAIN IN NARRATIVE,PARK RIDGE RD RD,39.16255295,-86.47619962
2012,3,5,Weekday,1400,2-Car,No injury,FOLLOWING TOO CLOSELY,AMARYLLIS & KINSER PIKE,39.16248064,-86.53776973
2012,5,6,Weekday,0,2-Car,No injury,UNSAFE BACKING,S WASHINGTON ST,39.16244571,-86.5324
2012,5,6,Weekday,1500,2-Car,No injury,UNSAFE BACKING,S WASHINGTON ST,39.16244571,-86.5324
2012,6,5,Weekday,1500,3+ Cars,No injury,FOLLOWING TOO CLOSELY,S ROGERS ST & W HOWE,39.1624,-86.538592
2012,7,2,Weekday,1600,2-Car,No injury,FOLLOWING TOO CLOSELY,S ROGERS ST & W HOWE,39.1624,-86.538592
2012,7,6,Weekday,800,2-Car,No injury,OTHER (DRIVER) - EXPLAIN IN NARRATIVE,S HENDERSON ST,39.162392,-86.527172
2012,11,3,Weekday,1000,1-Car,No injury,RAN OFF ROAD RIGHT,S LANDMARK AVE,39.16237861,-86.5559256
2012,11,3,Weekday,1600,2-Car,No injury,UNSAFE LANE MOVEMENT,6TH & COLLEGE AVE,39.1622824,-86.5348602
2012,3,4,Weekday,1200,2-Car,No injury,UNSAFE BACKING,S LANDMARK AVE,39.16228071,-86.55596919
2012,4,6,Weekday,1400,2-Car,No injury,UNSAFE BACKING,S LANDMARK AVE,39.16228071,-86.55596919
2012,9,6,Weekend,2000,2-Car,No injury,FAILURE TO YIELD RIGHT OF WAY,S HENDERSON ST,39.16226959,-86.52758026
2012,9,3,Weekday,2000,2-Car,No injury,IMPROPER TURNING,HENDERSON ST & HUNTER,39.16225992,-86.52724005
2012,12,2,Weekday,1000,2-Car,No injury,FOLLOWING TOO CLOSELY,E MULLER PKWY,39.162254,-86.589249
2012,5,6,Weekday,1000,2-Car,functional,FAILURE TO YIELD RIGHT OF WAY,HUNTER AVE & PARK,39.16224,-86.5237034
2012,4,2,Weekday,1700,2-Car,functional,FAILURE TO YIELD RIGHT OF WAY,FESS AVE & HUNTER,39.16224,-86.525824
2012,4,2,Weekday,800,2-Car,No injury,FAILURE TO YIELD RIGHT OF WAY,HUNTER & WOODLAWN AVE,39.16224,-86.522576
2012,11,6,Weekday,800,2-Car,No injury,FAILURE TO YIELD RIGHT OF WAY,HAWTHORNE DR & HUNTER,39.16224,-86.52016
2012,3,5,Weekday,1500,2-Car,No injury,FAILURE TO YIELD RIGHT OF WAY,HIGHLAND AVE & HUNTER,39.16224,-86.5176
2012,4,7,Weekend,1200,2-Car,No injury,FAILURE TO YIELD RIGHT OF WAY,E HUNTER AVE & SO JORDAN,39.16224,-86.516368
2012,4,6,Weekday,1800,2-Car,No injury,FAILURE TO YIELD RIGHT OF WAY,HUNTER AVE & JORDAN,39.16224,-86.516368
2012,12,5,Weekday,1300,2-Car,No injury,OTHER (DRIVER) - EXPLAIN IN NARRATIVE,HUNTER & WOODLAWN AVE,39.16222595,-86.52261675
2012,11,5,Weekday,1100,2-Car,No injury,OTHER LIGHTS DEFECTIVE,CURRY & SR46W,39.16222,-86.58271026
2012,2,6,Weekday,1300,2-Car,functional,FAILURE TO YIELD RIGHT OF WAY,HUNTER AVE & PARK,39.16221969,-86.52402006
2012,1,6,Weekday,1600,2-Car,No injury,FAILURE TO YIELD RIGHT OF WAY,HUNTER AVE & PARK,39.1622144,-86.52401608
2012,1,1,Weekend,1200,2-Car,No injury,OTHER (DRIVER) - EXPLAIN IN NARRATIVE,1325 E HUNTER AVE & JORDAN,39.16218195,-86.51637282
2012,7,2,Weekday,1200,2-Car,No injury,FAILURE TO YIELD RIGHT OF WAY,2ND & COLLEGE AVE,39.16212662,-86.5348407
2012,8,3,Weekday,1700,Cyclist,functional,FAILURE TO YIELD RIGHT OF WAY,S HIGH ST,39.16211951,-86.508288
2012,10,3,Weekday,2200,2-Car,No injury,FAILURE TO YIELD RIGHT OF WAY,FESS AVE & HUNTER,39.16203403,-86.52582812
2012,12,6,Weekday,200,1-Car,No injury,RAN OFF ROAD RIGHT,SR37N & W 3RD,39.16200597,-86.57316611
2012,7,5,Weekday,1000,1-Car,No injury,OTHER (DRIVER) - EXPLAIN IN NARRATIVE,2ND & S COLLEGE AVE,39.16198929,-86.53484216
2012,10,3,Weekday,1200,2-Car,No injury,IMPROPER LANE USAGE,2ND & COLLEGE AVE,39.16198929,-86.53484216
2012,3,5,Weekday,1400,2-Car,No injury,OTHER (DRIVER) - EXPLAIN IN NARRATIVE,S COLLEGE MALL RD,39.16191346,-86.49789927